-- phpMyAdmin SQL Dump
-- version 4.5.1
-- http://www.phpmyadmin.net
--
-- Host: 127.0.0.1
-- Generation Time: Sep 23, 2016 at 04:39 PM
-- Server version: 10.1.16-MariaDB
-- PHP Version: 5.6.24

SET SQL_MODE = "NO_AUTO_VALUE_ON_ZERO";
SET time_zone = "+00:00";


/*!40101 SET @OLD_CHARACTER_SET_CLIENT=@@CHARACTER_SET_CLIENT */;
/*!40101 SET @OLD_CHARACTER_SET_RESULTS=@@CHARACTER_SET_RESULTS */;
/*!40101 SET @OLD_COLLATION_CONNECTION=@@COLLATION_CONNECTION */;
/*!40101 SET NAMES utf8mb4 */;

--
-- Database: `shuleapi`
--

-- --------------------------------------------------------

--
-- Table structure for table `council`
--

CREATE TABLE `council` (
  `id` int(11) NOT NULL,
  `name` varchar(255) NOT NULL,
  `region_id` int(11) NOT NULL,
  `status` int(11) NOT NULL DEFAULT '1'
) ENGINE=InnoDB DEFAULT CHARSET=latin1 COMMENT='Councils';

--
-- Dumping data for table `council`
--

INSERT INTO `council` (`id`, `name`, `region_id`, `status`) VALUES
(1, 'name', 0, 0),
(2, 'Arusha', 6, 0),
(3, 'Arusha CC', 6, 0),
(4, 'Karatu', 6, 0),
(5, 'Longido', 6, 0),
(6, 'Meru', 6, 0),
(7, 'Monduli', 6, 0),
(8, 'Ngorongoro', 6, 0),
(9, 'Ilala MC', 6, 0),
(10, 'Kinondoni MC', 6, 0),
(11, 'Temeke MC', 6, 0),
(12, 'Bahi', 6, 0),
(13, 'Chamwino', 6, 0),
(14, 'Chemba', 6, 0),
(15, 'Dodoma MC', 6, 0),
(16, 'Kondoa', 6, 0),
(17, 'Kondoa TC', 6, 0),
(18, 'Kongwa', 6, 0),
(19, 'Mpwapwa', 6, 0),
(20, 'Bukombe', 6, 0),
(21, 'Chato', 6, 0),
(22, 'Geita', 6, 0),
(23, 'Geita TC', 6, 0),
(24, 'Mbogwe', 6, 0),
(25, 'Nyang''hwale', 6, 0),
(26, 'Iringa', 6, 0),
(27, 'Iringa MC', 6, 0),
(28, 'Kilolo', 6, 0),
(29, 'Mafinga TC', 6, 0),
(30, 'Mufindi', 6, 0),
(31, 'Biharamulo', 6, 0),
(32, 'Bukoba', 6, 0),
(33, 'Bukoba MC', 6, 0),
(34, 'Karagwe', 7, 0),
(35, 'Kyerwa', 7, 0),
(36, 'Missenyi', 7, 0),
(37, 'Muleba', 7, 0),
(38, 'Ngara', 7, 0),
(39, 'Mlele', 7, 0),
(40, 'Mpanda', 7, 0),
(41, 'Mpanda MC', 7, 0),
(42, 'Mpimbwe', 7, 0),
(43, 'Nsimbo', 7, 0),
(44, 'Buhigwe', 7, 0),
(45, 'Kakonko', 7, 0),
(46, 'Kasulu', 7, 0),
(47, 'Kasulu TC', 7, 0),
(48, 'Kibondo', 7, 0),
(49, 'Kigoma', 7, 0),
(50, 'Kigoma/Ujiji MC', 7, 0),
(51, 'Uvinza', 7, 0),
(52, 'Hai', 7, 0),
(53, 'Moshi', 7, 0),
(54, 'Moshi MC', 7, 0),
(55, 'Mwanga', 7, 0),
(56, 'Rombo', 7, 0),
(57, 'Same', 7, 0),
(58, 'Siha', 7, 0),
(59, 'Kilwa', 7, 0),
(60, 'Lindi', 7, 0),
(61, 'Lindi MC', 7, 0),
(62, 'Liwale', 7, 0),
(63, 'Nachingwea', 7, 0),
(64, 'Ruangwa', 7, 0),
(65, 'Babati', 7, 0),
(66, 'Babati TC', 7, 0),
(67, 'Hanang', 7, 0),
(68, 'Kiteto', 7, 0),
(69, 'Mbulu', 7, 0),
(70, 'Mbulu TC', 7, 0),
(71, 'Simanjiro', 7, 0),
(72, 'Bunda', 7, 0),
(73, 'Bunda TC', 7, 0),
(74, 'Butiama', 7, 0),
(75, 'Musoma', 7, 0),
(76, 'Musoma MC', 7, 0),
(77, 'Rorya', 7, 0),
(78, 'Serengeti', 7, 0),
(79, 'Tarime', 7, 0),
(80, 'Tarime TC', 7, 0),
(81, 'Busokelo', 7, 0),
(82, 'Chunya', 7, 0),
(83, 'Kyela', 7, 0),
(84, 'Mbarali', 7, 0),
(85, 'Mbeya', 7, 0),
(86, 'Mbeya CC', 7, 0),
(87, 'Rungwe', 7, 0),
(88, 'Gairo', 7, 0),
(89, 'Ifakara TC', 7, 0),
(90, 'Kilombero', 7, 0),
(91, 'Kilosa', 7, 0),
(92, 'Malinyi', 7, 0),
(93, 'Morogoro', 7, 0),
(94, 'Morogoro MC', 7, 0),
(95, 'Mvomero', 7, 0),
(96, 'Ulanga', 7, 0),
(97, 'Masasi', 9, 0),
(98, 'Masasi TC', 9, 0),
(99, 'Mtwara', 9, 0),
(100, 'Mtwara Mikindani MC', 9, 0),
(101, 'Nanyamba', 9, 0),
(102, 'Nanyumbu', 9, 0),
(103, 'Newala', 9, 0),
(104, 'Newala TC', 9, 0),
(105, 'Tandahimba', 9, 0),
(106, 'Buchosa', 9, 0),
(107, 'Ilemela MC', 9, 0),
(108, 'Kwimba', 9, 0),
(109, 'Magu', 9, 0),
(110, 'Misungwi', 9, 0),
(111, 'Mwanza CC', 9, 0),
(112, 'Sengerema', 9, 0),
(113, 'Ukerewe', 9, 0),
(114, 'Ludewa', 9, 0),
(115, 'Makambako TC', 9, 0),
(116, 'Makete', 9, 0),
(117, 'Njombe', 9, 0),
(118, 'Njombe TC', 9, 0),
(119, 'Wanging''ombe', 9, 0),
(120, 'Bagamoyo', 9, 0),
(121, 'Chalinze', 9, 0),
(122, 'Kibaha', 9, 0),
(123, 'Kibaha TC', 9, 0),
(124, 'Kisarawe', 9, 0),
(125, 'Mafia', 9, 0),
(126, 'Mkuranga', 9, 0),
(127, 'Rufiji', 9, 0),
(128, 'Kalambo', 9, 0),
(129, 'Nkasi', 9, 0),
(130, 'Sumbawanga', 9, 0),
(131, 'Sumbawanga MC', 9, 0),
(132, 'Madaba', 9, 0),
(133, 'Mbinga', 9, 0),
(134, 'Mbinga TC', 9, 0),
(135, 'Namtumbo', 9, 0),
(136, 'Nyasa', 9, 0),
(137, 'Songea', 9, 0),
(138, 'Songea MC', 9, 0),
(139, 'Tunduru', 9, 0),
(140, 'Kahama TC', 9, 0),
(141, 'Kishapu', 9, 0),
(142, 'Msalala', 9, 0),
(143, 'Shinyanga', 9, 0),
(144, 'Shinyanga MC', 9, 0),
(145, 'Ushetu', 9, 0),
(146, 'Bariadi', 9, 0),
(147, 'Bariadi TC', 9, 0),
(148, 'Busega', 9, 0),
(149, 'Itilima', 9, 0),
(150, 'Maswa', 9, 0),
(151, 'Meatu', 9, 0),
(152, 'Ikungi', 9, 0),
(153, 'Iramba', 9, 0),
(154, 'Itigi', 9, 0),
(155, 'Manyoni', 9, 0),
(156, 'Mkalama', 9, 0),
(157, 'Singida', 9, 0),
(158, 'Singida MC', 9, 0),
(159, 'Ileje', 9, 0),
(160, 'Mbozi', 9, 0),
(161, 'Momba', 9, 0),
(162, 'Tunduma TC', 9, 0),
(163, 'Igunga', 9, 0),
(164, 'Kaliua', 9, 0),
(165, 'Nzega', 9, 0),
(166, 'Nzega TC', 9, 0),
(167, 'Sikonge', 9, 0),
(168, 'Tabora MC', 9, 0),
(169, 'Tabora/Uyui', 9, 0),
(170, 'Urambo', 9, 0),
(171, 'Bumbuli', 9, 0),
(172, 'Handeni', 9, 0),
(173, 'Handeni TC', 9, 0),
(174, 'Kilindi', 9, 0),
(175, 'Korogwe', 9, 0),
(176, 'Korogwe TC', 3, 0),
(177, 'Lushoto', 3, 0),
(178, 'Mkinga', 3, 0),
(179, 'Muheza', 3, 0),
(180, 'Pangani', 3, 0),
(181, 'Tanga CC', 3, 0);

-- --------------------------------------------------------

--
-- Table structure for table `level`
--

CREATE TABLE `level` (
  `id` int(11) NOT NULL,
  `name` varchar(255) NOT NULL,
  `description` text NOT NULL,
  `status` int(11) NOT NULL DEFAULT '1'
) ENGINE=InnoDB DEFAULT CHARSET=latin1 COMMENT='School level';

--
-- Dumping data for table `level`
--

INSERT INTO `level` (`id`, `name`, `description`, `status`) VALUES
(1, 'Primary', 'Primary', 1),
(2, 'Secondary', 'Secondary', 1);

-- --------------------------------------------------------

--
-- Table structure for table `ownership`
--

CREATE TABLE `ownership` (
  `id` int(11) NOT NULL,
  `name` varchar(255) NOT NULL,
  `description` text NOT NULL,
  `status` int(11) NOT NULL DEFAULT '1'
) ENGINE=InnoDB DEFAULT CHARSET=latin1 COMMENT='School Ownership';

--
-- Dumping data for table `ownership`
--

INSERT INTO `ownership` (`id`, `name`, `description`, `status`) VALUES
(1, 'Government\r\n', 'Government\r\n', 1),
(2, 'Non-Government\r\n', 'Non-Government\r\n', 1);

-- --------------------------------------------------------

--
-- Table structure for table `region`
--

CREATE TABLE `region` (
  `id` int(11) NOT NULL,
  `name` varchar(255) NOT NULL,
  `zone_id` int(11) NOT NULL,
  `status` int(11) NOT NULL DEFAULT '1'
) ENGINE=InnoDB DEFAULT CHARSET=latin1 COMMENT='Regions';

--
-- Dumping data for table `region`
--

INSERT INTO `region` (`id`, `name`, `zone_id`, `status`) VALUES
(1, 'ARUSHA', 1, 0),
(2, 'DAR ES SALAAM', 2, 0),
(3, 'DODOMA', 2, 0),
(4, 'GEITA', 3, 0),
(5, 'IRINGA', 5, 0),
(6, 'KAGERA', 3, 0),
(7, 'KATAVI', 3, 0),
(8, 'KIGOMA', 3, 0),
(9, 'KILIMANJARO', 3, 0),
(10, 'LINDI', 3, 0),
(11, 'MANYARA', 3, 0),
(12, 'MARA', 3, 0),
(13, 'MBEYA', 3, 0),
(14, 'MOROGORO', 3, 0),
(15, 'MTWARA', 3, 0),
(16, 'MWANZA', 3, 0),
(17, 'NJOMBE', 3, 0),
(18, 'PWANI', 3, 0),
(19, 'RUKWA', 3, 0),
(20, 'RUVUMA', 3, 0),
(21, 'SHINYANGA', 3, 0),
(22, 'SIMIYU', 3, 0),
(23, 'SINGIDA', 3, 0),
(24, 'SONGWE', 3, 0),
(25, 'TABORA', 3, 0),
(26, 'TANGA', 3, 0);

-- --------------------------------------------------------

--
-- Table structure for table `school`
--

CREATE TABLE `school` (
  `id` int(11) NOT NULL,
  `name` varchar(255) NOT NULL,
  `ward_id` int(11) NOT NULL,
  `ownership_id` int(11) NOT NULL,
  `level_id` int(11) NOT NULL,
  `latitude` double NOT NULL,
  `longitude` double NOT NULL,
  `status` int(11) NOT NULL DEFAULT '1'
) ENGINE=InnoDB DEFAULT CHARSET=latin1 COMMENT='Schools';

--
-- Dumping data for table `school`
--

INSERT INTO `school` (`id`, `name`, `ward_id`, `ownership_id`, `level_id`, `latitude`, `longitude`, `status`) VALUES
(1, 'name', 0, 0, 0, 0, 0, 0),
(2, 'BANGATA', 1, 1, 1, 0, 0, 0),
(3, 'ENGIKARETI', 1, 1, 1, 0, 0, 0),
(4, 'IKIRWA', 1, 1, 1, 0, 0, 0),
(5, 'MIDAWE', 1, 1, 1, 0, 0, 0),
(6, 'SASI', 1, 1, 1, 0, 0, 0),
(7, 'BWAWANI', 1, 1, 1, 0, 0, 0),
(8, 'KIGONGONI', 1, 1, 1, 0, 0, 0),
(9, 'LAMOLOKI', 1, 1, 1, 0, 0, 0),
(10, 'MUNGUSHI', 1, 1, 1, 0, 0, 0),
(11, 'OLOKII', 1, 1, 1, 0, 0, 0),
(12, 'SONGAMBELE', 1, 1, 1, 0, 0, 0),
(13, 'THEMI YA SIMBA', 1, 1, 1, 0, 0, 0),
(14, 'ILBORU', 1, 1, 1, 0, 0, 0),
(15, 'NURU', 1, 1, 1, 0, 0, 0),
(16, 'ILKIDING''A', 1, 1, 1, 0, 0, 0),
(17, 'ILKISONGO', 1, 1, 1, 0, 0, 0),
(18, 'KIOGA', 1, 1, 1, 0, 0, 0),
(19, 'ISLONG', 1, 1, 1, 0, 0, 0),
(20, 'KIMNYAKI', 1, 1, 1, 0, 0, 0),
(21, 'OLMRINGIRINGA', 1, 1, 1, 0, 0, 0),
(22, 'SELIAN', 1, 1, 1, 0, 0, 0),
(23, 'ALBEHIJE', 1, 1, 1, 0, 0, 0),
(24, 'ARUSHA VICTORY', 1, 1, 1, 0, 0, 0),
(25, 'ENYUATA', 1, 1, 1, 0, 0, 0),
(26, 'GRACIOUS', 1, 1, 1, 0, 0, 0),
(27, 'ILKIUREI', 1, 1, 1, 0, 0, 0),
(28, 'KIRANYI', 1, 1, 1, 0, 0, 0),
(29, 'NATEMA', 1, 1, 1, 0, 0, 0),
(30, 'OLCHOKI', 1, 1, 1, 0, 0, 0),
(31, 'ST. AUGUSTINE', 1, 1, 1, 0, 0, 0),
(32, 'ILKERIN', 1, 1, 1, 0, 0, 0),
(33, 'KISONGO', 1, 1, 1, 0, 0, 0),
(34, 'LESIRAA', 1, 1, 1, 0, 0, 0),
(35, 'LOOVILUKUNYI', 1, 1, 1, 0, 0, 0),
(36, 'SEIA EBENEZER', 1, 1, 1, 0, 0, 0),
(37, 'ST. MARGRETH', 1, 1, 1, 0, 0, 0),
(38, 'YAKINI', 1, 1, 1, 0, 0, 0),
(39, 'GREEN ACRES', 1, 1, 1, 0, 0, 0),
(40, 'NAUREI', 1, 1, 1, 0, 0, 0),
(41, 'OLGILAI', 1, 1, 1, 0, 0, 0),
(42, 'SEKEI', 1, 1, 1, 0, 0, 0),
(43, 'ST.PAUL', 1, 1, 1, 0, 0, 0),
(44, 'ENJORO', 1, 1, 1, 0, 0, 0),
(45, 'LAROI', 1, 1, 1, 0, 0, 0),
(46, 'OLEMEDEYE', 1, 1, 1, 0, 0, 0),
(47, 'SAMWA', 1, 1, 1, 0, 0, 0),
(48, 'ENGORIKA', 1, 1, 1, 0, 0, 0),
(49, 'LEMANYATA', 1, 1, 1, 0, 0, 0),
(50, 'MATIM', 1, 1, 1, 0, 0, 0),
(51, 'OLKOKOLA', 1, 1, 1, 0, 0, 0),
(52, 'ARUSHA HILL SIDE', 1, 1, 1, 0, 0, 0),
(53, 'ASSALAF', 1, 1, 1, 0, 0, 0),
(54, 'DEANERY', 1, 1, 1, 0, 0, 0),
(55, 'KAMBI YA MAZIWA', 1, 1, 1, 0, 0, 0),
(56, 'LEMUGUR', 1, 1, 1, 0, 0, 0),
(57, 'DINKA', 1, 1, 1, 0, 0, 0),
(58, 'KISERIAN', 1, 1, 1, 0, 0, 0),
(59, 'MANYIRE', 1, 1, 1, 0, 0, 0),
(60, 'MLANGARINI', 1, 1, 1, 0, 0, 0),
(61, 'MUUNGANO', 1, 1, 1, 0, 0, 0),
(62, 'OLOMITU', 1, 1, 1, 0, 0, 0),
(63, 'ENGILANG''ET', 1, 1, 1, 0, 0, 0),
(64, 'GOODWILL', 1, 1, 1, 0, 0, 0),
(65, 'MOIVO', 1, 1, 1, 0, 0, 0),
(66, 'SOTWA WILSON', 1, 1, 1, 0, 0, 0),
(67, 'EUNOTO', 1, 1, 1, 0, 0, 0),
(68, 'LIKAMBA', 1, 1, 1, 0, 0, 0),
(69, 'LIKAMBA INTEGRITY', 1, 1, 1, 0, 0, 0),
(70, 'MUSA', 1, 1, 1, 0, 0, 0),
(71, 'NENGUNGU', 1, 1, 1, 0, 0, 0),
(72, 'OLCHOROVUS', 1, 1, 1, 0, 0, 0),
(73, 'ENGALAONI', 1, 1, 1, 0, 0, 0),
(74, 'IMBIBIA', 1, 1, 1, 0, 0, 0),
(75, 'LOSIKITO', 1, 1, 1, 0, 0, 0),
(76, 'MWANDETI', 1, 1, 1, 0, 0, 0),
(77, 'MAJI MOTO', 1, 1, 1, 0, 0, 0),
(78, 'MARURANI', 1, 1, 1, 0, 0, 0),
(79, 'MSHIKAMANO', 1, 1, 1, 0, 0, 0),
(80, 'MZIMUNI', 1, 1, 1, 0, 0, 0),
(81, 'NDURUMA', 1, 1, 1, 0, 0, 0),
(82, 'OLDENDERETI', 1, 1, 1, 0, 0, 0),
(83, 'UMOJA', 1, 1, 1, 0, 0, 0),
(84, 'LEMINYOR', 1, 1, 1, 0, 0, 0),
(85, 'OLDONYOSAMBU', 1, 1, 1, 0, 0, 0),
(86, 'ENGUTUKOIT', 1, 1, 1, 0, 0, 0),
(87, 'LOSINONI', 1, 1, 1, 0, 0, 0),
(88, 'NAMELOK', 1, 1, 1, 0, 0, 0),
(89, 'OLDONYOWAS', 1, 1, 1, 0, 0, 0),
(90, 'MBUYUNI', 1, 1, 1, 0, 0, 0),
(91, 'MIRONGOINE', 1, 1, 1, 0, 0, 0),
(92, 'OLJORO', 1, 1, 1, 0, 0, 0),
(93, 'SITTI MWINYI', 1, 1, 1, 0, 0, 0),
(94, 'ILKUROT', 1, 1, 1, 0, 0, 0),
(95, 'LENGIJAVE', 1, 1, 1, 0, 0, 0),
(96, 'OLBAK', 1, 1, 1, 0, 0, 0),
(97, 'EMAOI', 1, 1, 1, 0, 0, 0),
(98, 'ILKONERE', 1, 1, 1, 0, 0, 0),
(99, 'OLMOTONYI', 1, 1, 1, 0, 0, 0),
(100, 'SAIDE', 1, 1, 1, 0, 0, 0),
(101, 'J.K. NYERERE', 1, 1, 1, 0, 0, 0),
(102, 'KILIMANJARO', 1, 1, 1, 0, 0, 0),
(103, 'MRINGA', 1, 1, 1, 0, 0, 0),
(104, 'NEW LIFE', 1, 1, 1, 0, 0, 0),
(105, 'OLOIRIEN VALLEY', 1, 1, 1, 0, 0, 0),
(106, 'OLOSIVA', 1, 1, 1, 0, 0, 0),
(107, 'TRUST ST. PATRICK', 1, 1, 1, 0, 0, 0),
(108, 'LORUVAN', 1, 1, 1, 0, 0, 0),
(109, 'OLDONYOSAPUK', 1, 1, 1, 0, 0, 0),
(110, 'OLTROTO', 1, 1, 1, 0, 0, 0),
(111, 'EKENYWA', 1, 1, 1, 0, 0, 0),
(112, 'MAASAY JOY', 1, 1, 1, 0, 0, 0),
(113, 'MAGRETH ENGLAND BARK', 1, 1, 1, 0, 0, 0),
(114, 'NEW VISION', 1, 1, 1, 0, 0, 0),
(115, 'NGARAMTONI', 1, 1, 1, 0, 0, 0),
(116, 'OLTURMET', 1, 1, 1, 0, 0, 0),
(117, 'SOS HERMAN', 1, 1, 1, 0, 0, 0),
(118, 'SAMBASHA', 1, 1, 1, 0, 0, 0),
(119, 'TIMBOLO', 1, 1, 1, 0, 0, 0),
(120, 'EBENEZA', 1, 1, 1, 0, 0, 0),
(121, 'NAMBERE', 1, 1, 1, 0, 0, 0),
(122, 'NG''IRESI', 1, 1, 1, 0, 0, 0),
(123, 'OLDADAI', 1, 1, 1, 0, 0, 0),
(124, 'WILKABAA', 1, 1, 1, 0, 0, 0),
(125, 'ENDOINYOESOYE', 1, 1, 1, 0, 0, 0),
(126, 'BARAA', 1, 1, 1, 0, 0, 0),
(127, 'BRIGHT FUTURE', 1, 1, 1, 0, 0, 0),
(128, 'ELYON', 1, 1, 1, 0, 0, 0),
(129, 'GLORYLAND', 1, 1, 1, 0, 0, 0),
(130, 'HAZINA MISSION', 1, 1, 1, 0, 0, 0),
(131, 'UHURU PEAK', 1, 1, 1, 0, 0, 0),
(132, 'DARAJA MBILI', 1, 1, 1, 0, 0, 0),
(133, 'ENALEPO', 1, 1, 1, 0, 0, 0),
(134, 'INTEGRITY', 1, 1, 1, 0, 0, 0),
(135, 'ARUSHA INTEGRATED', 1, 1, 1, 0, 0, 0),
(136, 'ARUSHA MODERN', 1, 1, 1, 0, 0, 0),
(137, 'AZIMIO', 1, 1, 1, 0, 0, 0),
(138, 'BURKA', 1, 1, 1, 0, 0, 0),
(139, 'ELERAI', 1, 1, 1, 0, 0, 0),
(140, 'JOSEPH SCHOOL', 1, 1, 1, 0, 0, 0),
(141, 'MAJENGO', 1, 1, 1, 0, 0, 0),
(142, 'MICHAEL SCHOOL', 1, 1, 1, 0, 0, 0),
(143, 'ST.THADEUS', 1, 1, 1, 0, 0, 0),
(144, 'MOUNT MERU', 1, 1, 1, 0, 0, 0),
(145, 'NALOPA', 1, 1, 1, 0, 0, 0),
(146, 'NJIRO HILL', 1, 1, 1, 0, 0, 0),
(147, 'PEACE', 1, 1, 1, 0, 0, 0),
(148, 'TUISHIME', 1, 1, 1, 0, 0, 0),
(149, 'KALOLENI', 1, 1, 1, 0, 0, 0),
(150, 'MAKUMBUSHO', 1, 1, 1, 0, 0, 0),
(151, 'MERU', 1, 1, 1, 0, 0, 0),
(152, 'UHURU', 1, 1, 1, 0, 0, 0),
(153, 'BETHEL', 1, 1, 1, 0, 0, 0),
(154, 'KIMANDOLU', 1, 1, 1, 0, 0, 0),
(155, 'KIMANDOLU LUTHERAN', 1, 1, 1, 0, 0, 0),
(156, 'LADY OF MERCY', 1, 1, 1, 0, 0, 0),
(157, 'SUYE', 1, 1, 1, 0, 0, 0),
(158, 'LEMARA', 1, 1, 1, 0, 0, 0),
(159, 'NOTRE DAME', 1, 1, 1, 0, 0, 0),
(160, 'SHALOM', 1, 1, 1, 0, 0, 0),
(161, 'ST. MARIA GORETTI', 1, 1, 1, 0, 0, 0),
(162, 'ARUSHA MERU', 1, 1, 1, 0, 0, 0),
(163, 'LEVOLOSI', 1, 1, 1, 0, 0, 0),
(164, 'MARANATHA MISSION', 2, 2, 2, 0, 0, 0),
(165, 'SHANGARAO', 2, 2, 2, 0, 0, 0),
(166, 'SHEPHERDS JUNIOR', 2, 2, 2, 0, 0, 0),
(167, 'ST.JUDE', 2, 2, 2, 0, 0, 0),
(168, 'STAR LIGHT', 2, 2, 2, 0, 0, 0),
(169, 'HOPE', 2, 2, 2, 0, 0, 0),
(170, 'JOSHUA', 2, 2, 2, 0, 0, 0),
(171, 'MOSHONO', 2, 2, 2, 0, 0, 0),
(172, 'OLKEREYAN', 2, 2, 2, 0, 0, 0),
(173, 'ST. MONICA', 2, 2, 2, 0, 0, 0),
(174, 'ST.THOMAS', 2, 2, 2, 0, 0, 0),
(175, 'WEMA', 2, 2, 2, 0, 0, 0),
(176, 'CHETI', 2, 2, 2, 0, 0, 0),
(177, 'ESERIAN', 2, 2, 2, 0, 0, 0),
(178, 'HEALSUN', 2, 2, 2, 0, 0, 0),
(179, 'HIGH CHALLENGE', 2, 2, 2, 0, 0, 0),
(180, 'JITIHADA', 2, 2, 2, 0, 0, 0),
(181, 'KING DAVID', 2, 2, 2, 0, 0, 0),
(182, 'KISIMANI', 2, 2, 2, 0, 0, 0),
(183, 'LOSIYO', 2, 2, 2, 0, 0, 0),
(184, 'MACHWA', 2, 2, 2, 0, 0, 0),
(185, 'MURIET (private)', 2, 2, 2, 0, 0, 0),
(186, 'NADOSOITO', 2, 2, 2, 0, 0, 0),
(187, 'SOJEMA', 2, 2, 2, 0, 0, 0),
(188, 'TERRAT', 2, 2, 2, 0, 0, 0),
(189, 'ENGARENAROK LUTH. TETRA', 2, 2, 2, 0, 0, 0),
(190, 'LISE', 2, 2, 2, 0, 0, 0),
(191, 'MAROMBOSO', 2, 2, 2, 0, 0, 0),
(192, 'MWANGAZA', 1, 1, 1, 0, 0, 0),
(193, 'NGARENARO', 1, 1, 1, 0, 0, 0),
(194, 'SWIFTS', 1, 1, 1, 0, 0, 0),
(195, 'UNITY SCHOOL', 1, 1, 1, 0, 0, 0),
(196, 'ARUSHA ALLIANCE', 1, 1, 1, 0, 0, 0),
(197, 'BURKA ESTATE', 1, 1, 1, 0, 0, 0),
(198, 'CARMEL', 1, 1, 1, 0, 0, 0),
(199, 'LUCKY VICENT', 1, 1, 1, 0, 0, 0),
(200, 'MATONYOK', 1, 1, 1, 0, 0, 0),
(201, 'MECSONS', 1, 1, 1, 0, 0, 0),
(202, 'NEJOLA', 1, 1, 1, 0, 0, 0),
(203, 'OLASITI', 1, 1, 1, 0, 0, 0),
(204, 'CANAAN', 1, 1, 1, 0, 0, 0),
(205, 'MAGEREZA', 1, 1, 1, 0, 0, 0),
(206, 'MATEVES', 1, 1, 1, 0, 0, 0),
(207, 'MOUNT SINAI', 1, 1, 1, 0, 0, 0),
(208, 'MURONGOINE', 1, 1, 1, 0, 0, 0),
(209, 'ST. GEMMA GALGAN', 1, 1, 1, 0, 0, 0),
(210, 'UPENDO FRIENDS', 1, 1, 1, 0, 0, 0),
(211, 'ASSUMPTION', 1, 1, 1, 0, 0, 0),
(212, 'BIBLE BAPTIST', 1, 1, 1, 0, 0, 0),
(213, 'LOAMO', 1, 1, 1, 0, 0, 0),
(214, 'MOIVOI', 1, 1, 1, 0, 0, 0),
(215, 'OLOIRIEN', 1, 1, 1, 0, 0, 0),
(216, 'ST. ANDREW''S SCHOOL', 1, 1, 1, 0, 0, 0),
(217, 'HADY', 1, 1, 1, 0, 0, 0),
(218, 'IMANI SCHOOL', 1, 1, 1, 0, 0, 0),
(219, 'OSUNYAI', 1, 1, 1, 0, 0, 0),
(220, 'ERNEST MEYNER', 1, 1, 1, 0, 0, 0),
(221, 'KIJENGE', 1, 1, 1, 0, 0, 0),
(222, 'KILIMANI', 1, 1, 1, 0, 0, 0),
(223, 'NAURA', 1, 1, 1, 0, 0, 0),
(224, 'PRIME', 1, 1, 1, 0, 0, 0),
(225, 'SANAWARI', 1, 1, 1, 0, 0, 0),
(226, 'CAMP JOSHUA', 1, 1, 1, 0, 0, 0),
(227, 'ENGOSENGIU', 1, 1, 1, 0, 0, 0),
(228, 'GHATI MEMORIAL', 1, 1, 1, 0, 0, 0),
(229, 'ROYAL', 1, 1, 1, 0, 0, 0),
(230, 'SINON', 1, 1, 1, 0, 0, 0),
(231, 'UKOMBOZI', 1, 1, 1, 0, 0, 0),
(232, 'BARBRA SCHOOL', 1, 1, 1, 0, 0, 0),
(233, 'DOMINION', 1, 1, 1, 0, 0, 0),
(234, 'ESA', 1, 1, 1, 0, 0, 0),
(235, 'GLORIOUS SCHOOL', 1, 1, 1, 0, 0, 0),
(236, 'GOLGOTHA', 1, 1, 1, 0, 0, 0),
(237, 'MURIET', 1, 1, 1, 0, 0, 0),
(238, 'NAKIDO', 1, 1, 1, 0, 0, 0),
(239, 'PARENTS', 1, 1, 1, 0, 0, 0),
(240, 'ROYAL VISION', 1, 1, 1, 0, 0, 0),
(241, 'SHINDA BASIC', 2, 2, 2, 0, 0, 0),
(242, 'SOKONI I', 2, 2, 2, 0, 0, 0),
(243, 'TERESA NUZZO', 2, 2, 2, 0, 0, 0),
(244, 'ANGELICO LIPAN', 2, 2, 2, 0, 0, 0),
(245, 'GOOD HOPE', 2, 2, 2, 0, 0, 0),
(246, 'GREEN VALLEY', 2, 2, 2, 0, 0, 0),
(247, 'HIGH VIEW', 2, 2, 2, 0, 0, 0),
(248, 'OLAIPAPA', 2, 2, 2, 0, 0, 0),
(249, 'SOMBETINI', 2, 2, 2, 0, 0, 0),
(250, 'INTEL SCHOOLS', 2, 2, 2, 0, 0, 0),
(251, 'MAWENI', 2, 2, 2, 0, 0, 0),
(252, 'MKONOO', 2, 2, 2, 0, 0, 0),
(253, 'ARUSHA SCHOOL', 2, 2, 2, 0, 0, 0),
(254, 'ENGIRA', 2, 2, 2, 0, 0, 0),
(255, 'HIGHRIDGE', 2, 2, 2, 0, 0, 0),
(256, 'THEMI', 2, 2, 2, 0, 0, 0),
(257, 'SALEI', 2, 2, 2, 0, 0, 0),
(258, 'UNGA LTD', 2, 2, 2, 0, 0, 0),
(259, 'DUMBECHAND', 2, 2, 2, 0, 0, 0),
(260, 'ENDESH', 2, 2, 2, 0, 0, 0),
(261, 'GIDAMILANDA', 2, 2, 2, 0, 0, 0),
(262, 'HAYDESH', 2, 2, 2, 0, 0, 0),
(263, 'MANG''OLA NT', 2, 2, 2, 0, 0, 0),
(264, 'MATALA', 2, 2, 2, 0, 0, 0),
(265, 'MBUGANYEKUNDU', 2, 2, 2, 0, 0, 0),
(266, 'MBUYUNI', 2, 2, 2, 0, 0, 0),
(267, 'MOHEDAGEW', 2, 2, 2, 0, 0, 0),
(268, 'MURUS', 2, 2, 2, 0, 0, 0),
(269, 'NJORO', 2, 2, 2, 0, 0, 0),
(270, 'QANGDEND', 2, 2, 2, 0, 0, 0),
(271, 'YAMAWEEGA', 2, 2, 2, 0, 0, 0),
(272, 'AYALALIYO', 2, 2, 2, 0, 0, 0),
(273, 'BUGER', 2, 2, 2, 0, 0, 0),
(274, 'ENDONYAWET', 2, 2, 2, 0, 0, 0),
(275, 'GAMDI', 2, 2, 2, 0, 0, 0),
(276, 'CHANGARAWE', 2, 2, 2, 0, 0, 0),
(277, 'ENDASHANGWET', 2, 2, 2, 0, 0, 0),
(278, 'MAKHOROMBA', 2, 2, 2, 0, 0, 0),
(279, 'MANG''OLA JUU', 2, 2, 2, 0, 0, 0),
(280, 'MIDABINI', 2, 2, 2, 0, 0, 0),
(281, 'ENDABASH', 2, 2, 2, 0, 0, 0),
(282, 'ENDABASH LAJA', 2, 2, 2, 0, 0, 0),
(283, 'ENDABASH MANGISA', 2, 2, 2, 0, 0, 0),
(284, 'QARU', 2, 2, 2, 0, 0, 0),
(285, 'QARU LAMBO', 2, 2, 2, 0, 0, 0),
(286, 'QARU SARAMAY', 2, 2, 2, 0, 0, 0),
(287, 'ENDAMAGHANG', 1, 1, 1, 0, 0, 0),
(288, 'MIKOCHENI', 1, 1, 1, 0, 0, 0),
(289, 'BARAY KHUSUMAY', 1, 1, 1, 0, 0, 0),
(290, 'BASSODAWISH', 1, 1, 1, 0, 0, 0),
(291, 'DUUMA', 1, 1, 1, 0, 0, 0),
(292, 'ENDALLAH', 1, 1, 1, 0, 0, 0),
(293, 'ENDAMARARIEK', 1, 1, 1, 0, 0, 0),
(294, 'GETAMOCK', 1, 1, 1, 0, 0, 0),
(295, 'GIDBASSO', 1, 1, 1, 0, 0, 0),
(296, 'MAHHAHA', 1, 1, 1, 0, 0, 0),
(297, 'MANUSAY', 1, 1, 1, 0, 0, 0),
(298, 'MASSABEDA', 1, 1, 1, 0, 0, 0),
(299, 'MCHANGANI', 1, 1, 1, 0, 0, 0),
(300, 'SHANGIT', 1, 1, 1, 0, 0, 0),
(301, 'SHAURI AWAKI', 1, 1, 1, 0, 0, 0),
(302, 'ASKOFU HHANDO', 1, 1, 1, 0, 0, 0),
(303, 'AYALABE', 1, 1, 1, 0, 0, 0),
(304, 'GANAKO', 1, 1, 1, 0, 0, 0),
(305, 'HAYMU', 1, 1, 1, 0, 0, 0),
(306, 'KAMBI YA NYOKA', 1, 1, 1, 0, 0, 0),
(307, 'SUMAWE', 1, 1, 1, 0, 0, 0),
(308, 'TLOMA', 1, 1, 1, 0, 0, 0),
(309, 'BARAKTA', 1, 1, 1, 0, 0, 0),
(310, 'ENDAGESH', 1, 1, 1, 0, 0, 0),
(311, 'GEER', 1, 1, 1, 0, 0, 0),
(312, 'HARAA', 1, 1, 1, 0, 0, 0),
(313, 'KAMBI YA FARU', 1, 1, 1, 0, 0, 0),
(314, 'KANSAY', 1, 1, 1, 0, 0, 0),
(315, 'LAJA', 1, 1, 1, 0, 0, 0),
(316, 'UMBANGW', 1, 1, 1, 0, 0, 0),
(317, 'BWAWANI', 1, 1, 1, 0, 0, 0),
(318, 'CATHERINE', 1, 1, 1, 0, 0, 0),
(319, 'CHARM MODERN', 1, 1, 1, 0, 0, 0),
(320, 'COSTIGAN', 1, 1, 1, 0, 0, 0),
(321, 'ENDORO', 1, 1, 1, 0, 0, 0),
(322, 'GYEKRUM ARUSHA', 1, 1, 1, 0, 0, 0),
(323, 'KARATU', 1, 1, 1, 0, 0, 0),
(324, 'TUMAINI JUNIOR', 1, 1, 1, 0, 0, 0),
(325, 'ANTSA', 1, 1, 1, 0, 0, 0),
(326, 'EYASI', 1, 1, 1, 0, 0, 0),
(327, 'KISIMANGEDA', 1, 1, 1, 0, 0, 0),
(328, 'LAGHANGARER', 1, 1, 1, 0, 0, 0),
(329, 'MANGOLA  BARAZANI', 1, 1, 1, 0, 0, 0),
(330, 'MANGOLA CHINI', 1, 1, 1, 0, 0, 0),
(331, 'BONDE LA FARU', 1, 1, 1, 0, 0, 0),
(332, 'DIRANGW', 1, 1, 1, 0, 0, 0),
(333, 'KAMBI YA SIMBA', 1, 1, 1, 0, 0, 0),
(334, 'KITETE KCU', 1, 1, 1, 0, 0, 0),
(335, 'KITETE WS', 1, 1, 1, 0, 0, 0),
(336, 'LOSITETE', 1, 1, 1, 0, 0, 0),
(337, 'MARMO', 1, 1, 1, 0, 0, 0),
(338, 'MBULUMBULU', 1, 1, 1, 0, 0, 0),
(339, 'SABASABA', 1, 1, 1, 0, 0, 0),
(340, 'SLAHHAMO', 1, 1, 1, 0, 0, 0),
(341, 'GHETIGHI', 1, 1, 1, 0, 0, 0),
(342, 'MEALI', 1, 1, 1, 0, 0, 0),
(343, 'OLDEANI', 1, 1, 1, 0, 0, 0),
(344, 'ASLIN GONGALI', 1, 1, 1, 0, 0, 0),
(345, 'BASHAY', 1, 1, 1, 0, 0, 0),
(346, 'GENDAA', 1, 1, 1, 0, 0, 0),
(347, 'GONGALI', 1, 1, 1, 0, 0, 0),
(348, 'GYEKRUM  LAMBO', 1, 1, 1, 0, 0, 0),
(349, 'KINIHHE', 1, 1, 1, 0, 0, 0),
(350, 'MAGESHO', 1, 1, 1, 0, 0, 0),
(351, 'MENDAY', 1, 1, 1, 0, 0, 0),
(352, 'NJIA PANDA', 1, 1, 1, 0, 0, 0),
(353, 'QURUS', 1, 1, 1, 0, 0, 0),
(354, 'AKKO', 1, 1, 1, 0, 0, 0),
(355, 'ASLIN', 1, 1, 1, 0, 0, 0),
(356, 'AYATSERE', 1, 1, 1, 0, 0, 0),
(357, 'CHEMCHEM', 2, 2, 2, 0, 0, 0),
(358, 'GILALA', 2, 2, 2, 0, 0, 0),
(359, 'HAREABI', 2, 2, 2, 0, 0, 0),
(360, 'JUHUDI', 2, 2, 2, 0, 0, 0),
(361, 'KAINAM RHOTIA', 2, 2, 2, 0, 0, 0),
(362, 'KIBAONI', 2, 2, 2, 0, 0, 0),
(363, 'KILIMAMOJA', 2, 2, 2, 0, 0, 0),
(364, 'KILIMATEMBO', 2, 2, 2, 0, 0, 0),
(365, 'MARAR', 2, 2, 2, 0, 0, 0),
(366, 'MARERA', 2, 2, 2, 0, 0, 0),
(367, 'RHOTIA', 2, 2, 2, 0, 0, 0),
(368, 'UMOJA', 2, 2, 2, 0, 0, 0),
(369, 'ELANG''ATADAPASH', 2, 2, 2, 0, 0, 0),
(370, 'NOONDOTO', 2, 2, 2, 0, 0, 0),
(371, 'OLCHORONYOKIE', 2, 2, 2, 0, 0, 0),
(372, 'SOKON', 2, 2, 2, 0, 0, 0),
(373, 'ENGARENAIBOR', 2, 2, 2, 0, 0, 0),
(374, 'KIMWATI', 2, 2, 2, 0, 0, 0),
(375, 'MAIROWA INTEGRITY', 2, 2, 2, 0, 0, 0),
(376, 'NGOSWAK', 2, 2, 2, 0, 0, 0),
(377, 'SINONIK', 2, 2, 2, 0, 0, 0),
(378, 'ENGIKARET', 2, 2, 2, 0, 0, 0),
(379, 'KISERIAN', 2, 2, 2, 0, 0, 0),
(380, 'NEW VISION', 2, 2, 2, 0, 0, 0),
(381, 'GELAILUMBWA', 2, 2, 2, 0, 0, 0),
(382, 'GELAIBOMBA', 2, 2, 2, 0, 0, 0),
(383, 'MAGADINI', 2, 2, 2, 0, 0, 0),
(384, 'ILORIENITO', 2, 2, 2, 0, 0, 0),
(385, 'LOSIRWA', 2, 2, 2, 0, 0, 0),
(386, 'IRKASWA', 2, 2, 2, 0, 0, 0),
(387, 'KAMWANGA', 2, 2, 2, 0, 0, 0),
(388, 'KITENDENI', 2, 2, 2, 0, 0, 0),
(389, 'KETUMBEINE', 2, 2, 2, 0, 0, 0),
(390, 'LOPOLOSEKI', 2, 2, 2, 0, 0, 0),
(391, 'MANGULA', 2, 2, 2, 0, 0, 0),
(392, 'EORENDEKE', 2, 2, 2, 0, 0, 0),
(393, 'KIMOKOUWA', 2, 2, 2, 0, 0, 0),
(394, 'MAASAI ACADEMY', 2, 2, 2, 0, 0, 0),
(395, 'ST.THERESA', 2, 2, 2, 0, 0, 0),
(396, 'ABERNATHY', 2, 2, 2, 0, 0, 0),
(397, 'LONGIDO', 2, 2, 2, 0, 0, 0),
(398, 'EMURTOTO', 2, 2, 2, 0, 0, 0),
(399, 'IRNG''ONG''WEN', 2, 2, 2, 0, 0, 0),
(400, 'MATALE', 2, 2, 2, 0, 0, 0),
(401, 'KITARINI', 2, 2, 2, 0, 0, 0),
(402, 'LESING''ITA', 2, 2, 2, 0, 0, 0),
(403, 'MUNDARARA', 2, 2, 2, 0, 0, 0),
(404, 'BUGURUNI', 2, 2, 2, 0, 0, 0),
(405, 'NAMANGA', 2, 2, 2, 0, 0, 0),
(406, 'ELERAI', 2, 2, 2, 0, 0, 0),
(407, 'LERANG''WA', 2, 2, 2, 0, 0, 0),
(408, 'OLMOLOG', 2, 2, 2, 0, 0, 0),
(409, 'OLTEPES', 2, 2, 2, 0, 0, 0),
(410, 'ORBOMBA', 2, 2, 2, 0, 0, 0),
(411, 'RANCH', 2, 2, 2, 0, 0, 0),
(412, 'NGEREYANI', 2, 2, 2, 0, 0, 0),
(413, 'SINYA', 2, 2, 2, 0, 0, 0),
(414, 'TINGATINGA', 2, 2, 2, 0, 0, 0),
(415, 'AKHERI', 2, 2, 2, 0, 0, 0),
(416, 'MAVINUNI', 2, 2, 2, 0, 0, 0),
(417, 'NGURUMA', 2, 2, 2, 0, 0, 0),
(418, 'PATANDI', 2, 2, 2, 0, 0, 0),
(419, 'TENGERU', 2, 2, 2, 0, 0, 0),
(420, 'TENGERU ENGLISH MEDIUM', 2, 2, 2, 0, 0, 0),
(421, 'AMBURENI', 2, 2, 2, 0, 0, 0),
(422, 'DAVIS PREPARATORY', 2, 2, 2, 0, 0, 0),
(423, 'HARADALI', 2, 2, 2, 0, 0, 0),
(424, 'MOIVARO', 2, 2, 2, 0, 0, 0),
(425, 'DIAMOND', 2, 2, 2, 0, 0, 0),
(426, 'ESTER MEMORIAL', 2, 2, 2, 0, 0, 0),
(427, 'IMBASENI', 2, 2, 2, 0, 0, 0),
(428, 'IMBASENI PEACE', 2, 2, 2, 0, 0, 0),
(429, 'KIWAWA', 2, 2, 2, 0, 0, 0),
(430, 'MERU PEAK', 2, 2, 2, 0, 0, 0),
(431, 'NGONGONGARE', 2, 2, 2, 0, 0, 0),
(432, 'TANZANIA ADVENTIST', 2, 2, 2, 0, 0, 0),
(433, 'TUMAINI TRUST MISSION', 2, 2, 2, 0, 0, 0),
(434, 'CHEMCHEM', 2, 2, 2, 0, 0, 0),
(435, 'KIKATITI', 2, 2, 2, 0, 0, 0),
(436, 'NGYEKU', 2, 2, 2, 0, 0, 0),
(437, 'NKOAMANGASHA', 2, 2, 2, 0, 0, 0),
(438, 'SAKILA', 2, 2, 2, 0, 0, 0),
(439, 'SHAKINA', 2, 2, 2, 0, 0, 0),
(440, 'SLUYS ANDERSON', 2, 2, 2, 0, 0, 0),
(441, 'SURUMALA', 2, 2, 2, 0, 0, 0),
(442, 'KARANGAI', 2, 2, 2, 0, 0, 0),
(443, 'KIKWE', 2, 2, 2, 0, 0, 0),
(444, 'MAWENI', 2, 2, 2, 0, 0, 0),
(445, 'NAMBALA', 2, 2, 2, 0, 0, 0),
(446, 'NGANANA', 2, 2, 2, 0, 0, 0),
(447, 'KING''ORI', 2, 2, 2, 0, 0, 0),
(448, 'KIRENGA', 2, 2, 2, 0, 0, 0),
(449, 'KWA TULELE', 2, 2, 2, 0, 0, 0),
(450, 'MAREU', 2, 2, 2, 0, 0, 0),
(451, 'MBORENY', 2, 2, 2, 0, 0, 0),
(452, 'NKOANSIYO', 2, 2, 2, 0, 0, 0),
(453, 'NURU', 2, 2, 2, 0, 0, 0),
(454, 'UPENDO', 2, 2, 2, 0, 0, 0),
(455, 'KANDASHE', 2, 2, 2, 0, 0, 0),
(456, 'MIRIRINI', 2, 2, 2, 0, 0, 0),
(457, 'NESOIYA', 2, 2, 2, 0, 0, 0),
(458, 'NIRUVANDE', 2, 2, 2, 0, 0, 0),
(459, 'NKOASENGA', 2, 2, 2, 0, 0, 0),
(460, 'SINAI', 2, 2, 2, 0, 0, 0),
(461, 'ENGATANI', 2, 2, 2, 0, 0, 0),
(462, 'KALOLENI', 2, 2, 2, 0, 0, 0),
(463, 'MAJENGO', 2, 2, 2, 0, 0, 0),
(464, 'CHERITH', 2, 2, 2, 0, 0, 0),
(465, 'FRANCIS DE SALES', 2, 2, 2, 0, 0, 0),
(466, 'KIMANDAFU', 2, 2, 2, 0, 0, 0),
(467, 'KITEFU', 2, 2, 2, 0, 0, 0),
(468, 'LERAI', 2, 2, 2, 0, 0, 0),
(469, 'MAJI YA CHAI', 2, 2, 2, 0, 0, 0),
(470, 'MKOMBOZI', 2, 2, 2, 0, 0, 0),
(471, 'NGORIKA HAPPY WATOTO', 2, 2, 2, 0, 0, 0),
(472, 'NGURDOTO', 2, 2, 2, 0, 0, 0),
(473, 'ST. VIVIAN', 2, 2, 2, 0, 0, 0),
(474, 'TUVAILA', 2, 2, 2, 0, 0, 0),
(475, 'LOSITETI', 2, 2, 2, 0, 0, 0),
(476, 'MAKIBA', 2, 2, 2, 0, 0, 0),
(477, 'PATANUMBE', 2, 2, 2, 0, 0, 0),
(478, 'VALESKA', 2, 2, 2, 0, 0, 0),
(479, 'ELIZABETH CENTRE', 2, 2, 2, 0, 0, 0),
(480, 'ENGEJISOSIA', 2, 2, 2, 0, 0, 0),
(481, 'KOLILA', 2, 2, 2, 0, 0, 0),
(482, 'MALULA', 2, 2, 2, 0, 0, 0),
(483, 'MANYOTA', 2, 2, 2, 0, 0, 0),
(484, 'MIKUUNI', 2, 2, 2, 0, 0, 0),
(485, 'NRUMANGENI', 2, 2, 2, 0, 0, 0),
(486, 'NTUWE', 2, 2, 2, 0, 0, 0),
(487, 'DOLLY', 2, 2, 2, 0, 0, 0),
(488, 'KWA UGORO', 2, 2, 2, 0, 0, 0),
(489, 'MARORONI', 2, 2, 2, 0, 0, 0),
(490, 'MIGANDINI', 2, 2, 2, 0, 0, 0),
(491, 'NAZARETI', 2, 2, 2, 0, 0, 0),
(492, 'SAMARIA', 2, 2, 2, 0, 0, 0),
(493, 'SAVANA', 2, 2, 2, 0, 0, 0),
(494, 'EAST MERU', 2, 2, 2, 0, 0, 0),
(495, 'ETINGARE', 2, 2, 2, 0, 0, 0),
(496, 'LEGURUKI', 2, 2, 2, 0, 0, 0),
(497, 'MARUANGO', 2, 2, 2, 0, 0, 0),
(498, 'MBAASENY', 2, 2, 2, 0, 0, 0),
(499, 'MOWARA', 2, 2, 2, 0, 0, 0),
(500, 'SHISHTONY', 2, 2, 2, 0, 0, 0),
(501, 'MBUGUNI', 2, 2, 2, 0, 0, 0),
(502, 'MIEMBENI', 2, 2, 2, 0, 0, 0),
(503, 'MIKUNGANI', 2, 2, 2, 0, 0, 0),
(504, 'TANZANITE', 2, 2, 2, 0, 0, 0),
(505, 'MASAI VISION', 2, 2, 2, 0, 0, 0),
(506, 'NGABOBO', 2, 2, 2, 0, 0, 0),
(507, 'EMANUEL', 2, 2, 2, 0, 0, 0),
(508, 'ILKIRIMUNI', 2, 2, 2, 0, 0, 0),
(509, 'LENDOIYA', 2, 2, 2, 0, 0, 0),
(510, 'MWAKENY', 2, 2, 2, 0, 0, 0),
(511, 'NARIVA', 2, 2, 2, 0, 0, 0),
(512, 'NASULA', 2, 2, 2, 0, 0, 0),
(513, 'OLKUG''WADO', 2, 2, 2, 0, 0, 0),
(514, 'WORSEG', 2, 2, 2, 0, 0, 0),
(515, 'NKOANEKOLI', 2, 2, 2, 0, 0, 0),
(516, 'SANGANANU', 2, 2, 2, 0, 0, 0),
(517, 'NKOANRUA', 2, 2, 2, 0, 0, 0),
(518, 'ULONG''A', 2, 2, 2, 0, 0, 0),
(519, 'BERNADETA', 2, 2, 2, 0, 0, 0),
(520, 'KOMBO', 2, 2, 2, 0, 0, 0),
(521, 'MAUA ACADEMY', 2, 2, 2, 0, 0, 0),
(522, 'NGYANI', 2, 2, 2, 0, 0, 0),
(523, 'NKOARANGA', 1, 1, 1, 0, 0, 0),
(524, 'NSHUPU', 1, 1, 1, 0, 0, 0),
(525, 'SHIKABANIA', 1, 1, 1, 0, 0, 0),
(526, 'KIMUNDO', 1, 1, 1, 0, 0, 0),
(527, 'MFULONY', 1, 1, 1, 0, 0, 0),
(528, 'NDOOMBO', 1, 1, 1, 0, 0, 0),
(529, 'PEACE MATUNDA', 1, 1, 1, 0, 0, 0),
(530, 'CAPRICON', 1, 1, 1, 0, 0, 0),
(531, 'FIKIRIA KWANZA', 1, 1, 1, 0, 0, 0),
(532, 'MAKUMIRA', 1, 1, 1, 0, 0, 0),
(533, 'MAKUMIRA-KILALA', 1, 1, 1, 0, 0, 0),
(534, 'MARIADO', 1, 1, 1, 0, 0, 0),
(535, 'NKOAKIRIKA', 1, 1, 1, 0, 0, 0),
(536, 'POLI', 1, 1, 1, 0, 0, 0),
(537, 'URAKI', 1, 1, 1, 0, 0, 0),
(538, 'SEELA', 1, 1, 1, 0, 0, 0),
(539, 'SING''ISI', 1, 1, 1, 0, 0, 0),
(540, 'MSITU WA MBOGO', 1, 1, 1, 0, 0, 0),
(541, 'OLDEVES', 1, 1, 1, 0, 0, 0),
(542, 'KILINGA', 1, 1, 1, 0, 0, 0),
(543, 'MULALA', 1, 1, 1, 0, 0, 0),
(544, 'SONGORO', 1, 1, 1, 0, 0, 0),
(545, 'SURA', 1, 1, 1, 0, 0, 0),
(546, 'URISHO', 1, 1, 1, 0, 0, 0),
(547, 'USHILI', 1, 1, 1, 0, 0, 0),
(548, 'AMANI', 1, 1, 1, 0, 0, 0),
(549, 'KENEDY HOUSE', 1, 1, 1, 0, 0, 0),
(550, 'KILIMANI', 1, 1, 1, 0, 0, 0),
(551, 'LEGANGA', 1, 1, 1, 0, 0, 0),
(552, 'MANYATA', 1, 1, 1, 0, 0, 0),
(553, 'UPENDO ACADEMY', 1, 1, 1, 0, 0, 0),
(554, 'USA RIVER', 1, 1, 1, 0, 0, 0),
(555, 'USA RIVER ACADEMY', 1, 1, 1, 0, 0, 0),
(556, 'YOUNGROSES', 1, 1, 1, 0, 0, 0),
(557, 'KIMOSONU', 1, 1, 1, 0, 0, 0),
(558, 'KISIMIRI CHINI', 1, 1, 1, 0, 0, 0),
(559, 'KISIMIRI JUU', 1, 1, 1, 0, 0, 0),
(560, 'MUKURU', 1, 1, 1, 0, 0, 0),
(561, 'NGARENANYUKI', 1, 1, 1, 0, 0, 0),
(562, 'ENGARUKA CHINI', 1, 1, 1, 0, 0, 0),
(563, 'ENGARUKA JUU', 1, 1, 1, 0, 0, 0),
(564, 'MEYERS', 1, 1, 1, 0, 0, 0),
(565, 'MLIMANI', 1, 1, 1, 0, 0, 0),
(566, 'NANINA', 1, 1, 1, 0, 0, 0),
(567, 'NGARASH', 1, 1, 1, 0, 0, 0),
(568, 'OLARASH', 1, 1, 1, 0, 0, 0),
(569, 'BARAKA', 1, 1, 1, 0, 0, 0),
(570, 'ESILALEI', 1, 1, 1, 0, 0, 0),
(571, 'EUNOTO', 1, 1, 1, 0, 0, 0),
(572, 'LAIBONI', 1, 1, 1, 0, 0, 0),
(573, 'LOSIRWA', 1, 1, 1, 0, 0, 0),
(574, 'OLTUKAI', 1, 1, 1, 0, 0, 0),
(575, 'OOLA', 1, 1, 1, 0, 0, 0),
(576, 'PERFECT', 1, 1, 1, 0, 0, 0),
(577, 'LASHAINE', 1, 1, 1, 0, 0, 0),
(578, 'ORKEESWA', 1, 1, 1, 0, 0, 0),
(579, 'LEMOOTI', 1, 1, 1, 0, 0, 0),
(580, 'LENGOLWA', 1, 1, 1, 0, 0, 0),
(581, 'LOOSIKITO', 1, 1, 1, 0, 0, 0),
(582, 'ENG''AROOJI', 1, 1, 1, 0, 0, 0),
(583, 'ENGIRGIR', 1, 1, 1, 0, 0, 0),
(584, 'LEPURKO', 1, 1, 1, 0, 0, 0),
(585, 'LOSIMINGORI', 1, 1, 1, 0, 0, 0),
(586, 'NANJA', 1, 1, 1, 0, 0, 0),
(587, 'LOKISALE', 1, 1, 1, 0, 0, 0),
(588, 'NAFCO', 1, 1, 1, 0, 0, 0),
(589, 'NDUKUSI', 1, 1, 1, 0, 0, 0),
(590, 'MAJENGO', 1, 1, 1, 0, 0, 0),
(591, 'MIGOMBANI', 1, 1, 1, 0, 0, 0),
(592, 'MTOWAMBU', 1, 1, 1, 0, 0, 0),
(593, 'MAKUYUNI', 1, 1, 1, 0, 0, 0),
(594, 'MANYARA RANCH', 1, 1, 1, 0, 0, 0),
(595, 'MBUYUNI', 1, 1, 1, 0, 0, 0),
(596, 'NAITI', 1, 1, 1, 0, 0, 0),
(597, 'SIRONGA', 1, 1, 1, 0, 0, 0),
(598, 'LOOSINGIRANI', 1, 1, 1, 0, 0, 0),
(599, 'MESERANI CHINI', 1, 1, 1, 0, 0, 0),
(600, 'MESERANI JUU', 1, 1, 1, 0, 0, 0),
(601, 'SOKOINE', 1, 1, 1, 0, 0, 0),
(602, 'MFEREJI', 1, 1, 1, 0, 0, 0),
(603, 'KIGONGONI', 1, 1, 1, 0, 0, 0),
(604, 'KILIMATINDE', 1, 1, 1, 0, 0, 0),
(605, 'MOITA BWAWANI', 1, 1, 1, 0, 0, 0),
(606, 'MOITA KILORITI', 1, 1, 1, 0, 0, 0),
(607, 'ELUWAI', 1, 1, 1, 0, 0, 0),
(608, 'ENGUIKI', 1, 1, 1, 0, 0, 0),
(609, 'IRMORIJO', 1, 1, 1, 0, 0, 0),
(610, 'MONDULI JUU', 1, 1, 1, 0, 0, 0),
(611, 'MAZOEZI', 1, 1, 1, 0, 0, 0),
(612, 'SINONI', 1, 1, 1, 0, 0, 0),
(613, 'MSWAKINI', 1, 1, 1, 0, 0, 0),
(614, 'MSWAKINI JUU', 1, 1, 1, 0, 0, 0),
(615, 'NAITOLIA', 1, 1, 1, 0, 0, 0),
(616, 'JANGWANI', 1, 1, 1, 0, 0, 0),
(617, 'MWALIMU ANNA', 1, 1, 1, 0, 0, 0),
(618, 'NAALARAMI', 1, 1, 1, 0, 0, 0),
(619, 'MBAASH', 1, 1, 1, 0, 0, 0),
(620, 'NDINYIKA', 1, 1, 1, 0, 0, 0),
(621, 'SELELA', 1, 1, 1, 0, 0, 0),
(622, 'ARKARIA', 1, 1, 1, 0, 0, 0),
(623, 'ARKATANI', 1, 1, 1, 0, 0, 0),
(624, 'KHATIMUL AMBIYAA', 1, 1, 1, 0, 0, 0),
(625, 'LENDIKINYA', 1, 1, 1, 0, 0, 0),
(626, 'MTI MMOJA', 1, 1, 1, 0, 0, 0),
(627, 'ALAILELAI', 1, 1, 1, 0, 0, 0),
(628, 'OLCHANIOMELOCK', 1, 1, 1, 0, 0, 0),
(629, 'SENDUI', 1, 1, 1, 0, 0, 0),
(630, 'ARASH', 1, 1, 1, 0, 0, 0),
(631, 'OLALAA', 1, 1, 1, 0, 0, 0),
(632, 'DIGODIGO', 1, 1, 1, 0, 0, 0),
(633, 'KISANGIRO', 1, 1, 1, 0, 0, 0),
(634, 'RERA', 1, 1, 1, 0, 0, 0),
(635, 'TINAGA', 1, 1, 1, 0, 0, 0),
(636, 'ENDULEN', 1, 1, 1, 0, 0, 0),
(637, 'ESERE', 1, 1, 1, 0, 0, 0),
(638, 'NDIAN', 1, 1, 1, 0, 0, 0),
(639, 'OLPIRO', 1, 1, 1, 0, 0, 0),
(640, 'ENGUSEROSAMBU', 1, 1, 1, 0, 0, 0),
(641, 'NAAN', 1, 1, 1, 0, 0, 0),
(642, 'NG''ARWA', 1, 1, 1, 0, 0, 0),
(643, 'ORKIU', 1, 1, 1, 0, 0, 0),
(644, 'KAKESIO', 1, 1, 1, 0, 0, 0),
(645, 'OSINONI', 1, 1, 1, 0, 0, 0),
(646, 'LOOSOITO', 1, 1, 1, 0, 0, 0),
(647, 'MAALON', 1, 1, 1, 0, 0, 0),
(648, 'MALAMBO', 1, 1, 1, 0, 0, 0),
(649, 'NASERIAN ENGLISH MEDIUM', 1, 1, 1, 0, 0, 0),
(650, 'PIYAYA', 1, 1, 1, 0, 0, 0),
(651, 'TUMAINI', 1, 1, 1, 0, 0, 0),
(652, 'BULATI', 1, 1, 1, 0, 0, 0),
(653, 'IRKEEPUS', 1, 1, 1, 0, 0, 0),
(654, 'NAINOKANOKA', 1, 1, 1, 0, 0, 0),
(655, 'KAPENJIRO', 1, 1, 1, 0, 0, 0),
(656, 'NAIYOBI', 1, 1, 1, 0, 0, 0),
(657, 'MAKAO MAPYA', 1, 1, 1, 0, 0, 0),
(658, 'MISIGIYO', 1, 1, 1, 0, 0, 0),
(659, 'MOKILAL', 1, 1, 1, 0, 0, 0),
(660, 'OLOIROBI', 1, 1, 1, 0, 0, 0),
(661, 'NGOILE', 1, 1, 1, 0, 0, 0),
(662, 'OLBALBAL', 1, 1, 1, 0, 0, 0),
(663, 'JEMA', 1, 1, 1, 0, 0, 0),
(664, 'OLDONYOSAMBU', 1, 1, 1, 0, 0, 0),
(665, 'OLOIPIRI', 1, 1, 1, 0, 0, 0),
(666, 'SUKENYA', 1, 1, 1, 0, 0, 0),
(667, 'MAIROWA', 1, 1, 1, 0, 0, 0),
(668, 'NJOROI', 1, 1, 1, 0, 0, 0),
(669, 'OLOLOSOKWAN', 1, 1, 1, 0, 0, 0),
(670, 'LEMISHIRI', 1, 1, 1, 0, 0, 0),
(671, 'LORIEN', 1, 1, 1, 0, 0, 0),
(672, 'LUMO ENGLISH MEDIUM', 1, 1, 1, 0, 0, 0),
(673, 'MAMA SARA LOPOLUN', 1, 1, 1, 0, 0, 0),
(674, 'MARIE CORRSON', 1, 1, 1, 0, 0, 0),
(675, 'OLDONYOWAS', 1, 1, 1, 0, 0, 0),
(676, 'WASSO', 1, 1, 1, 0, 0, 0),
(677, 'LOLIONDO', 1, 1, 1, 0, 0, 0),
(678, 'LOLIONDO GCCT ENGLISH MEDIUM', 1, 1, 1, 0, 0, 0),
(679, 'SAKALA', 1, 1, 1, 0, 0, 0),
(680, 'ST. BRIGHT', 1, 1, 1, 0, 0, 0),
(681, 'ENGARASERO', 1, 1, 1, 0, 0, 0),
(682, 'MASUSU', 1, 1, 1, 0, 0, 0),
(683, 'MONICK', 1, 1, 1, 0, 0, 0),
(684, 'PINYINYI', 1, 1, 1, 0, 0, 0),
(685, 'MAGERI', 1, 1, 1, 0, 0, 0),
(686, 'MDITO', 1, 1, 1, 0, 0, 0),
(687, 'MGONGO', 1, 1, 1, 0, 0, 0),
(688, 'SALE', 1, 1, 1, 0, 0, 0),
(689, 'SAMUNGE', 1, 1, 1, 0, 0, 0),
(690, 'YASIMDITO', 1, 1, 1, 0, 0, 0),
(691, 'KIRTALO', 1, 1, 1, 0, 0, 0),
(692, 'MONDOROS', 1, 1, 1, 0, 0, 0),
(693, 'SOITSAMBU', 1, 1, 1, 0, 0, 0),
(694, 'BONYOKWA', 1, 1, 1, 0, 0, 0),
(695, 'KIFURU', 1, 1, 1, 0, 0, 0),
(696, 'TRINITY KINGDOM', 1, 1, 1, 0, 0, 0),
(697, 'BUGURUNI', 1, 1, 1, 0, 0, 0),
(698, 'BUGURUNI KISIWANI', 1, 1, 1, 0, 0, 0),
(699, 'BUGURUNI MOTO', 1, 1, 1, 0, 0, 0),
(700, 'BUGURUNI MOTO MPYA', 1, 1, 1, 0, 0, 0),
(701, 'BUGURUNI VIZIWI', 1, 1, 1, 0, 0, 0),
(702, 'HEKIMA', 1, 1, 1, 0, 0, 0),
(703, 'ST. AUGUSTINE', 1, 1, 1, 0, 0, 0),
(704, 'BUYUNI II', 1, 1, 1, 0, 0, 0),
(705, 'KIGEZI', 1, 1, 1, 0, 0, 0),
(706, 'MGEULE', 1, 1, 1, 0, 0, 0),
(707, 'NYEBURU', 1, 1, 1, 0, 0, 0),
(708, 'U/MONTESSORRY', 1, 1, 1, 0, 0, 0),
(709, 'BENEDICT', 1, 1, 1, 0, 0, 0),
(710, 'CHANIKA', 1, 1, 1, 0, 0, 0),
(711, 'DAILY LIFE', 1, 1, 1, 0, 0, 0),
(712, 'KWILA', 1, 1, 1, 0, 0, 0),
(713, 'LUKOONI', 1, 1, 1, 0, 0, 0),
(714, 'TUNGINI', 1, 1, 1, 0, 0, 0),
(715, 'VIKONGORO', 1, 1, 1, 0, 0, 0),
(716, 'YONGWE', 1, 1, 1, 0, 0, 0),
(717, 'GEREZANI', 1, 1, 1, 0, 0, 0),
(718, 'UHURU MCHANGANYIKO', 1, 1, 1, 0, 0, 0),
(719, 'UHURU WASICHANA', 1, 1, 1, 0, 0, 0),
(720, 'GONGO LA MBOTO JICA', 1, 1, 1, 0, 0, 0),
(721, 'GULUKWALALA', 1, 1, 1, 0, 0, 0),
(722, 'HIGHMOUNT', 1, 1, 1, 0, 0, 0),
(723, 'MAARIFA', 1, 1, 1, 0, 0, 0),
(724, 'MWANGAZA', 1, 1, 1, 0, 0, 0),
(725, 'RUGWA', 1, 1, 1, 0, 0, 0),
(726, 'ULONGONI', 1, 1, 1, 0, 0, 0),
(727, 'USHINDI', 1, 1, 1, 0, 0, 0),
(728, 'AL-FURQAAN', 1, 1, 1, 0, 0, 0),
(729, 'AMANA', 1, 1, 1, 0, 0, 0),
(730, 'BOMA', 1, 1, 1, 0, 0, 0),
(731, 'ILALA', 1, 1, 1, 0, 0, 0),
(732, 'ILALA ISLAMIC', 1, 1, 1, 0, 0, 0),
(733, 'KASULU', 1, 1, 1, 0, 0, 0),
(734, 'MIVINJENI', 1, 1, 1, 0, 0, 0),
(735, 'MKOANI', 1, 1, 1, 0, 0, 0),
(736, 'MONTESSORI MSIMBAZI', 1, 1, 1, 0, 0, 0),
(737, 'MSIMBAZI', 1, 1, 1, 0, 0, 0),
(738, 'MSIMBAZI MSETO', 1, 1, 1, 0, 0, 0),
(739, 'MNAZIMMOJA', 1, 1, 1, 0, 0, 0),
(740, 'LUMUMBA', 1, 1, 1, 0, 0, 0),
(741, 'QUIBLATAIN', 1, 1, 1, 0, 0, 0),
(742, 'AGNES MICHAEL', 1, 1, 1, 0, 0, 0),
(743, 'AMANI ACCT', 1, 1, 1, 0, 0, 0),
(744, 'ANDREW''S', 1, 1, 1, 0, 0, 0),
(745, 'DARAJANI', 1, 1, 1, 0, 0, 0),
(746, 'KIMANGA', 1, 1, 1, 0, 0, 0),
(747, 'KISUKURU', 1, 1, 1, 0, 0, 0),
(748, 'LUSASARO', 1, 1, 1, 0, 0, 0),
(749, 'MOUNT ZION', 1, 1, 1, 0, 0, 0),
(750, 'SABISA', 1, 1, 1, 0, 0, 0),
(751, 'TUMAINI', 1, 1, 1, 0, 0, 0),
(752, 'ERIMERINDA', 1, 1, 1, 0, 0, 0),
(753, 'FORTUNE', 1, 1, 1, 0, 0, 0),
(754, 'KIBAGA', 1, 1, 1, 0, 0, 0),
(755, 'KINYEREZI', 1, 1, 1, 0, 0, 0),
(756, 'KINYEREZI JICA', 1, 1, 1, 0, 0, 0),
(757, 'M/PLEASANT', 1, 1, 1, 0, 0, 0),
(758, 'MACEDONIA', 1, 1, 1, 0, 0, 0),
(759, 'MICHAEL MAUSA', 1, 1, 1, 0, 0, 0),
(760, 'NEW VIBE', 1, 1, 1, 0, 0, 0),
(761, 'NYIWA', 1, 1, 1, 0, 0, 0),
(762, 'PAMOJA', 1, 1, 1, 0, 0, 0),
(763, 'ST ROSALIA', 1, 1, 1, 0, 0, 0),
(764, 'ZABIKHA', 1, 1, 1, 0, 0, 0),
(765, 'ZIMBILI', 1, 1, 1, 0, 0, 0),
(766, 'AIRWING', 1, 1, 1, 0, 0, 0),
(767, 'HERITAGE', 1, 1, 1, 0, 0, 0),
(768, 'KARAKATA', 1, 1, 1, 0, 0, 0),
(769, 'KINGDOM HERTAGE', 1, 1, 1, 0, 0, 0),
(770, 'KIPAWA LIBERMAN', 1, 1, 1, 0, 0, 0),
(771, 'LOVENES JUNIOR', 1, 1, 1, 0, 0, 0),
(772, 'MAJANI YA CHAI', 1, 1, 1, 0, 0, 0),
(773, 'MINAZI MIREFU', 1, 1, 1, 0, 0, 0),
(774, 'MOGO', 1, 1, 1, 0, 0, 0),
(775, 'QUEENS''', 1, 1, 1, 0, 0, 0),
(776, 'ST.SCOLASTICA', 1, 1, 1, 0, 0, 0),
(777, 'BARTIVALLEY', 1, 1, 1, 0, 0, 0),
(778, 'GISELA', 1, 1, 1, 0, 0, 0),
(779, 'KILIMANI', 1, 1, 1, 0, 0, 0),
(780, 'KIPUNGUNI', 1, 1, 1, 0, 0, 0),
(781, 'MASAKA', 1, 1, 1, 0, 0, 0),
(782, 'MOSHI', 1, 1, 1, 0, 0, 0),
(783, 'MAGOZA', 1, 1, 1, 0, 0, 0),
(784, 'KISUTU', 1, 1, 1, 0, 0, 0),
(785, 'MTENDENI', 1, 1, 1, 0, 0, 0),
(786, 'BLESSED HILL', 1, 1, 1, 0, 0, 0),
(787, 'IMANI', 1, 1, 1, 0, 0, 0),
(788, 'JITIHADA', 1, 1, 1, 0, 0, 0),
(789, 'KEREZANGE', 1, 1, 1, 0, 0, 0),
(790, 'KITUNDA', 1, 1, 1, 0, 0, 0),
(791, 'KIYOMBO', 1, 1, 1, 0, 0, 0),
(792, 'LAWRENCE CITIZENS', 1, 1, 1, 0, 0, 0),
(793, 'MISSION KITUNDA', 1, 1, 1, 0, 0, 0),
(794, 'NYAMATA', 1, 1, 1, 0, 0, 0),
(795, 'ST JAMES', 1, 1, 1, 0, 0, 0),
(796, 'AL-MUNTAZIR BOYS', 1, 1, 1, 0, 0, 0),
(797, 'BUNGE', 1, 1, 1, 0, 0, 0),
(798, 'ST.JOSEPH MILLENIIUM', 1, 1, 1, 0, 0, 0),
(799, 'BOMBAMBILI', 1, 1, 1, 0, 0, 0),
(800, 'CLICK', 1, 1, 1, 0, 0, 0),
(801, 'DADDY', 1, 1, 1, 0, 0, 0),
(802, 'KANANURA', 1, 1, 1, 0, 0, 0),
(803, 'KIVULE', 1, 1, 1, 0, 0, 0),
(804, 'MISITU', 1, 1, 1, 0, 0, 0),
(805, 'SERENGETI', 1, 1, 1, 0, 0, 0),
(806, 'BWAWANI', 1, 1, 1, 0, 0, 0),
(807, 'KIGILAGILA', 1, 1, 1, 0, 0, 0),
(808, 'KIWALANI', 1, 1, 1, 0, 0, 0),
(809, 'MUUNGANO', 1, 1, 1, 0, 0, 0),
(810, 'MWALE', 1, 1, 1, 0, 0, 0),
(811, 'UMOJA', 1, 1, 1, 0, 0, 0),
(812, 'YOMBO', 1, 1, 1, 0, 0, 0),
(813, 'LIWITI', 1, 1, 1, 0, 0, 0),
(814, 'MISEWE', 1, 1, 1, 0, 0, 0),
(815, 'KICHANGANI', 1, 1, 1, 0, 0, 0),
(816, 'MAJMAAL BAHRAIN', 1, 1, 1, 0, 0, 0),
(817, 'MAJOHE', 1, 1, 1, 0, 0, 0),
(818, 'MARYLINN', 1, 1, 1, 0, 0, 0),
(819, 'MJI MPYA', 1, 1, 1, 0, 0, 0),
(820, 'URSULINE', 1, 1, 1, 0, 0, 0),
(821, 'VIWEGE', 1, 1, 1, 0, 0, 0),
(822, 'YELLOW STONE', 1, 1, 1, 0, 0, 0),
(823, 'AL- HILAL', 1, 1, 1, 0, 0, 0),
(824, 'MCHIKICHINI', 1, 1, 1, 0, 0, 0),
(825, 'FULL GOSPEL', 1, 1, 1, 0, 0, 0),
(826, 'HOLLY FAMILY', 1, 1, 1, 0, 0, 0),
(827, 'KIBOGA', 1, 1, 1, 0, 0, 0),
(828, 'KITONGA', 1, 1, 1, 0, 0, 0),
(829, 'LEDACTOM ACADEMY', 1, 1, 1, 0, 0, 0),
(830, 'MBONDOLE', 1, 1, 1, 0, 0, 0),
(831, 'MSONGOLA', 1, 1, 1, 0, 0, 0),
(832, 'MVUTI', 1, 1, 1, 0, 0, 0),
(833, 'MAGOLE', 1, 1, 1, 0, 0, 0),
(834, 'MWANAGATI', 1, 1, 1, 0, 0, 0),
(835, 'MZINGA', 1, 1, 1, 0, 0, 0),
(836, 'MZINGA ''B''', 1, 1, 1, 0, 0, 0),
(837, 'TUMAINI KEREZANGE', 1, 1, 1, 0, 0, 0),
(838, 'GREEN HILL', 1, 1, 1, 0, 0, 0),
(839, 'KABBY', 1, 1, 1, 0, 0, 0),
(840, 'KIGOGO FRESH', 1, 1, 1, 0, 0, 0),
(841, 'PUGU BOMBANI', 1, 1, 1, 0, 0, 0),
(842, 'PUGU KAJIUNGENI', 1, 1, 1, 0, 0, 0),
(843, 'BANGULO', 1, 1, 1, 0, 0, 0),
(844, 'PUGU STATION', 1, 1, 1, 0, 0, 0),
(845, 'AFRICAN', 1, 1, 1, 0, 0, 0),
(846, 'BARIADI', 1, 1, 1, 0, 0, 0),
(847, 'FOUNTAIN GATE', 1, 1, 1, 0, 0, 0),
(848, 'GENIUS KING', 1, 1, 1, 0, 0, 0),
(849, 'HARVAD', 1, 1, 1, 0, 0, 0),
(850, 'MAENDELEO', 1, 1, 1, 0, 0, 0),
(851, 'NEW AMBASODOR', 1, 1, 1, 0, 0, 0),
(852, 'PATMO JUNIOR', 1, 1, 1, 0, 0, 0),
(853, 'SEGEREA', 1, 1, 1, 0, 0, 0),
(854, 'ST.MAXIMILIAN', 1, 1, 1, 0, 0, 0),
(855, 'TUSIIME', 1, 1, 1, 0, 0, 0),
(856, 'ALFAROUQ', 1, 1, 1, 0, 0, 0),
(857, 'CHRIST THE KING', 1, 1, 1, 0, 0, 0),
(858, 'MTAMBANI', 1, 1, 1, 0, 0, 0),
(859, 'REMNANT', 1, 1, 1, 0, 0, 0),
(860, 'ST.MARRY''S', 1, 1, 1, 0, 0, 0),
(861, 'TABATA', 1, 1, 1, 0, 0, 0),
(862, 'TABATA JICA', 1, 1, 1, 0, 0, 0),
(863, 'ABC CAPITAL', 1, 1, 1, 0, 0, 0),
(864, 'AMANI', 1, 1, 1, 0, 0, 0),
(865, 'GONGO LA MBOTOJESHINI', 1, 1, 1, 0, 0, 0),
(866, 'JUHUDI', 1, 1, 1, 0, 0, 0),
(867, 'KIGOLU', 1, 1, 1, 0, 0, 0),
(868, 'MAGOROFANI', 1, 1, 1, 0, 0, 0),
(869, 'MARKAZ', 1, 1, 1, 0, 0, 0),
(870, 'MONGOLANDEGE', 1, 1, 1, 0, 0, 0),
(871, 'MZAMBARAUNI', 1, 1, 1, 0, 0, 0),
(872, 'ST THERESA', 1, 1, 1, 0, 0, 0),
(873, 'UKONGA', 1, 1, 1, 0, 0, 0),
(874, 'UKONGA JICA', 1, 1, 1, 0, 0, 0),
(875, 'AL-MADRASATUS', 1, 1, 1, 0, 0, 0),
(876, 'AL-MUNTAZIRY GIRLS', 1, 1, 1, 0, 0, 0),
(877, 'MEMON', 1, 1, 1, 0, 0, 0),
(878, 'MUHIMBILI', 1, 1, 1, 0, 0, 0),
(879, 'UMOJA WA MATAIFA', 1, 1, 1, 0, 0, 0),
(880, 'DIAMOND', 1, 1, 1, 0, 0, 0),
(881, 'LITTLE ANGELS', 1, 1, 1, 0, 0, 0),
(882, 'MAKTABA', 1, 1, 1, 0, 0, 0),
(883, 'OLYMPIO', 1, 1, 1, 0, 0, 0),
(884, 'UPANGA', 1, 1, 1, 0, 0, 0),
(885, 'ZANAKI', 1, 1, 1, 0, 0, 0),
(886, 'KOMBO', 1, 1, 1, 0, 0, 0),
(887, 'MIEMBENI', 1, 1, 1, 0, 0, 0),
(888, 'MTAKUJA', 1, 1, 1, 0, 0, 0),
(889, 'ST. JOSEPH BENEDICT COTTOLENGO', 1, 1, 1, 0, 0, 0),
(890, 'VINGUNGUTI', 1, 1, 1, 0, 0, 0),
(891, 'HEROES', 1, 1, 1, 0, 0, 0),
(892, 'KIMWANI', 1, 1, 1, 0, 0, 0),
(893, 'NZASA II', 1, 1, 1, 0, 0, 0),
(894, 'THUNKAD', 1, 1, 1, 0, 0, 0),
(895, 'WINGA', 1, 1, 1, 0, 0, 0),
(896, 'ZINGIZIWA', 1, 1, 1, 0, 0, 0),
(897, 'BOKO', 1, 1, 1, 0, 0, 0),
(898, 'BOKO NHC', 1, 1, 1, 0, 0, 0),
(899, 'BUHAZINA', 1, 1, 1, 0, 0, 0),
(900, 'BUNJU ''A''', 1, 1, 1, 0, 0, 0),
(901, 'DAYSTAR', 1, 1, 1, 0, 0, 0),
(902, 'FAITH', 1, 1, 1, 0, 0, 0),
(903, 'GOSHENI', 1, 1, 1, 0, 0, 0),
(904, 'LOCEE', 1, 1, 1, 0, 0, 0),
(905, 'MOGA', 1, 1, 1, 0, 0, 0),
(906, 'MTAMBANI', 1, 1, 1, 0, 0, 0),
(907, 'SIYA MODERN', 1, 1, 1, 0, 0, 0),
(908, 'STA. MARIA SALOME', 1, 1, 1, 0, 0, 0),
(909, 'BETA', 1, 1, 1, 0, 0, 0),
(910, 'ELIZABETH', 1, 1, 1, 0, 0, 0),
(911, 'GOBA', 1, 1, 1, 0, 0, 0),
(912, 'HEKIMA WALDOF', 1, 1, 1, 0, 0, 0),
(913, 'KINGS', 1, 1, 1, 0, 0, 0),
(914, 'KULANGWA', 1, 1, 1, 0, 0, 0),
(915, 'KUNGURU', 1, 1, 1, 0, 0, 0),
(916, 'PRECIOUS', 1, 1, 1, 0, 0, 0),
(917, 'TEGETA ''A''', 1, 1, 1, 0, 0, 0),
(918, 'HANANASIF', 1, 1, 1, 0, 0, 0),
(919, 'MKUNGUNI', 1, 1, 1, 0, 0, 0),
(920, 'ALI HASSAN MWINYI ELITE', 1, 1, 1, 0, 0, 0),
(921, 'BAJEVIRO', 1, 1, 1, 0, 0, 0),
(922, 'FEZA', 1, 1, 1, 0, 0, 0),
(923, 'KAWE A', 1, 1, 1, 0, 0, 0),
(924, 'KAWE B', 1, 1, 1, 0, 0, 0),
(925, 'LIBERMANN', 1, 1, 1, 0, 0, 0),
(926, 'LUGALO', 1, 1, 1, 0, 0, 0),
(927, 'MBEZI BEACH', 1, 1, 1, 0, 0, 0),
(928, 'MIRAMBO', 1, 1, 1, 0, 0, 0),
(929, 'MWL. J. K. NYERERE', 1, 1, 1, 0, 0, 0),
(930, 'RIGHTWAY', 1, 1, 1, 0, 0, 0),
(931, 'ST. ALOYSIUS', 1, 1, 1, 0, 0, 0),
(932, 'TUMAINI', 1, 1, 1, 0, 0, 0),
(933, 'UKWAMANI', 1, 1, 1, 0, 0, 0),
(934, 'VALENTINE', 1, 1, 1, 0, 0, 0),
(935, 'EMMI', 1, 1, 1, 0, 0, 0),
(936, 'HONDOGO', 1, 1, 1, 0, 0, 0),
(937, 'KIBAMBA', 1, 1, 1, 0, 0, 0),
(938, 'KIBWEGERE', 1, 1, 1, 0, 0, 0),
(939, 'KILUVYA', 1, 1, 1, 0, 0, 0),
(940, 'MOUNT CALVARY', 1, 1, 1, 0, 0, 0),
(941, 'SAKANA', 1, 1, 1, 0, 0, 0),
(942, 'DEEP SEA', 1, 1, 1, 0, 0, 0),
(943, 'G/RUTIHINDA', 1, 1, 1, 0, 0, 0),
(944, 'GONZAGA', 1, 1, 1, 0, 0, 0),
(945, 'KIGOGO', 1, 1, 1, 0, 0, 0),
(946, 'MAPINDUZI', 1, 1, 1, 0, 0, 0),
(947, 'MKWAWA', 1, 1, 1, 0, 0, 0),
(948, 'KIJITONYAMA', 1, 1, 1, 0, 0, 0),
(949, 'KIJITONYAMA KISIWANI', 1, 1, 1, 0, 0, 0),
(950, 'MAPAMBANO', 1, 1, 1, 0, 0, 0),
(951, 'MWANGAZA', 1, 1, 1, 0, 0, 0),
(952, 'MWENGE', 1, 1, 1, 0, 0, 0),
(953, 'SHEKILANGO', 1, 1, 1, 0, 0, 0),
(954, 'SINZA MAALUM', 1, 1, 1, 0, 0, 0),
(955, 'EBONITE', 1, 1, 1, 0, 0, 0),
(956, 'GOLANI', 1, 1, 1, 0, 0, 0),
(957, 'KILUNGULE', 1, 1, 1, 0, 0, 0),
(958, 'KIMARA BARUTI', 1, 1, 1, 0, 0, 0),
(959, 'MILENIA YA TATU', 1, 1, 1, 0, 0, 0),
(960, 'PARADIMS', 1, 1, 1, 0, 0, 0),
(961, 'ST. MAGRETH', 1, 1, 1, 0, 0, 0),
(962, 'TOP LAER', 1, 1, 1, 0, 0, 0),
(963, 'VERITAS', 1, 1, 1, 0, 0, 0),
(964, 'KUMBUKUMBU', 1, 1, 1, 0, 0, 0),
(965, 'MTAMBANI ISLAMIC', 1, 1, 1, 0, 0, 0),
(966, 'SUNRAY', 1, 1, 1, 0, 0, 0),
(967, 'BAHARI', 1, 1, 1, 0, 0, 0),
(968, 'BRIGHT HOPE', 1, 1, 1, 0, 0, 0),
(969, 'CANOSA', 1, 1, 1, 0, 0, 0),
(970, 'EDUCATION PLUS', 1, 1, 1, 0, 0, 0),
(971, 'JANGWANI BEACH', 1, 1, 1, 0, 0, 0),
(972, 'KUNDUCHI', 1, 1, 1, 0, 0, 0),
(973, 'MAKINI', 1, 1, 1, 0, 0, 0),
(974, 'MTAKUJA', 1, 1, 1, 0, 0, 0),
(975, 'MTONGANI', 1, 1, 1, 0, 0, 0),
(976, 'PIUS MSEKWA', 1, 1, 1, 0, 0, 0),
(977, 'PRINCESS GATE', 1, 1, 1, 0, 0, 0),
(978, 'PWANI', 1, 1, 1, 0, 0, 0),
(979, 'ROYAL ELITE', 1, 1, 1, 0, 0, 0),
(980, 'SKY', 1, 1, 1, 0, 0, 0),
(981, 'ST. FELISTA', 1, 1, 1, 0, 0, 0),
(982, 'ST. JOSEPH', 1, 1, 1, 0, 0, 0),
(983, 'UNUNIO', 1, 1, 1, 0, 0, 0),
(984, 'KING''AZI', 1, 1, 1, 0, 0, 0),
(985, 'KISOPWA', 1, 1, 1, 0, 0, 0),
(986, 'KWEMBE', 1, 1, 1, 0, 0, 0),
(987, 'LITTLE WOOD', 1, 1, 1, 0, 0, 0),
(988, 'MSAKUZI', 1, 1, 1, 0, 0, 0),
(989, 'AMANI', 1, 1, 1, 0, 0, 0),
(990, 'JESHINI', 1, 1, 1, 0, 0, 0),
(991, 'KAWAWA', 1, 1, 1, 0, 0, 0),
(992, 'MPAKANI', 1, 1, 1, 0, 0, 0),
(993, 'SAHARA', 1, 1, 1, 0, 0, 0),
(994, 'UMOJA', 1, 1, 1, 0, 0, 0),
(995, 'BUNJU B', 1, 1, 1, 0, 0, 0),
(996, 'DEBUGENE', 1, 1, 1, 0, 0, 0),
(997, 'GODENI', 1, 1, 1, 0, 0, 0),
(998, 'MABWEPANDE', 2, 2, 2, 0, 0, 0),
(999, 'MBOPO', 2, 2, 2, 0, 0, 0),
(1000, 'MJI MPYA', 2, 2, 2, 0, 0, 0),
(1001, 'TEJ SCHOOL', 2, 2, 2, 0, 0, 0),
(1002, 'TUNAWAPENDA WATOTO', 2, 2, 2, 0, 0, 0),
(1003, 'ALI HASSAN MWINYI', 2, 2, 2, 0, 0, 0),
(1004, 'HAZINA', 2, 2, 2, 0, 0, 0),
(1005, 'MAGOMENI', 2, 2, 2, 0, 0, 0),
(1006, 'CHANGANYIKENI', 2, 2, 2, 0, 0, 0),
(1007, 'CITY ACADEMY', 2, 2, 2, 0, 0, 0),
(1008, 'LONDA', 2, 2, 2, 0, 0, 0),
(1009, 'MAKONGO', 2, 2, 2, 0, 0, 0),
(1010, 'NAITEDAM', 2, 2, 2, 0, 0, 0),
(1011, 'ST. COLUMBAS', 2, 2, 2, 0, 0, 0),
(1012, 'BETHEL MISSION', 2, 2, 2, 0, 0, 0),
(1013, 'EMMANUEL', 2, 2, 2, 0, 0, 0),
(1014, 'KIBANGU', 2, 2, 2, 0, 0, 0),
(1015, 'KIBANGU ENG.', 2, 2, 2, 0, 0, 0),
(1016, 'MABIBO', 2, 2, 2, 0, 0, 0),
(1017, 'MAKOKA', 2, 2, 2, 0, 0, 0),
(1018, 'MAKUBURI', 2, 2, 2, 0, 0, 0),
(1019, 'MAKUBURI JESHINI', 2, 2, 2, 0, 0, 0),
(1020, 'MATSAPA', 2, 2, 2, 0, 0, 0),
(1021, 'STA. LUKAS', 2, 2, 2, 0, 0, 0),
(1022, 'UBUNGO KISIWANI', 2, 2, 2, 0, 0, 0),
(1023, 'MAKUMBUSHO', 2, 2, 2, 0, 0, 0),
(1024, 'MCHANGANI', 2, 2, 2, 0, 0, 0),
(1025, 'MINAZINI', 2, 2, 2, 0, 0, 0),
(1026, 'M''NYAMALA ''B''', 2, 2, 2, 0, 0, 0),
(1027, 'MWANANYAMALA KISIWANI', 2, 2, 2, 0, 0, 0),
(1028, 'VICTORIA', 2, 2, 2, 0, 0, 0),
(1029, 'DR. OMARI', 2, 2, 2, 0, 0, 0),
(1030, 'KARUME', 2, 2, 2, 0, 0, 0),
(1031, 'MIANZINI', 2, 2, 2, 0, 0, 0),
(1032, 'KILIMANI', 2, 2, 2, 0, 0, 0),
(1033, 'MANZESE', 2, 2, 2, 0, 0, 0),
(1034, 'UKOMBOZI', 2, 2, 2, 0, 0, 0),
(1035, 'UZURI', 2, 2, 2, 0, 0, 0),
(1036, 'AUREKE', 2, 2, 2, 0, 0, 0),
(1037, 'BARNEY', 2, 2, 2, 0, 0, 0),
(1038, 'CALVARY MONTESSORY', 2, 2, 2, 0, 0, 0),
(1039, 'FOUNTAIN OF JOY', 2, 2, 2, 0, 0, 0),
(1040, 'HELLENS', 2, 2, 2, 0, 0, 0),
(1041, 'IDRIS A. WAKIL', 2, 2, 2, 0, 0, 0),
(1042, 'KIBESA', 2, 2, 2, 0, 0, 0),
(1043, 'MAKABE', 2, 2, 2, 0, 0, 0),
(1044, 'MAKAMBA', 2, 2, 2, 0, 0, 0),
(1045, 'MBEZI', 2, 2, 2, 0, 0, 0),
(1046, 'MBEZI LUIS', 2, 2, 2, 0, 0, 0),
(1047, 'MONT', 2, 2, 2, 0, 0, 0),
(1048, 'MSHIKAMANO', 2, 2, 2, 0, 0, 0),
(1049, 'MSUMI', 2, 2, 2, 0, 0, 0),
(1050, 'NICOSTA', 2, 2, 2, 0, 0, 0),
(1051, 'ST. ANNS', 2, 2, 2, 0, 0, 0),
(1052, 'TOPSTAR', 2, 2, 2, 0, 0, 0),
(1053, 'UPENDO', 2, 2, 2, 0, 0, 0),
(1054, 'KILIMANI ENG', 2, 2, 2, 0, 0, 0),
(1055, 'MBEZI JUU', 2, 2, 2, 0, 0, 0),
(1056, 'MBEZI NDUMBWI', 2, 2, 2, 0, 0, 0),
(1057, 'MOUNT KIBO', 2, 2, 2, 0, 0, 0),
(1058, 'ST. MARYS', 2, 2, 2, 0, 0, 0),
(1059, 'ALI HASSAN MWINYI ISLAMIC', 2, 2, 2, 0, 0, 0),
(1060, 'BARAFU', 2, 2, 2, 0, 0, 0),
(1061, 'BRYCESON', 2, 2, 2, 0, 0, 0),
(1062, 'MBURAHATI', 2, 2, 2, 0, 0, 0),
(1063, 'MUUNGANO', 2, 2, 2, 0, 0, 0),
(1064, 'HOPE & JOY', 2, 2, 2, 0, 0, 0),
(1065, 'KIUMBAGENI', 2, 2, 2, 0, 0, 0),
(1066, 'MBWENI', 2, 2, 2, 0, 0, 0),
(1067, 'MT. EVEREST', 2, 2, 2, 0, 0, 0),
(1068, 'NEW ERA', 2, 2, 2, 0, 0, 0),
(1069, 'ACADEMIC INTERNATIONAL', 2, 2, 2, 0, 0, 0),
(1070, 'EAST AFRICA', 2, 2, 2, 0, 0, 0),
(1071, 'MIKOCHENI', 2, 2, 2, 0, 0, 0),
(1072, 'MIKOCHENI ISLAMIC', 2, 2, 2, 0, 0, 0),
(1073, 'SHREE HINDU MANDAL', 2, 2, 2, 0, 0, 0),
(1074, 'ST. FLORENCE', 2, 2, 2, 0, 0, 0),
(1075, 'SUNRISE', 2, 2, 2, 0, 0, 0),
(1076, 'USHINDI', 2, 2, 2, 0, 0, 0),
(1077, 'AL-IRSHAAD', 2, 2, 2, 0, 0, 0),
(1078, 'BONGOYO', 2, 2, 2, 0, 0, 0),
(1079, 'DRIVE INN', 2, 2, 2, 0, 0, 0),
(1080, 'GOOD SAMARITAN', 2, 2, 2, 0, 0, 0),
(1081, 'MBUYUNI', 2, 2, 2, 0, 0, 0),
(1082, 'MSASANI A', 2, 2, 2, 0, 0, 0),
(1083, 'MSASANI B', 2, 2, 2, 0, 0, 0),
(1084, 'MSASANI ISLAMIC', 2, 2, 2, 0, 0, 0),
(1085, 'OYSTERBAY', 2, 2, 2, 0, 0, 0),
(1086, 'PENSULA', 2, 2, 2, 0, 0, 0),
(1087, 'ALLIENCE', 2, 2, 2, 0, 0, 0),
(1088, 'BELU', 2, 2, 2, 0, 0, 0),
(1089, 'GIFT SKILLFUL', 2, 2, 2, 0, 0, 0),
(1090, 'MALAMBA MAWILI', 2, 2, 2, 0, 0, 0),
(1091, 'MOUNT MORIAH', 2, 2, 2, 0, 0, 0),
(1092, 'MOUNT SAYUNI', 2, 2, 2, 0, 0, 0),
(1093, 'MSIGANI', 2, 2, 2, 0, 0, 0),
(1094, 'MT. TERESIA', 2, 2, 2, 0, 0, 0),
(1095, 'ST. ANNA MARIE', 2, 2, 2, 0, 0, 0),
(1096, 'TEMBONI', 2, 2, 2, 0, 0, 0),
(1097, 'ANSWAR', 2, 2, 2, 0, 0, 0),
(1098, 'KINONDONI', 2, 2, 2, 0, 0, 0),
(1099, 'MSISIRI', 2, 2, 2, 0, 0, 0),
(1100, 'MSISIRI ''B''', 2, 2, 2, 0, 0, 0),
(1101, 'MWONGOZO', 2, 2, 2, 0, 0, 0),
(1102, 'MIKUMI', 2, 2, 2, 0, 0, 0),
(1103, 'MZIMUNI', 2, 2, 2, 0, 0, 0),
(1104, 'SHEKHAT HISSA', 2, 2, 2, 0, 0, 0),
(1105, 'MWL. NYERERE', 2, 2, 2, 0, 0, 0),
(1106, 'NDUGUMBI', 2, 2, 2, 0, 0, 0),
(1107, 'TURIANI', 2, 2, 2, 0, 0, 0),
(1108, 'ANAZAK', 2, 2, 2, 0, 0, 0),
(1109, 'ANNINYINDUMI', 2, 2, 2, 0, 0, 0),
(1110, 'BROOKSIDE', 2, 2, 2, 0, 0, 0),
(1111, 'FILBERT BAYI', 2, 2, 2, 0, 0, 0),
(1112, 'HIGHRIDGE', 2, 2, 2, 0, 0, 0),
(1113, 'IMMACULATE', 2, 2, 2, 0, 0, 0),
(1114, 'JITIHADA', 2, 2, 2, 0, 0, 0),
(1115, 'KIMARA ''B''', 2, 2, 2, 0, 0, 0),
(1116, 'KING''ONGO', 2, 2, 2, 0, 0, 0),
(1117, 'MAVURUNZA', 2, 2, 2, 0, 0, 0),
(1118, 'MOTHER MARY', 2, 2, 2, 0, 0, 0),
(1119, 'MOUNTAIN HILL', 2, 2, 2, 0, 0, 0),
(1120, 'MT. KILIMANJARO', 2, 2, 2, 0, 0, 0),
(1121, 'NABA', 2, 2, 2, 0, 0, 0),
(1122, 'SARANGA', 2, 2, 2, 0, 0, 0),
(1123, 'ST. CLARET', 2, 2, 2, 0, 0, 0),
(1124, 'DAR TRUST FUND', 2, 2, 2, 0, 0, 0),
(1125, 'GRACE', 2, 2, 2, 0, 0, 0),
(1126, 'LUQMAN', 2, 2, 2, 0, 0, 0),
(1127, 'MASHUJAA', 2, 2, 2, 0, 0, 0),
(1128, 'MUGABE', 2, 2, 2, 0, 0, 0),
(1129, 'REGINALD MENGI', 2, 2, 2, 0, 0, 0),
(1130, 'SINZA', 2, 2, 2, 0, 0, 0),
(1131, 'HEKIMA', 2, 2, 2, 0, 0, 0),
(1132, 'MUHALITAN', 2, 2, 2, 0, 0, 0),
(1133, 'TANDALE', 2, 2, 2, 0, 0, 0),
(1134, 'TANDALE MAGH.', 2, 2, 2, 0, 0, 0),
(1135, 'ATLAS', 2, 2, 2, 0, 0, 0),
(1136, 'MALAIKA', 2, 2, 2, 0, 0, 0),
(1137, 'MLIMANI', 2, 2, 2, 0, 0, 0),
(1138, 'MSEWE', 2, 2, 2, 0, 0, 0),
(1139, 'ROSAMI', 2, 2, 2, 0, 0, 0),
(1140, 'UBUNGO NH', 2, 2, 2, 0, 0, 0),
(1141, 'UBUNGO PLAZA', 2, 2, 2, 0, 0, 0),
(1142, 'URAFIKI', 2, 2, 2, 0, 0, 0),
(1143, 'ATLAS MADALE', 2, 2, 2, 0, 0, 0),
(1144, 'BENACO', 2, 2, 2, 0, 0, 0),
(1145, 'GREEN ACRES', 2, 2, 2, 0, 0, 0),
(1146, 'KELAND', 2, 2, 2, 0, 0, 0),
(1147, 'KINGDOM', 2, 2, 2, 0, 0, 0),
(1148, 'KISAUKE', 2, 2, 2, 0, 0, 0),
(1149, 'MOTHER OF MERCY', 2, 2, 2, 0, 0, 0),
(1150, 'NAKASANGWE', 2, 2, 2, 0, 0, 0),
(1151, 'SALASALA', 2, 2, 2, 0, 0, 0),
(1152, 'UWATA MADALE', 2, 2, 2, 0, 0, 0),
(1153, 'WAZO HILL', 2, 2, 2, 0, 0, 0),
(1154, 'AZIMIO', 2, 2, 2, 0, 0, 0),
(1155, 'MJIMPYA', 2, 2, 2, 0, 0, 0),
(1156, 'MORINGE', 2, 2, 2, 0, 0, 0),
(1157, 'MWANGAZA', 2, 2, 2, 0, 0, 0),
(1158, 'SOKOINE', 2, 2, 2, 0, 0, 0),
(1159, 'TWIGA', 2, 2, 2, 0, 0, 0),
(1160, 'AMANI', 2, 2, 2, 0, 0, 0),
(1161, 'BUZA', 2, 2, 2, 0, 0, 0),
(1162, 'KARUME', 2, 2, 2, 0, 0, 0),
(1163, 'SACRED HEART', 2, 2, 2, 0, 0, 0),
(1164, 'STABELLA', 2, 2, 2, 0, 0, 0),
(1165, 'CHAMAZI', 2, 2, 2, 0, 0, 0),
(1166, 'CHAMAZI ISLAMIC', 2, 2, 2, 0, 0, 0),
(1167, 'CHE-MBANDE ISLAMIC', 2, 2, 2, 0, 0, 0),
(1168, 'DYNAMIC', 2, 2, 2, 0, 0, 0),
(1169, 'FAHARI', 2, 2, 2, 0, 0, 0),
(1170, 'KAZAURA', 2, 2, 2, 0, 0, 0),
(1171, 'LILIES', 2, 2, 2, 0, 0, 0),
(1172, 'MBANDE', 2, 2, 2, 0, 0, 0),
(1173, 'MKOMBOZI MONTESSORI', 2, 2, 2, 0, 0, 0),
(1174, 'MSUFINI', 2, 2, 2, 0, 0, 0),
(1175, 'RUFU', 2, 2, 2, 0, 0, 0),
(1176, 'SAKU', 2, 2, 2, 0, 0, 0),
(1177, 'UNIQUE ACADEMY', 2, 2, 2, 0, 0, 0),
(1178, 'WISDOM', 2, 2, 2, 0, 0, 0),
(1179, 'ST THERESE', 2, 2, 2, 0, 0, 0),
(1180, 'UNUBINI', 2, 2, 2, 0, 0, 0),
(1181, 'KILAMBA', 2, 2, 2, 0, 0, 0),
(1182, 'KEKO MAGURUMBASI', 2, 2, 2, 0, 0, 0),
(1183, 'KEKO MWANGA', 2, 2, 2, 0, 0, 0),
(1184, 'ALGEBRA', 2, 2, 2, 0, 0, 0),
(1185, 'KIBADA', 2, 2, 2, 0, 0, 0),
(1186, 'MIZIMBINI', 2, 2, 2, 0, 0, 0),
(1187, 'ST JOSEPH THE WORKER', 2, 2, 2, 0, 0, 0),
(1188, 'MCHIKICHINI', 2, 2, 2, 0, 0, 0),
(1189, 'RANGITATU', 2, 2, 2, 0, 0, 0),
(1190, 'ST MARY''S', 2, 2, 2, 0, 0, 0),
(1191, 'JUHUDI', 2, 2, 2, 0, 0, 0),
(1192, 'KIBURUGWA', 2, 2, 2, 0, 0, 0),
(1193, 'KINGUGI', 2, 2, 2, 0, 0, 0),
(1194, 'KIGAMBONI', 2, 2, 2, 0, 0, 0),
(1195, 'KIVUKONI', 2, 2, 2, 0, 0, 0),
(1196, 'RAHALEO', 2, 2, 2, 0, 0, 0),
(1197, 'UFUKONI', 2, 2, 2, 0, 0, 0),
(1198, 'ANLEX', 2, 2, 2, 0, 0, 0),
(1199, 'BWAWANI', 2, 2, 2, 0, 0, 0),
(1200, 'DORIS', 2, 2, 2, 0, 0, 0),
(1201, 'HOLY CROSS', 2, 2, 2, 0, 0, 0),
(1202, 'KAMO', 2, 2, 2, 0, 0, 0),
(1203, 'MATER DEI', 2, 2, 2, 0, 0, 0),
(1204, 'MGENINANI', 2, 2, 2, 0, 0, 0),
(1205, 'MTONI KIJICHI', 2, 2, 2, 0, 0, 0),
(1206, 'KIGUNGA', 2, 2, 2, 0, 0, 0),
(1207, 'KILAKALA', 2, 2, 2, 0, 0, 0),
(1208, 'MUSTAMBI', 2, 2, 2, 0, 0, 0),
(1209, 'CHARAMBE', 2, 2, 2, 0, 0, 0),
(1210, 'CHEMCHEM', 2, 2, 2, 0, 0, 0),
(1211, 'NZASA', 2, 2, 2, 0, 0, 0),
(1212, 'BOHARI', 2, 2, 2, 0, 0, 0),
(1213, 'KIJAKA', 2, 2, 2, 0, 0, 0),
(1214, 'KIMBIJI', 2, 2, 2, 0, 0, 0),
(1215, 'CHEKENI MWASONGA', 2, 2, 2, 0, 0, 0),
(1216, 'KISARAWE II', 2, 2, 2, 0, 0, 0),
(1217, 'MKAMBA', 2, 2, 2, 0, 0, 0),
(1218, 'VUMILIA UKOONI', 2, 2, 2, 0, 0, 0),
(1219, 'KIUNGANI', 2, 2, 2, 0, 0, 0),
(1220, 'KURASINI', 2, 2, 2, 0, 0, 0),
(1221, 'MINAZINI', 2, 2, 2, 0, 0, 0),
(1222, 'MIVINJENI', 2, 2, 2, 0, 0, 0),
(1223, 'SHALOM', 2, 2, 2, 0, 0, 0),
(1224, 'ANNETTE B', 2, 2, 2, 0, 0, 0),
(1225, 'JITIHADA', 2, 2, 2, 0, 0, 0),
(1226, 'OASIS', 2, 2, 2, 0, 0, 0),
(1227, 'YOMBO DOVYA', 2, 2, 2, 0, 0, 0),
(1228, 'GREAT VISION', 2, 2, 2, 0, 0, 0),
(1229, 'KIZINGA', 2, 2, 2, 0, 0, 0),
(1230, 'MBAGALA', 2, 2, 2, 0, 0, 0),
(1231, 'MBAGALA ANNEX', 2, 2, 2, 0, 0, 0),
(1232, 'KIBONDEMAJI', 2, 2, 2, 0, 0, 0),
(1233, 'KIZUIANI', 2, 2, 2, 0, 0, 0),
(1234, 'MAENDELEO', 2, 2, 2, 0, 0, 0),
(1235, 'MBAGALA KUU', 2, 2, 2, 0, 0, 0),
(1236, 'HEKIMA', 2, 2, 2, 0, 0, 0),
(1237, 'HOLY UNION SISTER', 2, 2, 2, 0, 0, 0),
(1238, 'MACHINJIONI', 2, 2, 2, 0, 0, 0),
(1239, 'MAJIMATITU', 2, 2, 2, 0, 0, 0),
(1240, 'MIANZINI', 2, 2, 2, 0, 0, 0),
(1241, 'MWANGAZA (P)', 2, 2, 2, 0, 0, 0),
(1242, 'AL QAADIRIYA', 2, 2, 2, 0, 0, 0),
(1243, 'BARRACKS', 2, 2, 2, 0, 0, 0),
(1244, 'CHANG''OMBE', 2, 2, 2, 0, 0, 0),
(1245, 'JESHI LA WOKOVU', 2, 2, 2, 0, 0, 0),
(1246, 'KIBASILA', 2, 2, 2, 0, 0, 0),
(1247, 'LIKWATI', 2, 2, 2, 0, 0, 0),
(1248, 'MGULANI', 2, 2, 2, 0, 0, 0),
(1249, 'TAIFA', 2, 2, 2, 0, 0, 0),
(1250, 'WAILES', 2, 2, 2, 0, 0, 0),
(1251, 'YEMENI', 2, 2, 2, 0, 0, 0),
(1252, 'AMKA', 2, 2, 2, 0, 0, 0),
(1253, 'KIBUGUMO', 2, 2, 2, 0, 0, 0),
(1254, 'MAWENI', 2, 2, 2, 0, 0, 0),
(1255, 'MJIMWEMA', 2, 2, 2, 0, 0, 0),
(1256, 'UNGINDONI', 2, 2, 2, 0, 0, 0),
(1257, 'BOKORANI', 2, 2, 2, 0, 0, 0),
(1258, 'MTONI', 2, 2, 2, 0, 0, 0),
(1259, 'MTONI MAALUM', 2, 2, 2, 0, 0, 0),
(1260, 'MTONI SABASABA', 2, 2, 2, 0, 0, 0),
(1261, 'BUYUNI I', 2, 2, 2, 0, 0, 0),
(1262, 'KICHANGANI', 2, 2, 2, 0, 0, 0),
(1263, 'MKUNDI', 2, 2, 2, 0, 0, 0),
(1264, 'MUHIMBILI II', 2, 2, 2, 0, 0, 0),
(1265, 'PEMBA MNAZI', 2, 2, 2, 0, 0, 0),
(1266, 'TUNDWI SONGANI', 2, 2, 2, 0, 0, 0),
(1267, 'YALE YALE PUNA', 2, 2, 2, 0, 0, 0),
(1268, 'MARY OUR HELP', 2, 2, 2, 0, 0, 0),
(1269, 'SANDALI', 2, 2, 2, 0, 0, 0),
(1270, 'VETERNARY', 2, 2, 2, 0, 0, 0),
(1271, 'DAARUL-ARQAM', 2, 2, 2, 0, 0, 0),
(1272, 'GEZAULOLE', 2, 2, 2, 0, 0, 0),
(1273, 'GOMVU', 2, 2, 2, 0, 0, 0),
(1274, 'HERI FANAKA', 2, 2, 2, 0, 0, 0),
(1275, 'MBUTU', 2, 2, 2, 0, 0, 0),
(1276, 'MEKA', 2, 2, 2, 0, 0, 0),
(1277, 'MWONGOZO', 2, 2, 2, 0, 0, 0),
(1278, 'A.H. MWINYI', 2, 2, 2, 0, 0, 0),
(1279, 'BILAL COMPREHENSIVE', 2, 2, 2, 0, 0, 0),
(1280, 'GOODSHEPHERD', 2, 2, 2, 0, 0, 0),
(1281, 'KILIMAHEWA', 2, 2, 2, 0, 0, 0),
(1282, 'MABATINI', 2, 2, 2, 0, 0, 0),
(1283, 'TANDIKA', 2, 2, 2, 0, 0, 0),
(1284, 'YUSUPH R. MAKAMBA', 2, 2, 2, 0, 0, 0),
(1285, 'ALHIKMA', 2, 2, 2, 0, 0, 0),
(1286, 'BAHATI', 2, 2, 2, 0, 0, 0),
(1287, 'LIONESS MIBURANI', 2, 2, 2, 0, 0, 0),
(1288, 'MADENGE', 2, 2, 2, 0, 0, 0),
(1289, 'MUUNGANO', 2, 2, 2, 0, 0, 0),
(1290, 'NDALALA', 2, 2, 2, 0, 0, 0),
(1291, 'RUVUMA', 2, 2, 2, 0, 0, 0),
(1292, 'SERENGETI', 2, 2, 2, 0, 0, 0),
(1293, 'TEMEKE', 2, 2, 2, 0, 0, 0),
(1294, 'UMOJA', 2, 2, 2, 0, 0, 0),
(1295, 'ASSWIDDIQUE', 2, 2, 2, 0, 0, 0),
(1296, 'COMPLEX', 2, 2, 2, 0, 0, 0),
(1297, 'CORNERSTONE', 2, 2, 2, 0, 0, 0),
(1298, 'JOYLAND', 2, 2, 2, 0, 0, 0),
(1299, 'KATAVI', 2, 2, 2, 0, 0, 0),
(1300, 'KONGOWE', 2, 2, 2, 0, 0, 0),
(1301, 'MIKWAMBE', 2, 2, 2, 0, 0, 0),
(1302, 'MZINGA', 2, 2, 2, 0, 0, 0),
(1303, 'RAINBOW', 2, 2, 2, 0, 0, 0),
(1304, 'TEMEKE SDA', 2, 2, 2, 0, 0, 0),
(1305, 'TOANGOMA', 2, 2, 2, 0, 0, 0),
(1306, 'UPENDO', 2, 2, 2, 0, 0, 0),
(1307, 'FRAY LUIS AMIGO', 2, 2, 2, 0, 0, 0),
(1308, 'MAHENGE', 2, 2, 2, 0, 0, 0),
(1309, 'TUNGI', 2, 2, 2, 0, 0, 0),
(1310, 'BETHANIA', 2, 2, 2, 0, 0, 0),
(1311, 'CAPACITY BUILDING', 2, 2, 2, 0, 0, 0),
(1312, 'KISIWANI', 2, 2, 2, 0, 0, 0),
(1313, 'VIJIBWENI', 2, 2, 2, 0, 0, 0),
(1314, 'BRAINTRUST', 2, 2, 2, 0, 0, 0),
(1315, 'MAMAISARA', 2, 2, 2, 0, 0, 0),
(1316, 'MONTFORT', 2, 2, 2, 0, 0, 0),
(1317, 'MOSES', 2, 2, 2, 0, 0, 0),
(1318, 'UKOMBOZI', 2, 2, 2, 0, 0, 0),
(1319, 'UWANJA WA NDEGE', 2, 2, 2, 0, 0, 0),
(1320, 'YOMBO VITUKA', 2, 2, 2, 0, 0, 0),
(1321, 'ASANJE', 2, 2, 2, 0, 0, 0),
(1322, 'BABAYU', 2, 2, 2, 0, 0, 0),
(1323, 'KONGOGO', 2, 2, 2, 0, 0, 0),
(1324, 'MGONDO', 2, 2, 2, 0, 0, 0),
(1325, 'BAHI MISHENI', 2, 2, 2, 0, 0, 0),
(1326, 'BAHI SOKONI', 2, 2, 2, 0, 0, 0),
(1327, 'NAGULO BAHI', 2, 2, 2, 0, 0, 0),
(1328, 'SANDULI', 2, 2, 2, 0, 0, 0),
(1329, 'UHELELA', 2, 2, 2, 0, 0, 0),
(1330, 'CHALI IGONGO', 2, 2, 2, 0, 0, 0),
(1331, 'CHALI ISANGA', 1, 1, 1, 0, 0, 0),
(1332, 'CHALI MAKULU', 1, 1, 1, 0, 0, 0),
(1333, 'CHIKOPELO', 1, 1, 1, 0, 0, 0),
(1334, 'CHIKOPELOBWAWANI', 1, 1, 1, 0, 0, 0),
(1335, 'CHIBELELA', 1, 1, 1, 0, 0, 0),
(1336, 'ISANGHA', 1, 1, 1, 0, 0, 0),
(1337, 'SOKOINE', 1, 1, 1, 0, 0, 0),
(1338, 'CHIFUTUKA', 1, 1, 1, 0, 0, 0),
(1339, 'IWUMBA', 1, 1, 1, 0, 0, 0),
(1340, 'MAGAGA', 1, 1, 1, 0, 0, 0),
(1341, 'CHIKOLA', 1, 1, 1, 0, 0, 0),
(1342, 'CHIMENDELI', 1, 1, 1, 0, 0, 0),
(1343, 'CHITALALO', 1, 1, 1, 0, 0, 0),
(1344, 'NGHULUGANO', 1, 1, 1, 0, 0, 0),
(1345, 'CHIGULUKA', 1, 1, 1, 0, 0, 0),
(1346, 'CHIPANGA A', 1, 1, 1, 0, 0, 0),
(1347, 'CHIPANGA B', 1, 1, 1, 0, 0, 0),
(1348, 'SULUNGAI', 1, 1, 1, 0, 0, 0),
(1349, 'IBIHWA', 1, 1, 1, 0, 0, 0),
(1350, 'MNKOLA', 1, 1, 1, 0, 0, 0),
(1351, 'NGHOMBOLOLA', 1, 1, 1, 0, 0, 0),
(1352, 'IBUGULE', 1, 1, 1, 0, 0, 0),
(1353, 'MAPANGA', 1, 1, 1, 0, 0, 0),
(1354, 'NKHOME', 1, 1, 1, 0, 0, 0),
(1355, 'ILINDI', 1, 1, 1, 0, 0, 0),
(1356, 'MINDOLA', 1, 1, 1, 0, 0, 0),
(1357, 'KICHANGANI', 1, 1, 1, 0, 0, 0),
(1358, 'KIGWE', 1, 1, 1, 0, 0, 0),
(1359, 'KIGWE VIZIWI', 1, 1, 1, 0, 0, 0),
(1360, 'MAPINDUZI', 1, 1, 1, 0, 0, 0),
(1361, 'BANKOLO', 1, 1, 1, 0, 0, 0),
(1362, 'LAMAITI', 1, 1, 1, 0, 0, 0),
(1363, 'LUKALI', 1, 1, 1, 0, 0, 0),
(1364, 'CHIDETE', 1, 1, 1, 0, 0, 0),
(1365, 'CHONDE', 1, 1, 1, 0, 0, 0),
(1366, 'MAKANDA', 1, 1, 1, 0, 0, 0),
(1367, 'CHIDILO', 1, 1, 1, 0, 0, 0),
(1368, 'MPALANGA', 1, 1, 1, 0, 0, 0),
(1369, 'NHOLI', 1, 1, 1, 0, 0, 0),
(1370, 'BAHI MAKULU', 1, 1, 1, 0, 0, 0),
(1371, 'MKAKATIKA', 1, 1, 1, 0, 0, 0),
(1372, 'MPAMANTWA', 1, 1, 1, 0, 0, 0),
(1373, 'MPINGA', 1, 1, 1, 0, 0, 0),
(1374, 'MZOGOLE', 1, 1, 1, 0, 0, 0),
(1375, 'KISIMA CHA NDEGE', 1, 1, 1, 0, 0, 0),
(1376, 'MCHITO', 1, 1, 1, 0, 0, 0),
(1377, 'MSISI', 1, 1, 1, 0, 0, 0),
(1378, 'TINAI', 1, 1, 1, 0, 0, 0),
(1379, 'KUSILA', 1, 1, 1, 0, 0, 0),
(1380, 'MTITAA', 1, 1, 1, 0, 0, 0),
(1381, 'NHYINILA', 1, 1, 1, 0, 0, 0),
(1382, 'CHIBAYA', 1, 1, 1, 0, 0, 0),
(1383, 'CHILUNGULU', 1, 1, 1, 0, 0, 0),
(1384, 'MUNDEMU', 1, 1, 1, 0, 0, 0),
(1385, 'NGUJI', 1, 1, 1, 0, 0, 0);
INSERT INTO `school` (`id`, `name`, `ward_id`, `ownership_id`, `level_id`, `latitude`, `longitude`, `status`) VALUES
(1386, 'MPHANGWE', 1, 1, 1, 0, 0, 0),
(1387, 'MWITIKIRA', 1, 1, 1, 0, 0, 0),
(1388, 'NONDWA', 1, 1, 1, 0, 0, 0),
(1389, 'ZEJELE', 1, 1, 1, 0, 0, 0),
(1390, 'MAYAMAYA', 1, 1, 1, 0, 0, 0),
(1391, 'MKONDAI', 1, 1, 1, 0, 0, 0),
(1392, 'ZANKA', 1, 1, 1, 0, 0, 0),
(1393, 'BUIGIRI BLIND', 1, 1, 1, 0, 0, 0),
(1394, 'BUIGIRI MISHENI', 1, 1, 1, 0, 0, 0),
(1395, 'CHINANGALI-II', 1, 1, 1, 0, 0, 0),
(1396, 'UGUZI', 1, 1, 1, 0, 0, 0),
(1397, 'CHAMWINO', 1, 1, 1, 0, 0, 0),
(1398, 'KAMBARAGE', 1, 1, 1, 0, 0, 0),
(1399, 'MKAPA', 1, 1, 1, 0, 0, 0),
(1400, 'CHAMPUMBA', 1, 1, 1, 0, 0, 0),
(1401, 'CHIBOLI', 1, 1, 1, 0, 0, 0),
(1402, 'CHILONWA', 1, 1, 1, 0, 0, 0),
(1403, 'MAHAMA', 1, 1, 1, 0, 0, 0),
(1404, 'MAPINDUZI', 1, 1, 1, 0, 0, 0),
(1405, 'NZALI', 1, 1, 1, 0, 0, 0),
(1406, 'CHINUGULU', 1, 1, 1, 0, 0, 0),
(1407, 'MONDOMELA', 1, 1, 1, 0, 0, 0),
(1408, 'CHIWONDO', 1, 1, 1, 0, 0, 0),
(1409, 'DABALO', 1, 1, 1, 0, 0, 0),
(1410, 'IGAMBA', 1, 1, 1, 0, 0, 0),
(1411, 'MANYEMBA', 1, 1, 1, 0, 0, 0),
(1412, 'NAYU', 1, 1, 1, 0, 0, 0),
(1413, 'FUFU', 1, 1, 1, 0, 0, 0),
(1414, 'SULI', 1, 1, 1, 0, 0, 0),
(1415, 'CHANHUMBA', 1, 1, 1, 0, 0, 0),
(1416, 'HANDALI', 1, 1, 1, 0, 0, 0),
(1417, 'CHENENE', 1, 1, 1, 0, 0, 0),
(1418, 'HANETI', 1, 1, 1, 0, 0, 0),
(1419, 'HUMEKWA', 1, 1, 1, 0, 0, 0),
(1420, 'KWAHEMU', 1, 1, 1, 0, 0, 0),
(1421, 'MWIYENDAJE', 1, 1, 1, 0, 0, 0),
(1422, 'CHIFUKULO', 1, 1, 1, 0, 0, 0),
(1423, 'HUZI', 1, 1, 1, 0, 0, 0),
(1424, 'MUHEME', 1, 1, 1, 0, 0, 0),
(1425, 'IDIFU', 1, 1, 1, 0, 0, 0),
(1426, 'MIGANGA', 1, 1, 1, 0, 0, 0),
(1427, 'MUGU', 1, 1, 1, 0, 0, 0),
(1428, 'IGANDU', 1, 1, 1, 0, 0, 0),
(1429, 'IKOMBOLINGA', 1, 1, 1, 0, 0, 0),
(1430, 'MAJENGO MAPYA', 1, 1, 1, 0, 0, 0),
(1431, 'AMANI', 1, 1, 1, 0, 0, 0),
(1432, 'IKOWA', 1, 1, 1, 0, 0, 0),
(1433, 'MAKOJA', 1, 1, 1, 0, 0, 0),
(1434, 'CHITA', 1, 1, 1, 0, 0, 0),
(1435, 'IRINGA MVUMI', 1, 1, 1, 0, 0, 0),
(1436, 'CHISOLO', 1, 1, 1, 0, 0, 0),
(1437, 'IKOMBO', 1, 1, 1, 0, 0, 0),
(1438, 'ITISO', 1, 1, 1, 0, 0, 0),
(1439, 'SOLOWU', 1, 1, 1, 0, 0, 0),
(1440, 'IGUNGULI', 1, 1, 1, 0, 0, 0),
(1441, 'LOJE', 1, 1, 1, 0, 0, 0),
(1442, 'UWANJA', 1, 1, 1, 0, 0, 0),
(1443, 'CHINANGALI - I', 1, 1, 1, 0, 0, 0),
(1444, 'MAHATA', 1, 1, 1, 0, 0, 0),
(1445, 'MAJELEKO', 1, 1, 1, 0, 0, 0),
(1446, 'MANZILANZI', 1, 1, 1, 0, 0, 0),
(1447, 'CHIWONA', 1, 1, 1, 0, 0, 0),
(1448, 'MAKANG''WA', 1, 1, 1, 0, 0, 0),
(1449, 'MAZENGO', 1, 1, 1, 0, 0, 0),
(1450, 'AZIMIO', 1, 1, 1, 0, 0, 0),
(1451, 'CHALINZE', 1, 1, 1, 0, 0, 0),
(1452, 'CHIBULUNJE', 1, 1, 1, 0, 0, 0),
(1453, 'JUHUDI', 1, 1, 1, 0, 0, 0),
(1454, 'LUSINDE', 1, 1, 1, 0, 0, 0),
(1455, 'MANCHALI', 1, 1, 1, 0, 0, 0),
(1456, 'WILUNZE', 1, 1, 1, 0, 0, 0),
(1457, 'ILANGALI', 1, 1, 1, 0, 0, 0),
(1458, 'MAFURUNGU', 1, 1, 1, 0, 0, 0),
(1459, 'MANDA', 1, 1, 1, 0, 0, 0),
(1460, 'ILEWELO', 1, 1, 1, 0, 0, 0),
(1461, 'JITEGEMEE', 1, 1, 1, 0, 0, 0),
(1462, 'MANZASE', 1, 1, 1, 0, 0, 0),
(1463, 'SASAJILA', 1, 1, 1, 0, 0, 0),
(1464, 'CHITABULI', 1, 1, 1, 0, 0, 0),
(1465, 'MEMBE', 1, 1, 1, 0, 0, 0),
(1466, 'MLIMWA', 1, 1, 1, 0, 0, 0),
(1467, 'KALEMBO', 1, 1, 1, 0, 0, 0),
(1468, 'MLODA', 1, 1, 1, 0, 0, 0),
(1469, 'MLOWA BARABARANI', 1, 1, 1, 0, 0, 0),
(1470, 'MLOWA BWAWANI', 1, 1, 1, 0, 0, 0),
(1471, 'NYAMALELA', 1, 1, 1, 0, 0, 0),
(1472, 'WILIKO', 1, 1, 1, 0, 0, 0),
(1473, 'CHILANJILILO', 1, 1, 1, 0, 0, 0),
(1474, 'KALENGA', 1, 1, 1, 0, 0, 0),
(1475, 'MPWAYUNGU', 1, 1, 1, 0, 0, 0),
(1476, 'NAGULO MWITIKIRA', 1, 1, 1, 0, 0, 0),
(1477, 'MGUNGA', 1, 1, 1, 0, 0, 0),
(1478, 'MLEBE', 1, 1, 1, 0, 0, 0),
(1479, 'MNASE', 1, 1, 1, 0, 0, 0),
(1480, 'MSAMALO', 1, 1, 1, 0, 0, 0),
(1481, 'NYAMIGOHA', 1, 1, 1, 0, 0, 0),
(1482, 'KAWAWA', 1, 1, 1, 0, 0, 0),
(1483, 'MATEMBE', 1, 1, 1, 0, 0, 0),
(1484, 'MSANGA', 1, 1, 1, 0, 0, 0),
(1485, 'MSANGA B', 1, 1, 1, 0, 0, 0),
(1486, 'ILOLO', 1, 1, 1, 0, 0, 0),
(1487, 'LOWASA', 1, 1, 1, 0, 0, 0),
(1488, 'MUUNGANO', 1, 1, 1, 0, 0, 0),
(1489, 'MZULA', 1, 1, 1, 0, 0, 0),
(1490, 'CHALULA', 1, 1, 1, 0, 0, 0),
(1491, 'MVUMI MAKULU', 1, 1, 1, 0, 0, 0),
(1492, 'PRINCE OF PEACE', 1, 1, 1, 0, 0, 0),
(1493, 'MVUMI', 1, 1, 1, 0, 0, 0),
(1494, 'MVUMI MISHENI', 1, 1, 1, 0, 0, 0),
(1495, 'NDEBWE', 1, 1, 1, 0, 0, 0),
(1496, 'NYERERE', 1, 1, 1, 0, 0, 0),
(1497, 'CHINOJE', 1, 1, 1, 0, 0, 0),
(1498, 'NGHAHELEZI', 1, 1, 1, 0, 0, 0),
(1499, 'MLAZO', 1, 1, 1, 0, 0, 0),
(1500, 'NDOGOWE', 1, 1, 1, 0, 0, 0),
(1501, 'NGHAMBAKU', 1, 1, 1, 0, 0, 0),
(1502, 'NHINHI', 1, 1, 1, 0, 0, 0),
(1503, 'NKWENDA', 1, 1, 1, 0, 0, 0),
(1504, 'CHICHINKA', 1, 1, 1, 0, 0, 0),
(1505, 'IZAVA', 1, 1, 1, 0, 0, 0),
(1506, 'KIMEJI', 1, 1, 1, 0, 0, 0),
(1507, 'MALECELA', 1, 1, 1, 0, 0, 0),
(1508, 'SEGALA', 1, 1, 1, 0, 0, 0),
(1509, 'UMOJA', 1, 1, 1, 0, 0, 0),
(1510, 'GWANDI', 1, 1, 1, 0, 0, 0),
(1511, 'MAGUNGU', 1, 1, 1, 0, 0, 0),
(1512, 'ZAJILWA', 1, 1, 1, 0, 0, 0),
(1513, 'BABAYU', 1, 1, 1, 0, 0, 0),
(1514, 'CHASE', 1, 1, 1, 0, 0, 0),
(1515, 'CHINYIKA', 1, 1, 1, 0, 0, 0),
(1516, 'CHANDAMA', 1, 1, 1, 0, 0, 0),
(1517, 'MAPANGO', 1, 1, 1, 0, 0, 0),
(1518, 'CHAMBALO', 1, 1, 1, 0, 0, 0),
(1519, 'CHEMBA', 1, 1, 1, 0, 0, 0),
(1520, 'KAMBI YA NYASA', 1, 1, 1, 0, 0, 0),
(1521, 'CHURUKU', 1, 1, 1, 0, 0, 0),
(1522, 'JINJO', 1, 1, 1, 0, 0, 0),
(1523, 'KINKIMA', 1, 1, 1, 0, 0, 0),
(1524, 'DALAI', 1, 1, 1, 0, 0, 0),
(1525, 'KELEMA MAZIWANI', 1, 1, 1, 0, 0, 0),
(1526, 'MTAKUJA', 1, 1, 1, 0, 0, 0),
(1527, 'PIHO', 1, 1, 1, 0, 0, 0),
(1528, 'TANDALA', 1, 1, 1, 0, 0, 0),
(1529, 'TANDALA B', 1, 1, 1, 0, 0, 0),
(1530, 'BUBUTOLE', 1, 1, 1, 0, 0, 0),
(1531, 'BUGENIKA', 1, 1, 1, 0, 0, 0),
(1532, 'DONSEE', 1, 1, 1, 0, 0, 0),
(1533, 'FARKWA', 1, 1, 1, 0, 0, 0),
(1534, 'GONGA', 1, 1, 1, 0, 0, 0),
(1535, 'MOMBOSE', 1, 1, 1, 0, 0, 0),
(1536, 'GOIMA', 1, 1, 1, 0, 0, 0),
(1537, 'IGUNGA', 1, 1, 1, 0, 0, 0),
(1538, 'JENJELUSE', 1, 1, 1, 0, 0, 0),
(1539, 'MAKAMAKA', 1, 1, 1, 0, 0, 0),
(1540, 'MIRAMBO', 1, 1, 1, 0, 0, 0),
(1541, 'GWANDI', 1, 1, 1, 0, 0, 0),
(1542, 'ROFATI', 1, 1, 1, 0, 0, 0),
(1543, 'CHEMKA', 1, 1, 1, 0, 0, 0),
(1544, 'ITOLWA', 1, 1, 1, 0, 0, 0),
(1545, 'JANGALO', 1, 1, 1, 0, 0, 0),
(1546, 'MLONGIA', 1, 1, 1, 0, 0, 0),
(1547, 'KIDOKA', 1, 1, 1, 0, 0, 0),
(1548, 'MUUNGANO', 1, 1, 1, 0, 0, 0),
(1549, 'OMBIRI', 1, 1, 1, 0, 0, 0),
(1550, 'PANGALUA', 1, 1, 1, 0, 0, 0),
(1551, 'CHUKURUMA', 1, 1, 1, 0, 0, 0),
(1552, 'MWAIKISABE', 1, 1, 1, 0, 0, 0),
(1553, 'MWAILANJE', 1, 1, 1, 0, 0, 0),
(1554, 'WISUZAJE', 1, 1, 1, 0, 0, 0),
(1555, 'KINYAMSINDO', 1, 1, 1, 0, 0, 0),
(1556, 'MENGU', 1, 1, 1, 0, 0, 0),
(1557, 'TAKWA', 1, 1, 1, 0, 0, 0),
(1558, 'BANGUMA', 1, 1, 1, 0, 0, 0),
(1559, 'KURIO', 1, 1, 1, 0, 0, 0),
(1560, 'KWAMTORO', 1, 1, 1, 0, 0, 0),
(1561, 'MSERA', 1, 1, 1, 0, 0, 0),
(1562, 'NDOROBONI', 1, 1, 1, 0, 0, 0),
(1563, 'TAMKA', 1, 1, 1, 0, 0, 0),
(1564, 'HANDA', 1, 1, 1, 0, 0, 0),
(1565, 'KISANDE', 1, 1, 1, 0, 0, 0),
(1566, 'LAHODA', 1, 1, 1, 0, 0, 0),
(1567, 'DOYO', 1, 1, 1, 0, 0, 0),
(1568, 'LALTA', 1, 1, 1, 0, 0, 0),
(1569, 'MANANTU', 1, 1, 1, 0, 0, 0),
(1570, 'WAIRO', 1, 1, 1, 0, 0, 0),
(1571, 'KHUBUNKO', 1, 1, 1, 0, 0, 0),
(1572, 'MAKORONGO', 1, 1, 1, 0, 0, 0),
(1573, 'MAZIWA', 1, 1, 1, 0, 0, 0),
(1574, 'ARAA', 1, 1, 1, 0, 0, 0),
(1575, 'MONDO', 1, 1, 1, 0, 0, 0),
(1576, 'PONGAI', 1, 1, 1, 0, 0, 0),
(1577, 'WAIDA', 1, 1, 1, 0, 0, 0),
(1578, 'HAMIA', 1, 1, 1, 0, 0, 0),
(1579, 'KUBI', 1, 1, 1, 0, 0, 0),
(1580, 'MAGUNGU', 1, 1, 1, 0, 0, 0),
(1581, 'MPENDO', 1, 1, 1, 0, 0, 0),
(1582, 'ISUSUMYA', 1, 1, 1, 0, 0, 0),
(1583, 'MAGASA', 1, 1, 1, 0, 0, 0),
(1584, 'MRIJO CHINI', 1, 1, 1, 0, 0, 0),
(1585, 'MRIJO JUU', 1, 1, 1, 0, 0, 0),
(1586, 'NKULARI', 1, 1, 1, 0, 0, 0),
(1587, 'OLBOLOTI', 1, 1, 1, 0, 0, 0),
(1588, 'CHANGAMKA', 1, 1, 1, 0, 0, 0),
(1589, 'MACHIGA', 1, 1, 1, 0, 0, 0),
(1590, 'MSAADA', 1, 1, 1, 0, 0, 0),
(1591, 'SONGAMBELE', 1, 1, 1, 0, 0, 0),
(1592, 'BAABA', 1, 1, 1, 0, 0, 0),
(1593, 'DINAE', 1, 1, 1, 0, 0, 0),
(1594, 'JOGOLO', 1, 1, 1, 0, 0, 0),
(1595, 'KILIMBA', 1, 1, 1, 0, 0, 0),
(1596, 'CHEKU', 1, 1, 1, 0, 0, 0),
(1597, 'ISINI', 1, 1, 1, 0, 0, 0),
(1598, 'KELEMA BALAI', 1, 1, 1, 0, 0, 0),
(1599, 'KUU', 1, 1, 1, 0, 0, 0),
(1600, 'PARANGA', 1, 1, 1, 0, 0, 0),
(1601, 'SORI', 1, 1, 1, 0, 0, 0),
(1602, 'BIRISE', 1, 1, 1, 0, 0, 0),
(1603, 'DEDU', 1, 1, 1, 0, 0, 0),
(1604, 'MOTTO', 1, 1, 1, 0, 0, 0),
(1605, 'SANZAWA', 1, 1, 1, 0, 0, 0),
(1606, 'CHIOLI', 1, 1, 1, 0, 0, 0),
(1607, 'HAMAI', 1, 1, 1, 0, 0, 0),
(1608, 'MADAHA', 1, 1, 1, 0, 0, 0),
(1609, 'SONGOLO', 1, 1, 1, 0, 0, 0),
(1610, 'CHANG''OMBE', 1, 1, 1, 0, 0, 0),
(1611, 'MBARADA', 1, 1, 1, 0, 0, 0),
(1612, 'SOYA', 1, 1, 1, 0, 0, 0),
(1613, 'HAWELO', 1, 1, 1, 0, 0, 0),
(1614, 'HUMEKWA', 1, 1, 1, 0, 0, 0),
(1615, 'TUMBAKOSE', 1, 1, 1, 0, 0, 0),
(1616, 'CHAHWA', 1, 1, 1, 0, 0, 0),
(1617, 'MAHOMAMAKULU', 1, 1, 1, 0, 0, 0),
(1618, 'CHAMWINO', 1, 1, 1, 0, 0, 0),
(1619, 'CHAMWINO B', 1, 1, 1, 0, 0, 0),
(1620, 'CHINANGALI', 1, 1, 1, 0, 0, 0),
(1621, 'CHANG''OMBE', 1, 1, 1, 0, 0, 0),
(1622, 'CHANG''OMBE B', 1, 1, 1, 0, 0, 0),
(1623, 'CHIGONGWE', 1, 1, 1, 0, 0, 0),
(1624, 'MSEMBETA', 1, 1, 1, 0, 0, 0),
(1625, 'NGHAMBALA', 1, 1, 1, 0, 0, 0),
(1626, 'CHIHANGA', 1, 1, 1, 0, 0, 0),
(1627, 'GAWAYE', 1, 1, 1, 0, 0, 0),
(1628, 'NZASA', 1, 1, 1, 0, 0, 0),
(1629, 'SOGEA MBELE', 1, 1, 1, 0, 0, 0),
(1630, 'DODOMA MAKULU', 1, 1, 1, 0, 0, 0),
(1631, 'DODOMA VIZIWI', 1, 1, 1, 0, 0, 0),
(1632, 'KISASA', 1, 1, 1, 0, 0, 0),
(1633, 'MARIA DE MATTIAS', 1, 1, 1, 0, 0, 0),
(1634, 'RASAISEI', 1, 1, 1, 0, 0, 0),
(1635, 'AMANI', 1, 1, 1, 0, 0, 0),
(1636, 'MLEZI', 1, 1, 1, 0, 0, 0),
(1637, 'HOMBOLO BWAWANI', 1, 1, 1, 0, 0, 0),
(1638, 'MKAPA', 1, 1, 1, 0, 0, 0),
(1639, 'MKOYO', 1, 1, 1, 0, 0, 0),
(1640, 'HOMBOLO MAKULU', 1, 1, 1, 0, 0, 0),
(1641, 'MASEYA', 1, 1, 1, 0, 0, 0),
(1642, 'MSISI', 1, 1, 1, 0, 0, 0),
(1643, 'ZEPISA', 1, 1, 1, 0, 0, 0),
(1644, 'BLESSED MABUBA', 1, 1, 1, 0, 0, 0),
(1645, 'EL-SADDAI', 1, 1, 1, 0, 0, 0),
(1646, 'GENERALI MSUGURI', 1, 1, 1, 0, 0, 0),
(1647, 'IHUMWA', 1, 1, 1, 0, 0, 0),
(1648, 'LIVING LIFE', 1, 1, 1, 0, 0, 0),
(1649, 'IGNITIUS', 1, 1, 1, 0, 0, 0),
(1650, 'IPAGALA', 1, 1, 1, 0, 0, 0),
(1651, 'IPAGALA B', 1, 1, 1, 0, 0, 0),
(1652, 'MARTIN LUTHER', 1, 1, 1, 0, 0, 0),
(1653, 'MARTIN LUTHER KING', 1, 1, 1, 0, 0, 0),
(1654, 'IPALA', 1, 1, 1, 0, 0, 0),
(1655, 'MAHOMANYIKA', 1, 1, 1, 0, 0, 0),
(1656, 'IYUMBU', 1, 1, 1, 0, 0, 0),
(1657, 'CHOLOLO', 1, 1, 1, 0, 0, 0),
(1658, 'KIKOMBO', 1, 1, 1, 0, 0, 0),
(1659, 'MAPINDUZI', 1, 1, 1, 0, 0, 0),
(1660, 'KIKUYU', 1, 1, 1, 0, 0, 0),
(1661, 'MAZENGO', 1, 1, 1, 0, 0, 0),
(1662, 'RAINBOW', 1, 1, 1, 0, 0, 0),
(1663, 'KIKUYU B', 1, 1, 1, 0, 0, 0),
(1664, 'KIWANJA CHA NDEGE', 1, 1, 1, 0, 0, 0),
(1665, 'MLIMWA', 1, 1, 1, 0, 0, 0),
(1666, 'MLIMWA B', 1, 1, 1, 0, 0, 0),
(1667, 'REHMA', 1, 1, 1, 0, 0, 0),
(1668, 'HIJRA', 1, 1, 1, 0, 0, 0),
(1669, 'KIZOTA', 1, 1, 1, 0, 0, 0),
(1670, 'SOKOINE', 1, 1, 1, 0, 0, 0),
(1671, 'CHADULU', 1, 1, 1, 0, 0, 0),
(1672, 'DCT HOLY TRINITY', 1, 1, 1, 0, 0, 0),
(1673, 'MAKOLE', 1, 1, 1, 0, 0, 0),
(1674, 'KAMBARAGE', 1, 1, 1, 0, 0, 0),
(1675, 'MAKUTUPORA', 1, 1, 1, 0, 0, 0),
(1676, 'MCHEMWA', 1, 1, 1, 0, 0, 0),
(1677, 'MZAKWE', 1, 1, 1, 0, 0, 0),
(1678, 'WEYULA', 1, 1, 1, 0, 0, 0),
(1679, 'CHISICHILI', 1, 1, 1, 0, 0, 0),
(1680, 'KUSENHA', 1, 1, 1, 0, 0, 0),
(1681, 'MATUMBULU', 1, 1, 1, 0, 0, 0),
(1682, 'CHIKOWA', 1, 1, 1, 0, 0, 0),
(1683, 'CHIZOMOCHE', 1, 1, 1, 0, 0, 0),
(1684, 'MBABALA', 1, 1, 1, 0, 0, 0),
(1685, 'MWENGE', 1, 1, 1, 0, 0, 0),
(1686, 'VILINDONI', 1, 1, 1, 0, 0, 0),
(1687, 'CHIHIKWI', 1, 1, 1, 0, 0, 0),
(1688, 'LUGALA', 1, 1, 1, 0, 0, 0),
(1689, 'MBALAWALA', 1, 1, 1, 0, 0, 0),
(1690, 'MLIMWA ''C''', 1, 1, 1, 0, 0, 0),
(1691, 'MPAMAA', 1, 1, 1, 0, 0, 0),
(1692, 'ST.GASPER', 1, 1, 1, 0, 0, 0),
(1693, 'ST.MARKS', 1, 1, 1, 0, 0, 0),
(1694, 'TULIA', 1, 1, 1, 0, 0, 0),
(1695, 'CHIDACHI', 1, 1, 1, 0, 0, 0),
(1696, 'MICHESE', 1, 1, 1, 0, 0, 0),
(1697, 'MKONZE', 1, 1, 1, 0, 0, 0),
(1698, 'CAPITAL', 1, 1, 1, 0, 0, 0),
(1699, 'MBWANGA', 1, 1, 1, 0, 0, 0),
(1700, 'MNADANI', 1, 1, 1, 0, 0, 0),
(1701, 'NDACHI', 1, 1, 1, 0, 0, 0),
(1702, 'ZAM ZAM', 1, 1, 1, 0, 0, 0),
(1703, 'MLANGWA', 1, 1, 1, 0, 0, 0),
(1704, 'MPUNGUZI', 1, 1, 1, 0, 0, 0),
(1705, 'NKULABI', 1, 1, 1, 0, 0, 0),
(1706, 'DCT BISHOP STANWAY', 1, 1, 1, 0, 0, 0),
(1707, 'KITELELA', 1, 1, 1, 0, 0, 0),
(1708, 'MSALATO', 1, 1, 1, 0, 0, 0),
(1709, 'MSALATO BWAWANI', 1, 1, 1, 0, 0, 0),
(1710, 'MTUMBA', 1, 1, 1, 0, 0, 0),
(1711, 'VIKONJE', 1, 1, 1, 0, 0, 0),
(1712, 'CHIHONI', 1, 1, 1, 0, 0, 0),
(1713, 'NALA', 1, 1, 1, 0, 0, 0),
(1714, 'MHANDE', 1, 1, 1, 0, 0, 0),
(1715, 'NGH''ONGH''ONHA', 1, 1, 1, 0, 0, 0),
(1716, 'NGUJI', 1, 1, 1, 0, 0, 0),
(1717, 'CHEMCHEMI', 1, 1, 1, 0, 0, 0),
(1718, 'NKUHUNGU', 1, 1, 1, 0, 0, 0),
(1719, 'SANTHOME', 1, 1, 1, 0, 0, 0),
(1720, 'TUMAINI', 1, 1, 1, 0, 0, 0),
(1721, 'YOUNG JAI', 1, 1, 1, 0, 0, 0),
(1722, 'NTYUKA', 1, 1, 1, 0, 0, 0),
(1723, 'EBENEZER', 1, 1, 1, 0, 0, 0),
(1724, 'NZUGUNI', 1, 1, 1, 0, 0, 0),
(1725, 'NZUGUNI ''B''', 1, 1, 1, 0, 0, 0),
(1726, 'DAR UL MUSLMEEN', 1, 1, 1, 0, 0, 0),
(1727, 'DODOMA MLIMANI', 1, 1, 1, 0, 0, 0),
(1728, 'MEDELII', 1, 1, 1, 0, 0, 0),
(1729, 'KALOLENI', 1, 1, 1, 0, 0, 0),
(1730, 'UHURU', 1, 1, 1, 0, 0, 0),
(1731, 'CHIDIDIMO', 1, 1, 1, 0, 0, 0),
(1732, 'ZUZU', 1, 1, 1, 0, 0, 0),
(1733, 'BEREKO', 1, 1, 1, 0, 0, 0),
(1734, 'KURASINI', 1, 1, 1, 0, 0, 0),
(1735, 'PUHI', 1, 1, 1, 0, 0, 0),
(1736, 'BUMBUTA', 1, 1, 1, 0, 0, 0),
(1737, 'MAHONGO', 1, 1, 1, 0, 0, 0),
(1738, 'MAUNO', 1, 1, 1, 0, 0, 0),
(1739, 'BUSI', 1, 1, 1, 0, 0, 0),
(1740, 'IDINDIRI', 1, 1, 1, 0, 0, 0),
(1741, 'IHARI', 1, 1, 1, 0, 0, 0),
(1742, 'KEIKEI', 1, 1, 1, 0, 0, 0),
(1743, 'MACHOMBE', 1, 1, 1, 0, 0, 0),
(1744, 'SAMBWA', 1, 1, 1, 0, 0, 0),
(1745, 'ABULAYI', 1, 1, 1, 0, 0, 0),
(1746, 'CHANGAA', 1, 1, 1, 0, 0, 0),
(1747, 'CHOLOLO', 1, 1, 1, 0, 0, 0),
(1748, 'KWAMAFUNCHI', 1, 1, 1, 0, 0, 0),
(1749, 'MASITA', 1, 1, 1, 0, 0, 0),
(1750, 'KIDULO', 1, 1, 1, 0, 0, 0),
(1751, 'KUUTA', 1, 1, 1, 0, 0, 0),
(1752, 'MKONGA', 1, 1, 1, 0, 0, 0),
(1753, 'MWISANGA', 1, 1, 1, 0, 0, 0),
(1754, 'NTOMOKO', 1, 1, 1, 0, 0, 0),
(1755, 'SORO', 1, 1, 1, 0, 0, 0),
(1756, 'DORASI', 1, 1, 1, 0, 0, 0),
(1757, 'HONDOMAIRO', 1, 1, 1, 0, 0, 0),
(1758, 'ISARI', 1, 1, 1, 0, 0, 0),
(1759, 'MWEMBENI', 1, 1, 1, 0, 0, 0),
(1760, 'CHUBI', 1, 1, 1, 0, 0, 0),
(1761, 'ITASWI', 1, 1, 1, 0, 0, 0),
(1762, 'KISAKI', 1, 1, 1, 0, 0, 0),
(1763, 'MKOMBOZI', 1, 1, 1, 0, 0, 0),
(1764, 'ITOLOLO', 1, 1, 1, 0, 0, 0),
(1765, 'KANDANGA', 1, 1, 1, 0, 0, 0),
(1766, 'MKEKENA', 1, 1, 1, 0, 0, 0),
(1767, 'MONGOLO', 1, 1, 1, 0, 0, 0),
(1768, 'BAURA', 1, 1, 1, 0, 0, 0),
(1769, 'DERI', 1, 1, 1, 0, 0, 0),
(1770, 'FOE', 1, 1, 1, 0, 0, 0),
(1771, 'HEBI JUU', 1, 1, 1, 0, 0, 0),
(1772, 'KALAMBA', 1, 1, 1, 0, 0, 0),
(1773, 'KIDONGO CHEUSI', 1, 1, 1, 0, 0, 0),
(1774, 'LOO', 1, 1, 1, 0, 0, 0),
(1775, 'BERABERA', 1, 1, 1, 0, 0, 0),
(1776, 'KIKILO', 1, 1, 1, 0, 0, 0),
(1777, 'KWAHENGWA', 1, 1, 1, 0, 0, 0),
(1778, 'ORORIMO', 1, 1, 1, 0, 0, 0),
(1779, 'HURUI', 1, 1, 1, 0, 0, 0),
(1780, 'KIKORE', 1, 1, 1, 0, 0, 0),
(1781, 'KISESE', 1, 1, 1, 0, 0, 0),
(1782, 'MADEGE', 1, 1, 1, 0, 0, 0),
(1783, 'MITATI', 1, 1, 1, 0, 0, 0),
(1784, 'IKENGWA', 1, 1, 1, 0, 0, 0),
(1785, 'ISONGOLO', 1, 1, 1, 0, 0, 0),
(1786, 'KINYASI', 1, 1, 1, 0, 0, 0),
(1787, 'KINYASI MAJENGO', 1, 1, 1, 0, 0, 0),
(1788, 'ATTA', 1, 1, 1, 0, 0, 0),
(1789, 'DISSA', 1, 1, 1, 0, 0, 0),
(1790, 'MADISA', 1, 1, 1, 0, 0, 0),
(1791, 'MAPINDUZI', 1, 1, 1, 0, 0, 0),
(1792, 'SAUNA', 1, 1, 1, 0, 0, 0),
(1793, 'KIRERE CHA NG''OMBE', 1, 1, 1, 0, 0, 0),
(1794, 'KWADELO', 1, 1, 1, 0, 0, 0),
(1795, 'KWADELO B', 1, 1, 1, 0, 0, 0),
(1796, 'MAKIRINYA', 1, 1, 1, 0, 0, 0),
(1797, 'KWAYONDU', 1, 1, 1, 0, 0, 0),
(1798, 'MASANGE', 1, 1, 1, 0, 0, 0),
(1799, 'BAMBARE', 1, 1, 1, 0, 0, 0),
(1800, 'CHUNGAI', 1, 1, 1, 0, 0, 0),
(1801, 'FILIMO', 1, 1, 1, 0, 0, 0),
(1802, 'GAYU', 1, 1, 1, 0, 0, 0),
(1803, 'MNENIA', 1, 1, 1, 0, 0, 0),
(1804, 'IKOVA', 1, 1, 1, 0, 0, 0),
(1805, 'KITEO', 1, 1, 1, 0, 0, 0),
(1806, 'LUSANGI', 1, 1, 1, 0, 0, 0),
(1807, 'PAHI', 1, 1, 1, 0, 0, 0),
(1808, 'PAHI IQRA', 1, 1, 1, 0, 0, 0),
(1809, 'POTEA', 1, 1, 1, 0, 0, 0),
(1810, 'SALARE', 1, 1, 1, 0, 0, 0),
(1811, 'LEMBO', 1, 1, 1, 0, 0, 0),
(1812, 'MAKAFA', 1, 1, 1, 0, 0, 0),
(1813, 'MASAWI', 1, 1, 1, 0, 0, 0),
(1814, 'SALANKA', 1, 1, 1, 0, 0, 0),
(1815, 'HUMAI', 1, 1, 1, 0, 0, 0),
(1816, 'ISABE', 1, 1, 1, 0, 0, 0),
(1817, 'KWADINU', 1, 1, 1, 0, 0, 0),
(1818, 'SOERA', 1, 1, 1, 0, 0, 0),
(1819, 'GAARA', 1, 1, 1, 0, 0, 0),
(1820, 'KWADOSA', 1, 1, 1, 0, 0, 0),
(1821, 'KWAMADEBE', 1, 1, 1, 0, 0, 0),
(1822, 'MATANGALIMO', 1, 1, 1, 0, 0, 0),
(1823, 'SAKAMI', 1, 1, 1, 0, 0, 0),
(1824, 'THAWI', 1, 1, 1, 0, 0, 0),
(1825, 'THAWI JUU', 1, 1, 1, 0, 0, 0),
(1826, 'BOLISA', 1, 1, 1, 0, 0, 0),
(1827, 'ITISO', 1, 1, 1, 0, 0, 0),
(1828, 'IBONI', 1, 1, 1, 0, 0, 0),
(1829, 'KONDOA', 1, 1, 1, 0, 0, 0),
(1830, 'KONDOA INTEGRITY', 1, 1, 1, 0, 0, 0),
(1831, 'UBEMBENI', 1, 1, 1, 0, 0, 0),
(1832, 'BICHA', 1, 1, 1, 0, 0, 0),
(1833, 'KILIMANI', 1, 1, 1, 0, 0, 0),
(1834, 'UNKUKU', 1, 1, 1, 0, 0, 0),
(1835, 'CHEMCHEM', 1, 1, 1, 0, 0, 0),
(1836, 'IYOLI', 1, 1, 1, 0, 0, 0),
(1837, 'KINGALE', 1, 1, 1, 0, 0, 0),
(1838, 'KING''ANG''A', 1, 1, 1, 0, 0, 0),
(1839, 'TAMPORI', 1, 1, 1, 0, 0, 0),
(1840, 'CHOKA', 1, 1, 1, 0, 0, 0),
(1841, 'GUBALI', 1, 1, 1, 0, 0, 0),
(1842, 'HACHWI', 1, 1, 1, 0, 0, 0),
(1843, 'KOLOWASI', 1, 1, 1, 0, 0, 0),
(1844, 'KICHANGANI', 1, 1, 1, 0, 0, 0),
(1845, 'KONDOA SHALOM SCHOOL', 1, 1, 1, 0, 0, 0),
(1846, 'MAJI YA SHAMBA', 1, 1, 1, 0, 0, 0),
(1847, 'MININGANI', 1, 1, 1, 0, 0, 0),
(1848, 'MPALANGWI', 1, 1, 1, 0, 0, 0),
(1849, 'TUMBELO', 1, 1, 1, 0, 0, 0),
(1850, 'MONGOROMA', 1, 1, 1, 0, 0, 0),
(1851, 'MUNGURI', 1, 1, 1, 0, 0, 0),
(1852, 'MURUA', 1, 1, 1, 0, 0, 0),
(1853, 'TUNGUFU', 1, 1, 1, 0, 0, 0),
(1854, 'CHAMKOROMA', 1, 1, 1, 0, 0, 0),
(1855, 'MAKOLE', 1, 1, 1, 0, 0, 0),
(1856, 'MANGHWETA', 1, 1, 1, 0, 0, 0),
(1857, 'MSETA', 1, 1, 1, 0, 0, 0),
(1858, 'MSETA BONDENI', 1, 1, 1, 0, 0, 0),
(1859, 'TUBUGWE', 1, 1, 1, 0, 0, 0),
(1860, 'TUBUGWE-KIBAONI', 1, 1, 1, 0, 0, 0),
(1861, 'CHITEGO', 1, 1, 1, 0, 0, 0),
(1862, 'LEGANGA', 1, 1, 1, 0, 0, 0),
(1863, 'MGOLOKA', 1, 1, 1, 0, 0, 0),
(1864, 'WANGAZI', 1, 1, 1, 0, 0, 0),
(1865, 'CHIWE', 1, 1, 1, 0, 0, 0),
(1866, 'LENGAJI', 1, 1, 1, 0, 0, 0),
(1867, 'MOLETI', 1, 1, 1, 0, 0, 0),
(1868, 'SEGA', 1, 1, 1, 0, 0, 0),
(1869, 'VIHINGO', 1, 1, 1, 0, 0, 0),
(1870, 'BANYIBANYI', 1, 1, 1, 0, 0, 0),
(1871, 'CHAMAE', 1, 1, 1, 0, 0, 0),
(1872, 'HOGORO', 1, 1, 1, 0, 0, 0),
(1873, 'MKUTANI', 1, 1, 1, 0, 0, 0),
(1874, 'NYERERE', 1, 1, 1, 0, 0, 0),
(1875, 'CHANG''OMBE', 1, 1, 1, 0, 0, 0),
(1876, 'IDUO', 1, 1, 1, 0, 0, 0),
(1877, 'MASINYETI', 1, 1, 1, 0, 0, 0),
(1878, 'SUGUTA', 1, 1, 1, 0, 0, 0),
(1879, 'KARUME', 1, 1, 1, 0, 0, 0),
(1880, 'KIBAIGWA', 1, 1, 1, 0, 0, 0),
(1881, 'KINANGALI', 1, 1, 1, 0, 0, 0),
(1882, 'MIEMBENI', 1, 1, 1, 0, 0, 0),
(1883, 'NDURUGUMI', 1, 1, 1, 0, 0, 0),
(1884, 'ST.PAUL', 1, 1, 1, 0, 0, 0),
(1885, 'CHIMLATA', 1, 1, 1, 0, 0, 0),
(1886, 'KONGWA', 1, 1, 1, 0, 0, 0),
(1887, 'MLANGA', 1, 1, 1, 0, 0, 0),
(1888, 'MNYAKONGO', 1, 1, 1, 0, 0, 0),
(1889, 'VIGANGA', 1, 1, 1, 0, 0, 0),
(1890, 'AMANI', 1, 1, 1, 0, 0, 0),
(1891, 'KITETO', 1, 1, 1, 0, 0, 0),
(1892, 'LENJULU', 1, 1, 1, 0, 0, 0),
(1893, 'MAJAWANGA', 1, 1, 1, 0, 0, 0),
(1894, 'BWAWANI', 1, 1, 1, 0, 0, 0),
(1895, 'MAGESENI', 1, 1, 1, 0, 0, 0),
(1896, 'MAJENGO', 1, 1, 1, 0, 0, 0),
(1897, 'MAKAWA', 1, 1, 1, 0, 0, 0),
(1898, 'SILALE', 1, 1, 1, 0, 0, 0),
(1899, 'BONDENI', 1, 1, 1, 0, 0, 0),
(1900, 'MATONGORO', 1, 1, 1, 0, 0, 0),
(1901, 'MLANJE', 1, 1, 1, 0, 0, 0),
(1902, 'NORINI', 1, 1, 1, 0, 0, 0),
(1903, 'LENDEBESI', 1, 1, 1, 0, 0, 0),
(1904, 'MGUNGA', 1, 1, 1, 0, 0, 0),
(1905, 'MKOKA', 1, 1, 1, 0, 0, 0),
(1906, 'MLOWA', 1, 1, 1, 0, 0, 0),
(1907, 'MNUKU', 1, 1, 1, 0, 0, 0),
(1908, 'CHAMWINO', 1, 1, 1, 0, 0, 0),
(1909, 'CHIBALAHWE', 1, 1, 1, 0, 0, 0),
(1910, 'MLALI-A', 1, 1, 1, 0, 0, 0),
(1911, 'MLALI-B', 1, 1, 1, 0, 0, 0),
(1912, 'QUEEN ELIZABETH', 1, 1, 1, 0, 0, 0),
(1913, 'AZIMIO', 1, 1, 1, 0, 0, 0),
(1914, 'CHIGWINGILI', 1, 1, 1, 0, 0, 0),
(1915, 'MTANANA', 1, 1, 1, 0, 0, 0),
(1916, 'NDALIBO', 1, 1, 1, 0, 0, 0),
(1917, 'NDC-NARCO', 1, 1, 1, 0, 0, 0),
(1918, 'NGUZO', 1, 1, 1, 0, 0, 0),
(1919, 'WISUZAJI', 1, 1, 1, 0, 0, 0),
(1920, 'IHANDA', 1, 1, 1, 0, 0, 0),
(1921, 'IYUMBWI', 1, 1, 1, 0, 0, 0),
(1922, 'MBAGILWA', 1, 1, 1, 0, 0, 0),
(1923, 'NGHUMBI', 1, 1, 1, 0, 0, 0),
(1924, 'PEMBAMOTO', 1, 1, 1, 0, 0, 0),
(1925, 'CHILANJILIZI', 1, 1, 1, 0, 0, 0),
(1926, 'MANYATA', 1, 1, 1, 0, 0, 0),
(1927, 'NGOMAI', 1, 1, 1, 0, 0, 0),
(1928, 'HEMBAHEMBA', 1, 1, 1, 0, 0, 0),
(1929, 'MAKUTUPA', 1, 1, 1, 0, 0, 0),
(1930, 'NJOGE', 1, 1, 1, 0, 0, 0),
(1931, 'CHIMEHE', 1, 1, 1, 0, 0, 0),
(1932, 'IKULU', 1, 1, 1, 0, 0, 0),
(1933, 'PANDAMBILI', 1, 1, 1, 0, 0, 0),
(1934, 'SILWA', 1, 1, 1, 0, 0, 0),
(1935, 'IJAKA', 1, 1, 1, 0, 0, 0),
(1936, 'KADYANGO', 1, 1, 1, 0, 0, 0),
(1937, 'LAIKALA', 1, 1, 1, 0, 0, 0),
(1938, 'MSINGISA', 1, 1, 1, 0, 0, 0),
(1939, 'SAGARA', 1, 1, 1, 0, 0, 0),
(1940, 'SOGELEA', 1, 1, 1, 0, 0, 0),
(1941, 'MANUNGU', 1, 1, 1, 0, 0, 0),
(1942, 'MBANDE', 1, 1, 1, 0, 0, 0),
(1943, 'MLIMAGATA', 1, 1, 1, 0, 0, 0),
(1944, 'MSUNJILILE', 1, 1, 1, 0, 0, 0),
(1945, 'SEJELI', 1, 1, 1, 0, 0, 0),
(1946, 'ISANGHA', 1, 1, 1, 0, 0, 0),
(1947, 'MASENHA', 1, 1, 1, 0, 0, 0),
(1948, 'MTUNGUCHOLE', 1, 1, 1, 0, 0, 0),
(1949, 'MUUNGANO', 1, 1, 1, 0, 0, 0),
(1950, 'NDACHI', 1, 1, 1, 0, 0, 0),
(1951, 'SONGAMBELE', 1, 1, 1, 0, 0, 0),
(1952, 'IBWAGA', 1, 1, 1, 0, 0, 0),
(1953, 'MACHENJE', 1, 1, 1, 0, 0, 0),
(1954, 'MAUTYA', 1, 1, 1, 0, 0, 0),
(1955, 'MKWALA', 1, 1, 1, 0, 0, 0),
(1956, 'NGUJI', 1, 1, 1, 0, 0, 0),
(1957, 'MCHEMWA', 1, 1, 1, 0, 0, 0),
(1958, 'PINGALAME', 1, 1, 1, 0, 0, 0),
(1959, 'SUBUGO', 1, 1, 1, 0, 0, 0),
(1960, 'ZOISSA', 1, 1, 1, 0, 0, 0),
(1961, 'BEREGE', 1, 1, 1, 0, 0, 0),
(1962, 'MAKULU', 1, 1, 1, 0, 0, 0),
(1963, 'MZASE', 1, 1, 1, 0, 0, 0),
(1964, 'CHAMSISILI', 1, 1, 1, 0, 0, 0),
(1965, 'CHIPOGORO', 1, 1, 1, 0, 0, 0),
(1966, 'SELUKA', 1, 1, 1, 0, 0, 0),
(1967, 'WIYENZELE', 1, 1, 1, 0, 0, 0),
(1968, 'CHITEMO', 1, 1, 1, 0, 0, 0),
(1969, 'MANDAMA', 1, 1, 1, 0, 0, 0),
(1970, 'MKANANA', 1, 1, 1, 0, 0, 0),
(1971, 'NGALAMILO', 1, 1, 1, 0, 0, 0),
(1972, 'CHUNYU', 1, 1, 1, 0, 0, 0),
(1973, 'MSAGALI', 1, 1, 1, 0, 0, 0),
(1974, 'GALIGALI', 1, 1, 1, 0, 0, 0),
(1975, 'MATONYA', 1, 1, 1, 0, 0, 0),
(1976, 'GODEGODE', 1, 1, 1, 0, 0, 0),
(1977, 'KISISI', 1, 1, 1, 0, 0, 0),
(1978, 'MGOMA', 1, 1, 1, 0, 0, 0),
(1979, 'CHISEYU', 1, 1, 1, 0, 0, 0),
(1980, 'GULWE', 1, 1, 1, 0, 0, 0),
(1981, 'IYOMA', 1, 1, 1, 0, 0, 0),
(1982, 'IPERA', 1, 1, 1, 0, 0, 0),
(1983, 'KIKUYU', 1, 1, 1, 0, 0, 0),
(1984, 'KINUSI', 1, 1, 1, 0, 0, 0),
(1985, 'VIKUNDI', 1, 1, 1, 0, 0, 0),
(1986, 'CHAMANDA', 1, 1, 1, 0, 0, 0),
(1987, 'IGOJI KUSINI', 1, 1, 1, 0, 0, 0),
(1988, 'IWONDO', 1, 1, 1, 0, 0, 0),
(1989, 'CHAMTUMILE', 1, 1, 1, 0, 0, 0),
(1990, 'IDUNDA', 1, 1, 1, 0, 0, 0),
(1991, 'IYENGE', 1, 1, 1, 0, 0, 0),
(1992, 'KIBAKWE', 1, 1, 1, 0, 0, 0),
(1993, 'INZOMVU', 1, 1, 1, 0, 0, 0),
(1994, 'KIMAGAI', 1, 1, 1, 0, 0, 0),
(1995, 'KINGITI', 1, 1, 1, 0, 0, 0),
(1996, 'LUKOLE', 1, 1, 1, 0, 0, 0),
(1997, 'GOMHUNGILE', 1, 1, 1, 0, 0, 0),
(1998, 'LUFU', 1, 1, 1, 0, 0, 0),
(1999, 'MLIMO', 1, 1, 1, 0, 0, 0),
(2000, 'CHANG''OMBE', 1, 1, 1, 0, 0, 0),
(2001, 'IKUYU', 1, 1, 1, 0, 0, 0),
(2002, 'KIDENGE', 1, 1, 1, 0, 0, 0),
(2003, 'LUHUNDWA', 1, 1, 1, 0, 0, 0),
(2004, 'MUUNGANO', 1, 1, 1, 0, 0, 0),
(2005, 'KITATI', 1, 1, 1, 0, 0, 0),
(2006, 'LUFUSI', 1, 1, 1, 0, 0, 0),
(2007, 'LUMUMA', 1, 1, 1, 0, 0, 0),
(2008, 'BUMILA', 1, 1, 1, 0, 0, 0),
(2009, 'LUPETA', 1, 1, 1, 0, 0, 0),
(2010, 'MAKUTUPA', 1, 1, 1, 0, 0, 0),
(2011, 'IDODOMA', 1, 1, 1, 0, 0, 0),
(2012, 'MALOLO', 1, 1, 1, 0, 0, 0),
(2013, 'NZUGILO', 1, 1, 1, 0, 0, 0),
(2014, 'KILAMBO', 1, 1, 1, 0, 0, 0),
(2015, 'MANG''ALIZA', 1, 1, 1, 0, 0, 0),
(2016, 'CHOGOLA', 1, 1, 1, 0, 0, 0),
(2017, 'MAKOSE', 1, 1, 1, 0, 0, 0),
(2018, 'MKOLEKO', 1, 1, 1, 0, 0, 0),
(2019, 'NJIAPANDA', 1, 1, 1, 0, 0, 0),
(2020, 'WINZA', 1, 1, 1, 0, 0, 0),
(2021, 'MBORI', 1, 1, 1, 0, 0, 0),
(2022, 'NANA', 1, 1, 1, 0, 0, 0),
(2023, 'TAMBI', 1, 1, 1, 0, 0, 0),
(2024, 'IDILO', 1, 1, 1, 0, 0, 0),
(2025, 'KISOKWE', 1, 1, 1, 0, 0, 0),
(2026, 'MAZAE', 1, 1, 1, 0, 0, 0),
(2027, 'IGULUWI', 1, 1, 1, 0, 0, 0),
(2028, 'KIZI', 1, 1, 1, 0, 0, 0),
(2029, 'MBUGA', 1, 1, 1, 0, 0, 0),
(2030, 'WANGAMA', 1, 1, 1, 0, 0, 0),
(2031, 'IGOJ KASKAZINI', 1, 1, 1, 0, 0, 0),
(2032, 'MIMA', 1, 1, 1, 0, 0, 0),
(2033, 'SAZIMA', 1, 1, 1, 0, 0, 0),
(2034, 'MLEMBULE', 1, 1, 1, 0, 0, 0),
(2035, 'MWENZELE', 1, 1, 1, 0, 0, 0),
(2036, 'CHALUDEWA', 1, 1, 1, 0, 0, 0),
(2037, 'CHINYANGHUKU', 1, 1, 1, 0, 0, 0),
(2038, 'CHINYIKA', 1, 1, 1, 0, 0, 0),
(2039, 'MLUNDUZI', 1, 1, 1, 0, 0, 0),
(2040, 'CHAZUNGWA', 1, 1, 1, 0, 0, 0),
(2041, 'IGOVU', 1, 1, 1, 0, 0, 0),
(2042, 'ILOLO', 1, 1, 1, 0, 0, 0),
(2043, 'KIBORIANI', 1, 1, 1, 0, 0, 0),
(2044, 'KIKOMBO', 1, 1, 1, 0, 0, 0),
(2045, 'MPWAPWA', 1, 1, 1, 0, 0, 0),
(2046, 'MTEJETA', 1, 1, 1, 0, 0, 0),
(2047, 'CHIBWEGERE', 1, 1, 1, 0, 0, 0),
(2048, 'CHUNGU', 1, 1, 1, 0, 0, 0),
(2049, 'KISIMA', 1, 1, 1, 0, 0, 0),
(2050, 'MSANGAMBUYA', 1, 1, 1, 0, 0, 0),
(2051, 'MTERA DAM', 1, 1, 1, 0, 0, 0),
(2052, 'CHIMALIGO', 1, 1, 1, 0, 0, 0),
(2053, 'KAZANIA', 1, 1, 1, 0, 0, 0),
(2054, 'KIEGEA', 1, 1, 1, 0, 0, 0),
(2055, 'NGHAMBI', 1, 1, 1, 0, 0, 0),
(2056, 'IDAHO', 1, 1, 1, 0, 0, 0),
(2057, 'ITENDE', 1, 1, 1, 0, 0, 0),
(2058, 'MAGUNGU', 1, 1, 1, 0, 0, 0),
(2059, 'MUNGUWI', 1, 1, 1, 0, 0, 0),
(2060, 'NG''HONJE', 1, 1, 1, 0, 0, 0),
(2061, 'PWAGA', 1, 1, 1, 0, 0, 0),
(2062, 'CHILENDU', 1, 1, 1, 0, 0, 0),
(2063, 'IRAMBA', 1, 1, 1, 0, 0, 0),
(2064, 'MTAMBA', 1, 1, 1, 0, 0, 0),
(2065, 'RUDI', 1, 1, 1, 0, 0, 0),
(2066, 'SINGONHALI', 1, 1, 1, 0, 0, 0),
(2067, 'ISINGHU', 1, 1, 1, 0, 0, 0),
(2068, 'MANGHANGU', 1, 1, 1, 0, 0, 0),
(2069, 'VIGHAWE', 1, 1, 1, 0, 0, 0),
(2070, 'KIDABAGA', 1, 1, 1, 0, 0, 0),
(2071, 'LWIHOMELO', 1, 1, 1, 0, 0, 0),
(2072, 'NYANDU', 1, 1, 1, 0, 0, 0),
(2073, 'WANGI', 1, 1, 1, 0, 0, 0),
(2074, 'ISASAMAMBO', 1, 1, 1, 0, 0, 0),
(2075, 'MATONGA', 1, 1, 1, 0, 0, 0),
(2076, 'MLUNGA', 1, 1, 1, 0, 0, 0),
(2077, 'WOTTA', 1, 1, 1, 0, 0, 0),
(2078, 'BUFANKA', 1, 1, 1, 0, 0, 0),
(2079, 'BUGELENGA', 1, 1, 1, 0, 0, 0),
(2080, 'MSASANI', 1, 1, 1, 0, 0, 0),
(2081, 'BUKOMBE', 1, 1, 1, 0, 0, 0),
(2082, 'BUSONGE', 1, 1, 1, 0, 0, 0),
(2083, 'IKALANGA', 1, 1, 1, 0, 0, 0),
(2084, 'IMALANGUZU', 1, 1, 1, 0, 0, 0),
(2085, 'ITUGA', 1, 1, 1, 0, 0, 0),
(2086, 'NASIHUKULU', 1, 1, 1, 0, 0, 0),
(2087, 'AZIMIO', 1, 1, 1, 0, 0, 0),
(2088, 'BULANGWA', 1, 1, 1, 0, 0, 0),
(2089, 'ST. ALOYSIUS GONZAGA', 1, 1, 1, 0, 0, 0),
(2090, 'USHIROMBO', 1, 1, 1, 0, 0, 0),
(2091, 'BULEGA', 1, 1, 1, 0, 0, 0),
(2092, 'IBAMBILO', 1, 1, 1, 0, 0, 0),
(2093, 'IGWAMANONI', 1, 1, 1, 0, 0, 0),
(2094, 'KAKOYOYO', 1, 1, 1, 0, 0, 0),
(2095, 'NYIKONGA', 1, 1, 1, 0, 0, 0),
(2096, 'BUSONZO', 1, 1, 1, 0, 0, 0),
(2097, 'KABAGOLE', 1, 1, 1, 0, 0, 0),
(2098, 'NALUSUNGUTI', 1, 1, 1, 0, 0, 0),
(2099, 'NAMPALAHALA', 1, 1, 1, 0, 0, 0),
(2100, 'NYAKAYENZE', 1, 1, 1, 0, 0, 0),
(2101, 'BUTINZYA', 1, 1, 1, 0, 0, 0),
(2102, 'ISEMABUNA', 1, 1, 1, 0, 0, 0),
(2103, 'MUBULA', 1, 1, 1, 0, 0, 0),
(2104, 'NGITA', 1, 1, 1, 0, 0, 0),
(2105, 'SILAMILA', 1, 1, 1, 0, 0, 0),
(2106, 'AMANI', 1, 1, 1, 0, 0, 0),
(2107, 'BUNTUBILI', 1, 1, 1, 0, 0, 0),
(2108, 'BUTAMBALA', 1, 1, 1, 0, 0, 0),
(2109, 'JITEGEMEE', 1, 1, 1, 0, 0, 0),
(2110, 'KAPELA', 1, 1, 1, 0, 0, 0),
(2111, 'BUGANDO', 1, 1, 1, 0, 0, 0),
(2112, 'IYOGELO', 1, 1, 1, 0, 0, 0),
(2113, 'NYAMAKUNKWA', 1, 1, 1, 0, 0, 0),
(2114, 'SHIBINGO', 1, 1, 1, 0, 0, 0),
(2115, 'BOMANI', 1, 1, 1, 0, 0, 0),
(2116, 'BWENDA', 1, 1, 1, 0, 0, 0),
(2117, 'IGULWA', 1, 1, 1, 0, 0, 0),
(2118, 'KADI''S', 1, 1, 1, 0, 0, 0),
(2119, 'KATENTE', 1, 1, 1, 0, 0, 0),
(2120, 'MWENGE', 1, 1, 1, 0, 0, 0),
(2121, 'UMOJA', 1, 1, 1, 0, 0, 0),
(2122, 'BUGAMA', 1, 1, 1, 0, 0, 0),
(2123, 'KATOME', 1, 1, 1, 0, 0, 0),
(2124, 'MIYENZE', 1, 1, 1, 0, 0, 0),
(2125, 'ISHOLOLO', 1, 1, 1, 0, 0, 0),
(2126, 'KAGWE', 1, 1, 1, 0, 0, 0),
(2127, 'LYAMBAMGONGO', 1, 1, 1, 0, 0, 0),
(2128, 'BUGEGE', 1, 1, 1, 0, 0, 0),
(2129, 'MJIMWEMA', 1, 1, 1, 0, 0, 0),
(2130, 'NAMALANDULA', 1, 1, 1, 0, 0, 0),
(2131, 'NAMONGE', 1, 1, 1, 0, 0, 0),
(2132, 'NASILULUMA', 1, 1, 1, 0, 0, 0),
(2133, 'NYAMAGWANGALA', 1, 1, 1, 0, 0, 0),
(2134, 'SHILABELA', 1, 1, 1, 0, 0, 0),
(2135, 'KAZIBIZYO', 1, 1, 1, 0, 0, 0),
(2136, 'MTAKUJA', 1, 1, 1, 0, 0, 0),
(2137, 'MTINGA', 1, 1, 1, 0, 0, 0),
(2138, 'NG''ANZO', 1, 1, 1, 0, 0, 0),
(2139, 'SEGWE', 1, 1, 1, 0, 0, 0),
(2140, 'MSANGILA', 1, 1, 1, 0, 0, 0),
(2141, 'MUSASA', 1, 1, 1, 0, 0, 0),
(2142, 'BULUMBAGA', 1, 1, 1, 0, 0, 0),
(2143, 'IKUZI', 1, 1, 1, 0, 0, 0),
(2144, 'KASOZI', 1, 1, 1, 0, 0, 0),
(2145, 'MSONGA', 1, 1, 1, 0, 0, 0),
(2146, 'NAMPANGWE', 1, 1, 1, 0, 0, 0),
(2147, 'BUSINDA', 1, 1, 1, 0, 0, 0),
(2148, 'IHULIKE', 1, 1, 1, 0, 0, 0),
(2149, 'KIZIBA', 1, 1, 1, 0, 0, 0),
(2150, 'MWALO', 1, 1, 1, 0, 0, 0),
(2151, 'BUGANZU', 1, 1, 1, 0, 0, 0),
(2152, 'IBAMBA', 1, 1, 1, 0, 0, 0),
(2153, 'ILEMELA', 1, 1, 1, 0, 0, 0),
(2154, 'KABUHIMA', 1, 1, 1, 0, 0, 0),
(2155, 'KANEMBWA', 1, 1, 1, 0, 0, 0),
(2156, 'KAPWANI', 1, 1, 1, 0, 0, 0),
(2157, 'ST PADRE PIO', 1, 1, 1, 0, 0, 0),
(2158, 'UYOVU', 1, 1, 1, 0, 0, 0),
(2159, 'BUKOME', 1, 1, 1, 0, 0, 0),
(2160, 'BUZIRAYOMBO', 1, 1, 1, 0, 0, 0),
(2161, 'KATALE', 1, 1, 1, 0, 0, 0),
(2162, 'MKUNGO', 1, 1, 1, 0, 0, 0),
(2163, 'NYABILEZI', 1, 1, 1, 0, 0, 0),
(2164, 'NYAKATO -A', 1, 1, 1, 0, 0, 0),
(2165, 'NYAKATO -B', 1, 1, 1, 0, 0, 0),
(2166, 'BUYOGA - A', 1, 1, 1, 0, 0, 0),
(2167, 'BUYOGA - B', 1, 1, 1, 0, 0, 0),
(2168, 'IMWELU', 1, 1, 1, 0, 0, 0),
(2169, 'KADAMA', 1, 1, 1, 0, 0, 0),
(2170, 'MAPINDUZI - A', 1, 1, 1, 0, 0, 0),
(2171, 'MAPINDUZI - B', 1, 1, 1, 0, 0, 0),
(2172, 'MAWENI', 1, 1, 1, 0, 0, 0),
(2173, 'MIEMBENI', 1, 1, 1, 0, 0, 0),
(2174, 'MURANDA- A', 1, 1, 1, 0, 0, 0),
(2175, 'MURANDA- B', 1, 1, 1, 0, 0, 0),
(2176, 'MWABAGALU', 1, 1, 1, 0, 0, 0),
(2177, 'BUSERESERE -A', 1, 1, 1, 0, 0, 0),
(2178, 'BUSERESERE -B', 1, 1, 1, 0, 0, 0),
(2179, 'BUTENGO', 1, 1, 1, 0, 0, 0),
(2180, 'MUTUNDU', 1, 1, 1, 0, 0, 0),
(2181, 'MWENDAKULIMA - A', 1, 1, 1, 0, 0, 0),
(2182, 'MWENDAKULIMA -B', 1, 1, 1, 0, 0, 0),
(2183, 'BUZIKU A', 1, 1, 1, 0, 0, 0),
(2184, 'BUZIKU B', 1, 1, 1, 0, 0, 0),
(2185, 'IHANGA A', 1, 1, 1, 0, 0, 0),
(2186, 'IHANGA B', 1, 1, 1, 0, 0, 0),
(2187, 'MAJENGO', 1, 1, 1, 0, 0, 0),
(2188, 'MTAKUJA', 1, 1, 1, 0, 0, 0),
(2189, 'NYAMPALAHALA', 1, 1, 1, 0, 0, 0),
(2190, 'NYARUTEFYE', 1, 1, 1, 0, 0, 0),
(2191, 'BUKIRIGURU', 1, 1, 1, 0, 0, 0),
(2192, 'BWANGA A', 1, 1, 1, 0, 0, 0),
(2193, 'BWANGA B', 1, 1, 1, 0, 0, 0),
(2194, 'ITANGA', 1, 1, 1, 0, 0, 0),
(2195, 'KALEMBELA', 1, 1, 1, 0, 0, 0),
(2196, 'MINKOTO A', 1, 1, 1, 0, 0, 0),
(2197, 'MINKOTO B', 1, 1, 1, 0, 0, 0),
(2198, 'NYARUTUTU', 1, 1, 1, 0, 0, 0),
(2199, 'BUSAKA A', 1, 1, 1, 0, 0, 0),
(2200, 'BUSAKA B', 1, 1, 1, 0, 0, 0),
(2201, 'BWERA A', 1, 1, 1, 0, 0, 0),
(2202, 'BWERA B', 1, 1, 1, 0, 0, 0),
(2203, 'IGANDO A', 1, 1, 1, 0, 0, 0),
(2204, 'IGANDO B', 1, 1, 1, 0, 0, 0),
(2205, 'BWINA- A', 1, 1, 1, 0, 0, 0),
(2206, 'BWINA -B', 1, 1, 1, 0, 0, 0),
(2207, 'MBUYE -A', 1, 1, 1, 0, 0, 0),
(2208, 'MBUYE -B', 1, 1, 1, 0, 0, 0),
(2209, 'MURUMBA', 1, 1, 1, 0, 0, 0),
(2210, 'BUPANDWAMPULI', 1, 1, 1, 0, 0, 0),
(2211, 'BWONGERA', 1, 1, 1, 0, 0, 0),
(2212, 'JAHAZI', 1, 1, 1, 0, 0, 0),
(2213, 'KATETE -A', 1, 1, 1, 0, 0, 0),
(2214, 'KATETE -B', 1, 1, 1, 0, 0, 0),
(2215, 'CHATO- A', 1, 1, 1, 0, 0, 0),
(2216, 'CHATO -B', 1, 1, 1, 0, 0, 0),
(2217, 'EMAU', 1, 1, 1, 0, 0, 0),
(2218, 'KALEMA', 1, 1, 1, 0, 0, 0),
(2219, 'KITELA', 1, 1, 1, 0, 0, 0),
(2220, 'BUSALALA', 1, 1, 1, 0, 0, 0),
(2221, 'ICHWANKIMA', 1, 1, 1, 0, 0, 0),
(2222, 'IMALABUPINA', 1, 1, 1, 0, 0, 0),
(2223, 'BUPANDWASHIMBA', 1, 1, 1, 0, 0, 0),
(2224, 'ILEMELA', 1, 1, 1, 0, 0, 0),
(2225, 'KANYAMA', 1, 1, 1, 0, 0, 0),
(2226, 'NYAMBOGO', 1, 1, 1, 0, 0, 0),
(2227, 'NYANG''HOMANGO', 1, 1, 1, 0, 0, 0),
(2228, 'ILYA MCHELE A', 1, 1, 1, 0, 0, 0),
(2229, 'KAWIMYOLE', 1, 1, 1, 0, 0, 0),
(2230, 'KISESA', 1, 1, 1, 0, 0, 0),
(2231, 'ILELEMA', 1, 1, 1, 0, 0, 0),
(2232, 'IPARAMASA - B', 1, 1, 1, 0, 0, 0),
(2233, 'IPARAMASA -A', 1, 1, 1, 0, 0, 0),
(2234, 'KINSABE', 1, 1, 1, 0, 0, 0),
(2235, 'LUDEBA', 1, 1, 1, 0, 0, 0),
(2236, 'MNEKEZI', 1, 1, 1, 0, 0, 0),
(2237, 'MWABASABI', 1, 1, 1, 0, 0, 0),
(2238, 'TUMAINI', 1, 1, 1, 0, 0, 0),
(2239, 'IPANDIKOLO', 1, 1, 1, 0, 0, 0),
(2240, 'KACHWAMBA A', 1, 1, 1, 0, 0, 0),
(2241, 'KACHWAMBA B', 1, 1, 1, 0, 0, 0),
(2242, 'IGALULA', 1, 1, 1, 0, 0, 0),
(2243, 'KASENGA A', 1, 1, 1, 0, 0, 0),
(2244, 'KASENGA B', 1, 1, 1, 0, 0, 0),
(2245, 'MAGIRI', 1, 1, 1, 0, 0, 0),
(2246, 'MWANGAZA', 1, 1, 1, 0, 0, 0),
(2247, 'MWEKAKO', 1, 1, 1, 0, 0, 0),
(2248, 'CHABULONGO', 1, 1, 1, 0, 0, 0),
(2249, 'KATENDE A', 1, 1, 1, 0, 0, 0),
(2250, 'KATENDE B', 1, 1, 1, 0, 0, 0),
(2251, 'BUKAMILA A', 1, 1, 1, 0, 0, 0),
(2252, 'BUKAMILA B', 1, 1, 1, 0, 0, 0),
(2253, 'BUTARAMA', 1, 1, 1, 0, 0, 0),
(2254, 'KAKANSHE A', 1, 1, 1, 0, 0, 0),
(2255, 'KAKANSHE B', 1, 1, 1, 0, 0, 0),
(2256, 'KIBEHE A', 1, 1, 1, 0, 0, 0),
(2257, 'KIBEHE B', 1, 1, 1, 0, 0, 0),
(2258, 'NYISANZI A', 1, 1, 1, 0, 0, 0),
(2259, 'NYISANZI B', 1, 1, 1, 0, 0, 0),
(2260, 'KAMANGA', 1, 1, 1, 0, 0, 0),
(2261, 'KASALA -A', 1, 1, 1, 0, 0, 0),
(2262, 'KASALA -B', 1, 1, 1, 0, 0, 0),
(2263, 'KIBUMBA-A', 1, 1, 1, 0, 0, 0),
(2264, 'KIBUMBA-B', 1, 1, 1, 0, 0, 0),
(2265, 'MABILA-A', 1, 1, 1, 0, 0, 0),
(2266, 'MABILA-B', 1, 1, 1, 0, 0, 0),
(2267, 'MAKURUGUSI', 1, 1, 1, 0, 0, 0),
(2268, 'MUSASA', 1, 1, 1, 0, 0, 0),
(2269, 'KATEMWA -A', 1, 1, 1, 0, 0, 0),
(2270, 'KATEMWA -B', 1, 1, 1, 0, 0, 0),
(2271, 'NYABUGERA -A', 1, 1, 1, 0, 0, 0),
(2272, 'NYABUGERA -B', 1, 1, 1, 0, 0, 0),
(2273, 'RUTUNGURU - B', 1, 1, 1, 0, 0, 0),
(2274, 'RUTUNGURU -A', 1, 1, 1, 0, 0, 0),
(2275, 'ITALE -A', 1, 1, 1, 0, 0, 0),
(2276, 'ITALE -B', 1, 1, 1, 0, 0, 0),
(2277, 'MAGUFURI', 1, 1, 1, 0, 0, 0),
(2278, 'MUUNGANO', 1, 1, 1, 0, 0, 0),
(2279, 'PARADISE', 1, 1, 1, 0, 0, 0),
(2280, 'RUBAMBANGWE', 1, 1, 1, 0, 0, 0),
(2281, 'KALEBEZO', 1, 1, 1, 0, 0, 0),
(2282, 'NYAKAKARANGO', 1, 1, 1, 0, 0, 0),
(2283, 'NYAMBITI', 1, 1, 1, 0, 0, 0),
(2284, 'NYAMIREMBE A', 1, 1, 1, 0, 0, 0),
(2285, 'NYAMIREMBE B', 1, 1, 1, 0, 0, 0),
(2286, 'KAKENENO', 1, 1, 1, 0, 0, 0),
(2287, 'KANYINDO', 1, 1, 1, 0, 0, 0),
(2288, 'NYANTIMBA', 1, 1, 1, 0, 0, 0),
(2289, 'NYARUTEMBO', 1, 1, 1, 0, 0, 0),
(2290, 'BUGALAMA', 1, 1, 1, 0, 0, 0),
(2291, 'KIFUFU', 1, 1, 1, 0, 0, 0),
(2292, 'LWENGE', 1, 1, 1, 0, 0, 0),
(2293, 'NG''WAGULULI', 1, 1, 1, 0, 0, 0),
(2294, 'BUGULULA', 1, 1, 1, 0, 0, 0),
(2295, 'ISABILO', 1, 1, 1, 0, 0, 0),
(2296, 'KASOTA', 1, 1, 1, 0, 0, 0),
(2297, 'NYAMILYANGO', 1, 1, 1, 0, 0, 0),
(2298, 'NYANSALWA', 1, 1, 1, 0, 0, 0),
(2299, 'NGULA', 1, 1, 1, 0, 0, 0),
(2300, 'NYAMAZONDOLIMA', 1, 1, 1, 0, 0, 0),
(2301, 'NYAMIBOGA', 1, 1, 1, 0, 0, 0),
(2302, 'BUGOGO', 1, 1, 1, 0, 0, 0),
(2303, 'IHEGA', 1, 1, 1, 0, 0, 0),
(2304, 'IKINA', 1, 1, 1, 0, 0, 0),
(2305, 'NTONO', 1, 1, 1, 0, 0, 0),
(2306, 'BUKONDO', 1, 1, 1, 0, 0, 0),
(2307, 'BUSAKA', 1, 1, 1, 0, 0, 0),
(2308, 'CHANKORONGO', 1, 1, 1, 0, 0, 0),
(2309, 'KITIGIRI', 1, 1, 1, 0, 0, 0),
(2310, 'LULAMA', 1, 1, 1, 0, 0, 0),
(2311, 'MAPINDUZI', 1, 1, 1, 0, 0, 0),
(2312, 'BUSANDA', 1, 1, 1, 0, 0, 0),
(2313, 'LUBANDA', 1, 1, 1, 0, 0, 0),
(2314, 'LWAKAKOMBE', 1, 1, 1, 0, 0, 0),
(2315, 'MSASA', 1, 1, 1, 0, 0, 0),
(2316, 'NYAMTUNDU', 1, 1, 1, 0, 0, 0),
(2317, 'NYANTIKA', 1, 1, 1, 0, 0, 0),
(2318, 'BUTOBELA', 1, 1, 1, 0, 0, 0),
(2319, 'NYAKAGWE', 1, 1, 1, 0, 0, 0),
(2320, 'NYASEKI', 1, 1, 1, 0, 0, 0),
(2321, 'SHAHENDE', 1, 1, 1, 0, 0, 0),
(2322, 'BUTUNDWE', 1, 1, 1, 0, 0, 0),
(2323, 'LUKUMBO', 1, 1, 1, 0, 0, 0),
(2324, 'NYANDAGO', 1, 1, 1, 0, 0, 0),
(2325, 'CHIGUNGA', 1, 1, 1, 0, 0, 0),
(2326, 'KABUGOZO', 1, 1, 1, 0, 0, 0),
(2327, 'NYAKAFUL0', 1, 1, 1, 0, 0, 0),
(2328, 'IBISABAGENI', 1, 1, 1, 0, 0, 0),
(2329, 'IGAKA', 1, 1, 1, 0, 0, 0),
(2330, 'ISULWABUTUNDWE', 1, 1, 1, 0, 0, 0),
(2331, 'MLIMANI', 1, 1, 1, 0, 0, 0),
(2332, 'NYAKADUHA', 1, 1, 1, 0, 0, 0),
(2333, 'BUTWA', 1, 1, 1, 0, 0, 0),
(2334, 'IZUMACHELI', 1, 1, 1, 0, 0, 0),
(2335, 'BUHANGIZI', 1, 1, 1, 0, 0, 0),
(2336, 'KAGULUMULWINA', 1, 1, 1, 0, 0, 0),
(2337, 'LWEMO', 1, 1, 1, 0, 0, 0),
(2338, 'NYAMIGANA', 1, 1, 1, 0, 0, 0),
(2339, 'KABAYOLE', 1, 1, 1, 0, 0, 0),
(2340, 'KAKUBILO', 1, 1, 1, 0, 0, 0),
(2341, 'KAWAWA', 1, 1, 1, 0, 0, 0),
(2342, 'LUHARA', 1, 1, 1, 0, 0, 0),
(2343, 'NYABALASANA', 1, 1, 1, 0, 0, 0),
(2344, 'IMALAMPAKA', 1, 1, 1, 0, 0, 0),
(2345, 'KAMENA', 1, 1, 1, 0, 0, 0),
(2346, 'NDELEMA', 1, 1, 1, 0, 0, 0),
(2347, 'NYASHIHIMA', 1, 1, 1, 0, 0, 0),
(2348, 'ISAMILO', 1, 1, 1, 0, 0, 0),
(2349, 'KAMHANGA', 1, 1, 1, 0, 0, 0),
(2350, 'KISHINDA', 1, 1, 1, 0, 0, 0),
(2351, 'MKOLANI', 1, 1, 1, 0, 0, 0),
(2352, 'KASEME', 1, 1, 1, 0, 0, 0),
(2353, 'KASESA', 1, 1, 1, 0, 0, 0),
(2354, 'KATANGALO', 1, 1, 1, 0, 0, 0),
(2355, 'MNEKEZI', 1, 1, 1, 0, 0, 0),
(2356, 'NYAMISEBEI', 1, 1, 1, 0, 0, 0),
(2357, 'TEMBO', 1, 1, 1, 0, 0, 0),
(2358, 'ITALE', 1, 1, 1, 0, 0, 0),
(2359, 'KATOMA', 1, 1, 1, 0, 0, 0),
(2360, 'NYAKAZEZE', 1, 1, 1, 0, 0, 0),
(2361, 'NYAMBAYA', 1, 1, 1, 0, 0, 0),
(2362, 'KADUDA', 1, 1, 1, 0, 0, 0),
(2363, 'KATORO', 1, 1, 1, 0, 0, 0),
(2364, 'LUTOZO', 1, 1, 1, 0, 0, 0),
(2365, 'MCHONGOMANI', 1, 1, 1, 0, 0, 0),
(2366, 'MTONI', 1, 1, 1, 0, 0, 0),
(2367, 'ST JOSEPH THE WORKER', 1, 1, 1, 0, 0, 0),
(2368, 'UHURU', 1, 1, 1, 0, 0, 0),
(2369, 'LUBANGA', 1, 1, 1, 0, 0, 0),
(2370, 'MWAMITILWA', 1, 1, 1, 0, 0, 0),
(2371, 'NG''WABAGALU', 1, 1, 1, 0, 0, 0),
(2372, 'NYANKONGOCHORO', 1, 1, 1, 0, 0, 0),
(2373, 'IBONDO', 1, 1, 1, 0, 0, 0),
(2374, 'KILIMANI', 1, 1, 1, 0, 0, 0),
(2375, 'LUDETE', 1, 1, 1, 0, 0, 0),
(2376, 'MKAPA', 1, 1, 1, 0, 0, 0),
(2377, 'WEMA', 1, 1, 1, 0, 0, 0),
(2378, 'BUZIBA', 1, 1, 1, 0, 0, 0),
(2379, 'ILANGASIKA', 1, 1, 1, 0, 0, 0),
(2380, 'ISENI', 1, 1, 1, 0, 0, 0),
(2381, 'ISINGILO', 1, 1, 1, 0, 0, 0),
(2382, 'KILOMBERO', 1, 1, 1, 0, 0, 0),
(2383, 'LWAMGASA', 1, 1, 1, 0, 0, 0),
(2384, 'MWENGE', 1, 1, 1, 0, 0, 0),
(2385, 'NYAMSENGA', 1, 1, 1, 0, 0, 0),
(2386, 'BWEYA', 1, 1, 1, 0, 0, 0),
(2387, 'IDOSELO', 1, 1, 1, 0, 0, 0),
(2388, 'LUTELANGOMA', 1, 1, 1, 0, 0, 0),
(2389, 'LWEZERA', 1, 1, 1, 0, 0, 0),
(2390, 'MEMBE', 1, 1, 1, 0, 0, 0),
(2391, 'NYALUBANGA', 1, 1, 1, 0, 0, 0),
(2392, 'IGANDO', 1, 1, 1, 0, 0, 0),
(2393, 'MAGENGE', 1, 1, 1, 0, 0, 0),
(2394, 'MUUNGANO', 1, 1, 1, 0, 0, 0),
(2395, 'NYAMALULU', 1, 1, 1, 0, 0, 0),
(2396, 'IHUMILO', 1, 1, 1, 0, 0, 0),
(2397, 'MAKURUGUSI', 1, 1, 1, 0, 0, 0),
(2398, 'MHARAMBA', 1, 1, 1, 0, 0, 0),
(2399, 'MNYALA', 1, 1, 1, 0, 0, 0),
(2400, 'MWAL0NI', 1, 1, 1, 0, 0, 0),
(2401, 'NKOME', 1, 1, 1, 0, 0, 0),
(2402, 'NYAMALELE', 1, 1, 1, 0, 0, 0),
(2403, 'CHEMAMBA', 1, 1, 1, 0, 0, 0),
(2404, 'CHIKOBE', 1, 1, 1, 0, 0, 0),
(2405, 'KAGEYE', 1, 1, 1, 0, 0, 0),
(2406, 'NYACHILULUMA', 1, 1, 1, 0, 0, 0),
(2407, 'NYAKASENYA', 1, 1, 1, 0, 0, 0),
(2408, 'ISIMA', 1, 1, 1, 0, 0, 0),
(2409, 'KIZIBA', 1, 1, 1, 0, 0, 0),
(2410, 'LUHUHA', 1, 1, 1, 0, 0, 0),
(2411, 'MWENEGEZA', 1, 1, 1, 0, 0, 0),
(2412, 'NYAKAGOMBA', 1, 1, 1, 0, 0, 0),
(2413, 'BUFUNDA', 1, 1, 1, 0, 0, 0),
(2414, 'BUYAGU', 1, 1, 1, 0, 0, 0),
(2415, 'KASHISHI', 1, 1, 1, 0, 0, 0),
(2416, 'KASUNGAMILE', 1, 1, 1, 0, 0, 0),
(2417, 'NYAKAMWAGA', 1, 1, 1, 0, 0, 0),
(2418, 'BUSHISHI', 1, 1, 1, 0, 0, 0),
(2419, 'NYABULOLO', 1, 1, 1, 0, 0, 0),
(2420, 'NYALWANZAJA', 1, 1, 1, 0, 0, 0),
(2421, 'BUKAYAGA', 1, 1, 1, 0, 0, 0),
(2422, 'BUZANAKI', 1, 1, 1, 0, 0, 0),
(2423, 'ISHIMBA', 1, 1, 1, 0, 0, 0),
(2424, 'LWAMWIZO', 1, 1, 1, 0, 0, 0),
(2425, 'NYAMALIMBE', 1, 1, 1, 0, 0, 0),
(2426, 'NYAMIGOGO', 1, 1, 1, 0, 0, 0),
(2427, 'NYANG''HANGA', 1, 1, 1, 0, 0, 0),
(2428, 'CHELAMENO', 1, 1, 1, 0, 0, 0),
(2429, 'LUKAYA', 1, 1, 1, 0, 0, 0),
(2430, 'NJINGAMI', 1, 1, 1, 0, 0, 0),
(2431, 'NYAMBOGE', 1, 1, 1, 0, 0, 0),
(2432, 'CHIBINGO', 1, 1, 1, 0, 0, 0),
(2433, 'INYALA', 1, 1, 1, 0, 0, 0),
(2434, 'NYAMIGOTA', 1, 1, 1, 0, 0, 0),
(2435, 'SHILABELA', 1, 1, 1, 0, 0, 0),
(2436, 'NUNGWE', 1, 1, 1, 0, 0, 0),
(2437, 'NYAMWILOLELWA', 1, 1, 1, 0, 0, 0),
(2438, 'SANZA', 1, 1, 1, 0, 0, 0),
(2439, 'SARAGULWA', 1, 1, 1, 0, 0, 0),
(2440, 'AMANI', 1, 1, 1, 0, 0, 0),
(2441, 'ILILIKA', 1, 1, 1, 0, 0, 0),
(2442, 'KANYALU', 1, 1, 1, 0, 0, 0),
(2443, 'MAWEMERU', 1, 1, 1, 0, 0, 0),
(2444, 'NYARUGUSU', 1, 1, 1, 0, 0, 0),
(2445, 'TOROGO', 1, 1, 1, 0, 0, 0),
(2446, 'ZAHANATI', 1, 1, 1, 0, 0, 0),
(2447, 'ZIWANI', 1, 1, 1, 0, 0, 0),
(2448, 'IKANDILO', 1, 1, 1, 0, 0, 0),
(2449, 'LWINA', 1, 1, 1, 0, 0, 0),
(2450, 'NYARUYEYE', 1, 1, 1, 0, 0, 0),
(2451, 'WIGO', 1, 1, 1, 0, 0, 0),
(2452, 'KIBWELA', 1, 1, 1, 0, 0, 0),
(2453, 'NYAWILIMILWA', 1, 1, 1, 0, 0, 0),
(2454, 'BUGANDO', 1, 1, 1, 0, 0, 0),
(2455, 'FULWE', 1, 1, 1, 0, 0, 0),
(2456, 'IGATE', 1, 1, 1, 0, 0, 0),
(2457, 'KAPAPANI', 1, 1, 1, 0, 0, 0),
(2458, 'NZERA', 1, 1, 1, 0, 0, 0),
(2459, 'BULIGI', 1, 1, 1, 0, 0, 0),
(2460, 'CHANIKA', 1, 1, 1, 0, 0, 0),
(2461, 'KASENI', 1, 1, 1, 0, 0, 0),
(2462, 'LWENAZI', 1, 1, 1, 0, 0, 0),
(2463, 'SENGA', 1, 1, 1, 0, 0, 0),
(2464, 'SONGAMBELE', 1, 1, 1, 0, 0, 0),
(2465, 'ALOYSIUS', 1, 1, 1, 0, 0, 0),
(2466, 'BUHALAHALA', 1, 1, 1, 0, 0, 0),
(2467, 'KIVUKONI', 1, 1, 1, 0, 0, 0),
(2468, 'MBUGANI', 1, 1, 1, 0, 0, 0),
(2469, 'MWATULOLE', 1, 1, 1, 0, 0, 0),
(2470, 'NGUZOMBILI', 1, 1, 1, 0, 0, 0),
(2471, 'RICH HILL', 1, 1, 1, 0, 0, 0),
(2472, 'ROYAL FAMILY', 1, 1, 1, 0, 0, 0),
(2473, 'WAJA SPRINGS', 1, 1, 1, 0, 0, 0),
(2474, 'BULELA', 1, 1, 1, 0, 0, 0),
(2475, 'GAMASHI', 1, 1, 1, 0, 0, 0),
(2476, 'IGWATA', 1, 1, 1, 0, 0, 0),
(2477, 'BUNG''WANGOKO', 1, 1, 1, 0, 0, 0),
(2478, 'CHABULONGO', 1, 1, 1, 0, 0, 0),
(2479, 'MKOBA', 1, 1, 1, 0, 0, 0),
(2480, 'MSHINDE', 1, 1, 1, 0, 0, 0),
(2481, 'BUNEGEZI', 1, 1, 1, 0, 0, 0),
(2482, 'IGENGE', 1, 1, 1, 0, 0, 0),
(2483, 'IKULWA', 1, 1, 1, 0, 0, 0),
(2484, 'NYAKAHENGELE', 1, 1, 1, 0, 0, 0),
(2485, 'FTM E.MEDIUM', 1, 1, 1, 0, 0, 0),
(2486, 'GEITA', 1, 1, 1, 0, 0, 0),
(2487, 'GOLDEN VALLEY', 1, 1, 1, 0, 0, 0),
(2488, 'KALANGALALA', 1, 1, 1, 0, 0, 0),
(2489, 'MKOANI', 1, 1, 1, 0, 0, 0),
(2490, 'MSETO', 1, 1, 1, 0, 0, 0),
(2491, 'NYANZA', 1, 1, 1, 0, 0, 0),
(2492, 'IBANDA', 1, 1, 1, 0, 0, 0),
(2493, 'KANYALA', 1, 1, 1, 0, 0, 0),
(2494, 'MRISHO', 1, 1, 1, 0, 0, 0),
(2495, 'MWILIMA', 1, 1, 1, 0, 0, 0),
(2496, 'SIMBAGUJI', 1, 1, 1, 0, 0, 0),
(2497, 'KASAMWA', 1, 1, 1, 0, 0, 0),
(2498, 'NYABUBELE', 1, 1, 1, 0, 0, 0),
(2499, 'NYAKAHONGOLA', 1, 1, 1, 0, 0, 0),
(2500, 'NYAMAHUNA', 1, 1, 1, 0, 0, 0),
(2501, 'NYAMPA', 1, 1, 1, 0, 0, 0),
(2502, 'MGUSU', 1, 1, 1, 0, 0, 0),
(2503, 'NYAKABALE', 1, 1, 1, 0, 0, 0),
(2504, 'MBABANI', 1, 1, 1, 0, 0, 0),
(2505, 'MPOMVU', 1, 1, 1, 0, 0, 0),
(2506, 'NYAMALEMBO', 1, 1, 1, 0, 0, 0),
(2507, 'MWAGIMAGI', 1, 1, 1, 0, 0, 0),
(2508, 'NYAKATO', 1, 1, 1, 0, 0, 0),
(2509, 'NYANGUKU', 1, 1, 1, 0, 0, 0),
(2510, 'SHINAMWENDWA', 1, 1, 1, 0, 0, 0),
(2511, 'EMACO VISION', 1, 1, 1, 0, 0, 0),
(2512, 'LUKARANGA', 1, 1, 1, 0, 0, 0),
(2513, 'NOBLE BRIDGE', 1, 1, 1, 0, 0, 0),
(2514, 'NYANKUMBU', 1, 1, 1, 0, 0, 0),
(2515, 'NYANTOROTORO', 1, 1, 1, 0, 0, 0),
(2516, 'PRECIOUS BLOOD', 1, 1, 1, 0, 0, 0),
(2517, 'UKOMBOZI', 1, 1, 1, 0, 0, 0),
(2518, 'BUMANJI', 1, 1, 1, 0, 0, 0),
(2519, 'NYAMBOGO', 1, 1, 1, 0, 0, 0),
(2520, 'NYASEKE', 1, 1, 1, 0, 0, 0),
(2521, 'BUKANDWE', 1, 1, 1, 0, 0, 0),
(2522, 'KANEGERE', 1, 1, 1, 0, 0, 0),
(2523, 'MAGUTA', 1, 1, 1, 0, 0, 0),
(2524, 'NHUNGWIZA', 1, 1, 1, 0, 0, 0),
(2525, 'BUNIGONZI', 1, 1, 1, 0, 0, 0),
(2526, 'MWABUKWALULE', 1, 1, 1, 0, 0, 0),
(2527, 'NGEZI', 1, 1, 1, 0, 0, 0),
(2528, 'BUGALAGALA', 1, 1, 1, 0, 0, 0),
(2529, 'BUSABAGA', 1, 1, 1, 0, 0, 0),
(2530, 'IKOBE', 1, 1, 1, 0, 0, 0),
(2531, 'ISHIGAMVA', 1, 1, 1, 0, 0, 0),
(2532, 'BUZIGOZIGO', 1, 1, 1, 0, 0, 0),
(2533, 'IBAMBULA', 1, 1, 1, 0, 0, 0),
(2534, 'IKUNGUIGAZI', 1, 1, 1, 0, 0, 0),
(2535, 'KAGERA', 1, 1, 1, 0, 0, 0),
(2536, 'MWINGILO', 1, 1, 1, 0, 0, 0),
(2537, 'ILOLANGULU', 1, 1, 1, 0, 0, 0),
(2538, 'KAKOLA MBOGWE', 1, 1, 1, 0, 0, 0),
(2539, 'MSENDAMILA', 1, 1, 1, 0, 0, 0),
(2540, 'MUBAMBA', 1, 1, 1, 0, 0, 0),
(2541, 'BULUHE', 1, 1, 1, 0, 0, 0),
(2542, 'BUNYIHUNA', 1, 1, 1, 0, 0, 0),
(2543, 'BUSAMBILO', 1, 1, 1, 0, 0, 0),
(2544, 'IPONYA', 1, 1, 1, 0, 0, 0),
(2545, 'NSANGO', 1, 1, 1, 0, 0, 0),
(2546, 'NYASHIMBA', 1, 1, 1, 0, 0, 0),
(2547, 'ISEBYA', 1, 1, 1, 0, 0, 0),
(2548, 'KISEKE', 1, 1, 1, 0, 0, 0),
(2549, 'MUGELELE', 1, 1, 1, 0, 0, 0),
(2550, 'NYASHINGE', 1, 1, 1, 0, 0, 0),
(2551, 'KAKUMBI', 1, 1, 1, 0, 0, 0),
(2552, 'LUGUNGA', 1, 1, 1, 0, 0, 0),
(2553, 'LUHALA', 1, 1, 1, 0, 0, 0),
(2554, 'MAPINDUZI', 1, 1, 1, 0, 0, 0),
(2555, 'MGAYA', 1, 1, 1, 0, 0, 0),
(2556, 'MPAKALI', 1, 1, 1, 0, 0, 0),
(2557, 'MPONDA', 1, 1, 1, 0, 0, 0),
(2558, 'MWAGIMAGI', 1, 1, 1, 0, 0, 0),
(2559, 'AARDVARK', 1, 1, 1, 0, 0, 0),
(2560, 'BUGOMBA', 1, 1, 1, 0, 0, 0),
(2561, 'KABANGA', 1, 1, 1, 0, 0, 0),
(2562, 'KASHELO', 1, 1, 1, 0, 0, 0),
(2563, 'LULEMBELA', 1, 1, 1, 0, 0, 0),
(2564, 'MAJENGO', 1, 1, 1, 0, 0, 0),
(2565, 'NYIKONGA', 1, 1, 1, 0, 0, 0),
(2566, 'BUDODA', 1, 1, 1, 0, 0, 0),
(2567, 'ILANGALE', 1, 1, 1, 0, 0, 0),
(2568, 'MASUMBWE', 1, 1, 1, 0, 0, 0),
(2569, 'MKAPA', 1, 1, 1, 0, 0, 0),
(2570, 'MUUNGANO', 1, 1, 1, 0, 0, 0),
(2571, 'NYAKASALUMA', 1, 1, 1, 0, 0, 0),
(2572, 'SHENDA', 1, 1, 1, 0, 0, 0),
(2573, 'BWENDASEKO', 1, 1, 1, 0, 0, 0),
(2574, 'ITIMBYA', 1, 1, 1, 0, 0, 0),
(2575, 'MBOGWE', 1, 1, 1, 0, 0, 0),
(2576, 'MWANZA', 1, 1, 1, 0, 0, 0),
(2577, 'NYAMBUBI', 1, 1, 1, 0, 0, 0),
(2578, 'KISUMO', 1, 1, 1, 0, 0, 0),
(2579, 'NANDA', 1, 1, 1, 0, 0, 0),
(2580, 'NYAHOLONGO', 1, 1, 1, 0, 0, 0),
(2581, 'NYANG`HWALE', 1, 1, 1, 0, 0, 0),
(2582, 'BWENDAMWIZO', 1, 1, 1, 0, 0, 0),
(2583, 'ISENENGEJA', 1, 1, 1, 0, 0, 0),
(2584, 'IVUMWA', 1, 1, 1, 0, 0, 0),
(2585, 'NGEMO', 1, 1, 1, 0, 0, 0),
(2586, 'NYITUNDU', 1, 1, 1, 0, 0, 0),
(2587, 'NHOMOLWA', 1, 1, 1, 0, 0, 0),
(2588, 'NYAMIMBI', 1, 1, 1, 0, 0, 0),
(2589, 'NYANHWIGA', 1, 1, 1, 0, 0, 0),
(2590, 'KASANDALALA', 1, 1, 1, 0, 0, 0),
(2591, 'LUBEHO', 1, 1, 1, 0, 0, 0),
(2592, 'NYAKAFULU', 1, 1, 1, 0, 0, 0),
(2593, 'NYERERE', 1, 1, 1, 0, 0, 0),
(2594, 'UHURU', 1, 1, 1, 0, 0, 0),
(2595, 'WIGRARET', 1, 1, 1, 0, 0, 0),
(2596, 'BULILILA', 1, 1, 1, 0, 0, 0),
(2597, 'BULUGALA', 1, 1, 1, 0, 0, 0),
(2598, 'ISUNGABULA', 1, 1, 1, 0, 0, 0),
(2599, 'KASAKA', 1, 1, 1, 0, 0, 0),
(2600, 'MLANGE', 1, 1, 1, 0, 0, 0),
(2601, 'NYASATO', 1, 1, 1, 0, 0, 0),
(2602, 'SONGAMBELE', 1, 1, 1, 0, 0, 0),
(2603, 'BRILLIANT', 1, 1, 1, 0, 0, 0),
(2604, 'BUTIMBA', 1, 1, 1, 0, 0, 0),
(2605, 'BUZIGULA', 1, 1, 1, 0, 0, 0),
(2606, 'MLALE', 1, 1, 1, 0, 0, 0),
(2607, 'USHETU', 1, 1, 1, 0, 0, 0),
(2608, 'BUKWIMBA', 1, 1, 1, 0, 0, 0),
(2609, 'BULANGALE', 1, 1, 1, 0, 0, 0),
(2610, 'ISOLABUPINA', 1, 1, 1, 0, 0, 0),
(2611, 'KASUBUYA', 1, 1, 1, 0, 0, 0),
(2612, 'BUSOLWA', 1, 1, 1, 0, 0, 0),
(2613, 'IFUGANDI', 1, 1, 1, 0, 0, 0),
(2614, 'KONA', 1, 1, 1, 0, 0, 0),
(2615, 'NGELELA', 1, 1, 1, 0, 0, 0),
(2616, 'IZUNYA', 1, 1, 1, 0, 0, 0),
(2617, 'KANEGELE', 1, 1, 1, 0, 0, 0),
(2618, 'MWAMAKILIGA', 1, 1, 1, 0, 0, 0),
(2619, 'KABOHA', 1, 1, 1, 0, 0, 0),
(2620, 'SHIBALANGA', 1, 1, 1, 0, 0, 0),
(2621, 'SHIBUMBA', 1, 1, 1, 0, 0, 0),
(2622, 'ALBERT MNALI', 1, 1, 1, 0, 0, 0),
(2623, 'BUKULU', 1, 1, 1, 0, 0, 0),
(2624, 'GULUMBAI', 1, 1, 1, 0, 0, 0),
(2625, 'KAFITA', 1, 1, 1, 0, 0, 0),
(2626, 'KAYENZE', 1, 1, 1, 0, 0, 0),
(2627, 'LUSHIMBA', 1, 1, 1, 0, 0, 0),
(2628, 'KAKORA', 1, 1, 1, 0, 0, 0),
(2629, 'KITONGO', 1, 1, 1, 0, 0, 0),
(2630, 'NYANGALAMILA', 1, 1, 1, 0, 0, 0),
(2631, 'BUKUNGU', 1, 1, 1, 0, 0, 0),
(2632, 'BUMANDA', 1, 1, 1, 0, 0, 0),
(2633, 'BUPAMBA', 1, 1, 1, 0, 0, 0),
(2634, 'IKANGALA', 1, 1, 1, 0, 0, 0),
(2635, 'KHARUMWA', 1, 1, 1, 0, 0, 0),
(2636, 'HUSSEIN NASSOR', 1, 1, 1, 0, 0, 0),
(2637, 'IYENZE', 1, 1, 1, 0, 0, 0),
(2638, 'MWINGIRO', 1, 1, 1, 0, 0, 0),
(2639, 'NYAMIKONZE', 1, 1, 1, 0, 0, 0),
(2640, 'LYULU', 1, 1, 1, 0, 0, 0),
(2641, 'NUNDU', 1, 1, 1, 0, 0, 0),
(2642, 'NYANG''HOLONGO', 1, 1, 1, 0, 0, 0),
(2643, 'BUJULA', 1, 1, 1, 0, 0, 0),
(2644, 'ITETEMIA', 1, 1, 1, 0, 0, 0),
(2645, 'NYABULANDA', 1, 1, 1, 0, 0, 0),
(2646, 'BULULU', 1, 1, 1, 0, 0, 0),
(2647, 'NHWIGA', 1, 1, 1, 0, 0, 0),
(2648, 'NYAMTUKUZA', 1, 1, 1, 0, 0, 0),
(2649, 'IBAMBILA', 1, 1, 1, 0, 0, 0),
(2650, 'NYAKASWI', 1, 1, 1, 0, 0, 0),
(2651, 'NYANG''HWALE ''B''', 1, 1, 1, 0, 0, 0),
(2652, 'NYANG''HWALE''A''', 1, 1, 1, 0, 0, 0),
(2653, 'IYOGELO', 1, 1, 1, 0, 0, 0),
(2654, 'KIKWETE', 1, 1, 1, 0, 0, 0),
(2655, 'NYARUBELE', 1, 1, 1, 0, 0, 0),
(2656, 'NYARUGUGUNA', 1, 1, 1, 0, 0, 0),
(2657, 'NYIJUNDU', 1, 1, 1, 0, 0, 0),
(2658, 'BEYA', 1, 1, 1, 0, 0, 0),
(2659, 'ISONDA', 1, 1, 1, 0, 0, 0),
(2660, 'MABOGO', 1, 1, 1, 0, 0, 0),
(2661, 'MIMBILI', 1, 1, 1, 0, 0, 0),
(2662, 'NG''WEJA', 1, 1, 1, 0, 0, 0),
(2663, 'SHIGUNGUMULI', 1, 1, 1, 0, 0, 0),
(2664, 'IHUSHI', 1, 1, 1, 0, 0, 0),
(2665, 'LUBANDO', 1, 1, 1, 0, 0, 0),
(2666, 'MHAMA', 1, 1, 1, 0, 0, 0),
(2667, 'NYAMGOGWA', 1, 1, 1, 0, 0, 0),
(2668, 'SHABAKA', 1, 1, 1, 0, 0, 0),
(2669, 'WAVU', 1, 1, 1, 0, 0, 0),
(2670, 'IDODI', 1, 1, 1, 0, 0, 0),
(2671, 'KITANEWA', 1, 1, 1, 0, 0, 0),
(2672, 'KITISI', 1, 1, 1, 0, 0, 0),
(2673, 'MSEMBE', 1, 1, 1, 0, 0, 0),
(2674, 'TUNGAMLENGA', 1, 1, 1, 0, 0, 0),
(2675, 'IFUNDA', 1, 1, 1, 0, 0, 0),
(2676, 'KIBAONI', 1, 1, 1, 0, 0, 0),
(2677, 'KIBENA', 1, 1, 1, 0, 0, 0),
(2678, 'MFUKULEMBE', 1, 1, 1, 0, 0, 0),
(2679, 'MIBIKIMITALI', 1, 1, 1, 0, 0, 0),
(2680, 'THE GLORY KIBENA', 1, 1, 1, 0, 0, 0),
(2681, 'UDUMUKA', 1, 1, 1, 0, 0, 0),
(2682, 'ILOLOMPYA', 1, 1, 1, 0, 0, 0),
(2683, 'LUGANGA', 1, 1, 1, 0, 0, 0),
(2684, 'MAGOZI', 1, 1, 1, 0, 0, 0),
(2685, 'MKOMBILENGA', 1, 1, 1, 0, 0, 0),
(2686, 'ITUNUNDU', 1, 1, 1, 0, 0, 0),
(2687, 'KIMANDE', 1, 1, 1, 0, 0, 0),
(2688, 'MBUYUNI', 1, 1, 1, 0, 0, 0),
(2689, 'MSOLWA', 1, 1, 1, 0, 0, 0),
(2690, 'IZAZI', 1, 1, 1, 0, 0, 0),
(2691, 'MAKUKA', 1, 1, 1, 0, 0, 0),
(2692, 'MNADANI', 1, 1, 1, 0, 0, 0),
(2693, 'ISAKALILO', 1, 1, 1, 0, 0, 0),
(2694, 'KALENGA', 1, 1, 1, 0, 0, 0),
(2695, 'LUPALAMA ''A''', 1, 1, 1, 0, 0, 0),
(2696, 'LYALAMO', 1, 1, 1, 0, 0, 0),
(2697, 'MSUKANZI', 1, 1, 1, 0, 0, 0),
(2698, 'CHAMGOGO', 1, 1, 1, 0, 0, 0),
(2699, 'IGANGIDUNGU', 1, 1, 1, 0, 0, 0),
(2700, 'KIHANGA', 1, 1, 1, 0, 0, 0),
(2701, 'MAKOMBE', 1, 1, 1, 0, 0, 0),
(2702, 'IGULA', 1, 1, 1, 0, 0, 0),
(2703, 'IHOMINYI', 1, 1, 1, 0, 0, 0),
(2704, 'ISMANI', 1, 1, 1, 0, 0, 0),
(2705, 'KIHOROGOTA', 1, 1, 1, 0, 0, 0),
(2706, 'MIKONG''WI', 1, 1, 1, 0, 0, 0),
(2707, 'NDOLELA', 1, 1, 1, 0, 0, 0),
(2708, 'NGANO', 1, 1, 1, 0, 0, 0),
(2709, 'IGINGILANYI', 1, 1, 1, 0, 0, 0),
(2710, 'ILAMBILOLE', 1, 1, 1, 0, 0, 0),
(2711, 'KINYWANG''ANGA', 1, 1, 1, 0, 0, 0),
(2712, 'KISING''A ISMAN', 1, 1, 1, 0, 0, 0),
(2713, 'MATEMBO', 1, 1, 1, 0, 0, 0),
(2714, 'MKUNGUGU', 1, 1, 1, 0, 0, 0),
(2715, 'ITAGUTWA', 1, 1, 1, 0, 0, 0),
(2716, 'KITAPILIMWA', 1, 1, 1, 0, 0, 0),
(2717, 'KIWERE', 1, 1, 1, 0, 0, 0),
(2718, 'MFYOME', 1, 1, 1, 0, 0, 0),
(2719, 'MGERA', 1, 1, 1, 0, 0, 0),
(2720, 'UKOMBOZI B', 1, 1, 1, 0, 0, 0),
(2721, 'BETRAMINO', 1, 1, 1, 0, 0, 0),
(2722, 'IKUVILO', 1, 1, 1, 0, 0, 0),
(2723, 'KILAMBO', 1, 1, 1, 0, 0, 0),
(2724, 'KITAYAWA', 1, 1, 1, 0, 0, 0),
(2725, 'MGUHU', 1, 1, 1, 0, 0, 0),
(2726, 'NYABULA', 1, 1, 1, 0, 0, 0),
(2727, 'TAGAMENDA', 1, 1, 1, 0, 0, 0),
(2728, 'WANGAMA', 1, 1, 1, 0, 0, 0),
(2729, 'ISUPILO', 1, 1, 1, 0, 0, 0),
(2730, 'ITENGULINYI', 1, 1, 1, 0, 0, 0),
(2731, 'LUMULI', 1, 1, 1, 0, 0, 0),
(2732, 'MASUMBO', 1, 1, 1, 0, 0, 0),
(2733, 'ULETE', 1, 1, 1, 0, 0, 0),
(2734, 'IGUNDA', 1, 1, 1, 0, 0, 0),
(2735, 'LUPEMBELWASENGA', 1, 1, 1, 0, 0, 0),
(2736, 'LYAMGUNGWE', 1, 1, 1, 0, 0, 0),
(2737, 'MALAGOSI', 1, 1, 1, 0, 0, 0),
(2738, 'MLOLO', 1, 1, 1, 0, 0, 0),
(2739, 'KIDILO', 1, 1, 1, 0, 0, 0),
(2740, 'KIPONZELO', 1, 1, 1, 0, 0, 0),
(2741, 'MAGUNGA', 1, 1, 1, 0, 0, 0),
(2742, 'MAKONGATI', 1, 1, 1, 0, 0, 0),
(2743, 'MAGULILWA', 1, 1, 1, 0, 0, 0),
(2744, 'MLANDA', 1, 1, 1, 0, 0, 0),
(2745, 'MSULUTI', 1, 1, 1, 0, 0, 0),
(2746, 'NDIWILI', 1, 1, 1, 0, 0, 0),
(2747, 'NEGABIHI', 1, 1, 1, 0, 0, 0),
(2748, 'NG''ENZA', 1, 1, 1, 0, 0, 0),
(2749, 'MAHUNINGA', 1, 1, 1, 0, 0, 0),
(2750, 'MAKIFU', 1, 1, 1, 0, 0, 0),
(2751, 'IGULUBA', 1, 1, 1, 0, 0, 0),
(2752, 'ISAKA', 1, 1, 1, 0, 0, 0),
(2753, 'MAKADUPA', 1, 1, 1, 0, 0, 0),
(2754, 'MKULULA', 1, 1, 1, 0, 0, 0),
(2755, 'NYAKAVANGALA', 1, 1, 1, 0, 0, 0),
(2756, 'USOLANGA', 1, 1, 1, 0, 0, 0),
(2757, 'KANING''OMBE', 1, 1, 1, 0, 0, 0),
(2758, 'MAKOTA', 1, 1, 1, 0, 0, 0),
(2759, 'SADANI', 1, 1, 1, 0, 0, 0),
(2760, 'MBOLIBOLI', 1, 1, 1, 0, 0, 0),
(2761, 'IBUMILA', 1, 1, 1, 0, 0, 0),
(2762, 'IHEMI', 1, 1, 1, 0, 0, 0),
(2763, 'ILANDUTWA', 1, 1, 1, 0, 0, 0),
(2764, 'ITWAGA', 1, 1, 1, 0, 0, 0),
(2765, 'KATENGE', 1, 1, 1, 0, 0, 0),
(2766, 'LWATO', 1, 1, 1, 0, 0, 0),
(2767, 'MGAMA', 1, 1, 1, 0, 0, 0),
(2768, 'KINYALI', 1, 1, 1, 0, 0, 0),
(2769, 'MAKATAPOLA', 1, 1, 1, 0, 0, 0),
(2770, 'MAPERA MENGI', 1, 1, 1, 0, 0, 0),
(2771, 'MIGOLI', 1, 1, 1, 0, 0, 0),
(2772, 'MTERA', 1, 1, 1, 0, 0, 0),
(2773, 'MWANYENGO', 1, 1, 1, 0, 0, 0),
(2774, 'ISELE PAWAGA', 1, 1, 1, 0, 0, 0),
(2775, 'KINYIKA', 1, 1, 1, 0, 0, 0),
(2776, 'KISANGA', 1, 1, 1, 0, 0, 0),
(2777, 'MAGOMBWE', 1, 1, 1, 0, 0, 0),
(2778, 'IPWASI', 1, 1, 1, 0, 0, 0),
(2779, 'MAFULUTO', 1, 1, 1, 0, 0, 0),
(2780, 'MALINZANGA', 1, 1, 1, 0, 0, 0);
INSERT INTO `school` (`id`, `name`, `ward_id`, `ownership_id`, `level_id`, `latitude`, `longitude`, `status`) VALUES
(2781, 'MATALAWE', 1, 1, 1, 0, 0, 0),
(2782, 'MLOWA', 1, 1, 1, 0, 0, 0),
(2783, 'NYAMAHANA', 1, 1, 1, 0, 0, 0),
(2784, 'SASAMAMBO', 1, 1, 1, 0, 0, 0),
(2785, 'KIPANGA', 1, 1, 1, 0, 0, 0),
(2786, 'MLANDEGE', 1, 1, 1, 0, 0, 0),
(2787, 'TANANGOZI', 1, 1, 1, 0, 0, 0),
(2788, 'UGWACHANYA', 1, 1, 1, 0, 0, 0),
(2789, 'WENDA', 1, 1, 1, 0, 0, 0),
(2790, 'CHAMNDINDI', 1, 1, 1, 0, 0, 0),
(2791, 'HOLO', 1, 1, 1, 0, 0, 0),
(2792, 'IKENGEZA', 1, 1, 1, 0, 0, 0),
(2793, 'MANGAWE', 1, 1, 1, 0, 0, 0),
(2794, 'MAWINDI', 1, 1, 1, 0, 0, 0),
(2795, 'NYANG''ORO', 1, 1, 1, 0, 0, 0),
(2796, 'IBOGO', 1, 1, 1, 0, 0, 0),
(2797, 'KIDAMALI', 1, 1, 1, 0, 0, 0),
(2798, 'KIPERA', 1, 1, 1, 0, 0, 0),
(2799, 'MAGUBIKE', 1, 1, 1, 0, 0, 0),
(2800, 'MKOMBE', 1, 1, 1, 0, 0, 0),
(2801, 'MLAMBALASI', 1, 1, 1, 0, 0, 0),
(2802, 'MUUNGANO', 1, 1, 1, 0, 0, 0),
(2803, 'MWENGE', 1, 1, 1, 0, 0, 0),
(2804, 'NYAMIHUU', 1, 1, 1, 0, 0, 0),
(2805, 'NZIHI', 1, 1, 1, 0, 0, 0),
(2806, 'KIBEBE', 1, 1, 1, 0, 0, 0),
(2807, 'LUKWAMBE', 1, 1, 1, 0, 0, 0),
(2808, 'LUPALAMA ''B''', 1, 1, 1, 0, 0, 0),
(2809, 'MANGALALI', 1, 1, 1, 0, 0, 0),
(2810, 'MWAMBAO', 1, 1, 1, 0, 0, 0),
(2811, 'ULANDA', 1, 1, 1, 0, 0, 0),
(2812, 'WERU', 1, 1, 1, 0, 0, 0),
(2813, 'IHOMASA', 1, 1, 1, 0, 0, 0),
(2814, 'IKUNGWE', 1, 1, 1, 0, 0, 0),
(2815, 'UFYAMBE', 1, 1, 1, 0, 0, 0),
(2816, 'ULATA', 1, 1, 1, 0, 0, 0),
(2817, 'USENGELINDETE', 1, 1, 1, 0, 0, 0),
(2818, 'WASA', 1, 1, 1, 0, 0, 0),
(2819, 'GANGILONGA', 1, 1, 1, 0, 0, 0),
(2820, 'HIGHLAND', 1, 1, 1, 0, 0, 0),
(2821, 'LUGALO', 1, 1, 1, 0, 0, 0),
(2822, 'MAPINDUZI', 1, 1, 1, 0, 0, 0),
(2823, 'SABASABA', 1, 1, 1, 0, 0, 0),
(2824, 'ST.DOMINIC SAVIO', 1, 1, 1, 0, 0, 0),
(2825, 'UMMUSALAMA', 1, 1, 1, 0, 0, 0),
(2826, 'WILOLESI', 1, 1, 1, 0, 0, 0),
(2827, 'CHEMCHEM', 1, 1, 1, 0, 0, 0),
(2828, 'ILALA', 1, 1, 1, 0, 0, 0),
(2829, 'NYUMBATATU', 1, 1, 1, 0, 0, 0),
(2830, 'MAWELEWELE', 1, 1, 1, 0, 0, 0),
(2831, 'MKOGA', 1, 1, 1, 0, 0, 0),
(2832, 'NJIAPANDA', 1, 1, 1, 0, 0, 0),
(2833, 'KIHESA', 1, 1, 1, 0, 0, 0),
(2834, 'NGOME', 1, 1, 1, 0, 0, 0),
(2835, 'TUMAINI', 1, 1, 1, 0, 0, 0),
(2836, 'KIBWABWA', 1, 1, 1, 0, 0, 0),
(2837, 'KILONGAYENA', 1, 1, 1, 0, 0, 0),
(2838, 'KITWIRU', 1, 1, 1, 0, 0, 0),
(2839, 'MNAZIMMOJA', 1, 1, 1, 0, 0, 0),
(2840, 'STAR', 1, 1, 1, 0, 0, 0),
(2841, 'AZIMIO', 1, 1, 1, 0, 0, 0),
(2842, 'JITEGEME', 1, 1, 1, 0, 0, 0),
(2843, 'MLANDEGE', 1, 1, 1, 0, 0, 0),
(2844, 'MUUNGANO', 1, 1, 1, 0, 0, 0),
(2845, 'HOHO', 1, 1, 1, 0, 0, 0),
(2846, 'ITAMBA', 1, 1, 1, 0, 0, 0),
(2847, 'IGELEKE', 1, 1, 1, 0, 0, 0),
(2848, 'MKIMBIZI', 1, 1, 1, 0, 0, 0),
(2849, 'MSHIKAMANO', 1, 1, 1, 0, 0, 0),
(2850, 'Mtwivila', 1, 1, 1, 0, 0, 0),
(2851, 'SIPTO', 1, 1, 1, 0, 0, 0),
(2852, 'UGELE', 1, 1, 1, 0, 0, 0),
(2853, 'UKOMBOZI', 1, 1, 1, 0, 0, 0),
(2854, 'UMOJA', 1, 1, 1, 0, 0, 0),
(2855, 'VIZIWI', 1, 1, 1, 0, 0, 0),
(2856, 'KIGAMBONI', 1, 1, 1, 0, 0, 0),
(2857, 'MAENDELEO', 1, 1, 1, 0, 0, 0),
(2858, 'MLANGALI', 1, 1, 1, 0, 0, 0),
(2859, 'SAINT CHARLES', 1, 1, 1, 0, 0, 0),
(2860, 'SUN ACADEMY', 1, 1, 1, 0, 0, 0),
(2861, 'KIGONZILE', 1, 1, 1, 0, 0, 0),
(2862, 'MGONGO', 1, 1, 1, 0, 0, 0),
(2863, 'NDULI', 1, 1, 1, 0, 0, 0),
(2864, 'IGUMBILO', 1, 1, 1, 0, 0, 0),
(2865, 'IPOGOLO', 1, 1, 1, 0, 0, 0),
(2866, 'J J MUNGAI', 1, 1, 1, 0, 0, 0),
(2867, 'NDIUKA', 1, 1, 1, 0, 0, 0),
(2868, 'ULONGE', 1, 1, 1, 0, 0, 0),
(2869, 'BOMALANG''OMBE', 1, 1, 1, 0, 0, 0),
(2870, 'LYAMKO', 1, 1, 1, 0, 0, 0),
(2871, 'MWATASI', 1, 1, 1, 0, 0, 0),
(2872, 'NG''INGULA', 1, 1, 1, 0, 0, 0),
(2873, 'WANGAMA', 1, 1, 1, 0, 0, 0),
(2874, 'ILAMBA', 1, 1, 1, 0, 0, 0),
(2875, 'KIDABAGA', 1, 1, 1, 0, 0, 0),
(2876, 'LUSINGA', 1, 1, 1, 0, 0, 0),
(2877, 'MAGOME', 1, 1, 1, 0, 0, 0),
(2878, 'NDENGISIVILI', 1, 1, 1, 0, 0, 0),
(2879, 'IBUMU', 1, 1, 1, 0, 0, 0),
(2880, 'ILAMBO', 1, 1, 1, 0, 0, 0),
(2881, 'KILALAKIDEWA', 1, 1, 1, 0, 0, 0),
(2882, 'IDETE', 1, 1, 1, 0, 0, 0),
(2883, 'ILUTILA', 1, 1, 1, 0, 0, 0),
(2884, 'IYANIKA', 1, 1, 1, 0, 0, 0),
(2885, 'KIWALAMO', 1, 1, 1, 0, 0, 0),
(2886, 'MADEGE', 1, 1, 1, 0, 0, 0),
(2887, 'IHIMBO', 1, 1, 1, 0, 0, 0),
(2888, 'ITALULA', 1, 1, 1, 0, 0, 0),
(2889, 'ITIMBO', 1, 1, 1, 0, 0, 0),
(2890, 'IWINDI', 1, 1, 1, 0, 0, 0),
(2891, 'LUKOGA', 1, 1, 1, 0, 0, 0),
(2892, 'UTENGULE', 1, 1, 1, 0, 0, 0),
(2893, 'IKOKOTO', 1, 1, 1, 0, 0, 0),
(2894, 'ILULA', 1, 1, 1, 0, 0, 0),
(2895, 'ISOLIWAYA', 1, 1, 1, 0, 0, 0),
(2896, 'MASUKANZI', 1, 1, 1, 0, 0, 0),
(2897, 'MTAKUJA', 1, 1, 1, 0, 0, 0),
(2898, 'IMAGE', 1, 1, 1, 0, 0, 0),
(2899, 'LYASA', 1, 1, 1, 0, 0, 0),
(2900, 'UGUNDA', 1, 1, 1, 0, 0, 0),
(2901, 'UHOMINYI', 1, 1, 1, 0, 0, 0),
(2902, 'IBOFWE', 1, 1, 1, 0, 0, 0),
(2903, 'IROLE', 1, 1, 1, 0, 0, 0),
(2904, 'KITELEWASI', 1, 1, 1, 0, 0, 0),
(2905, 'KITUMBUKA', 1, 1, 1, 0, 0, 0),
(2906, 'LUNDAMATWE', 1, 1, 1, 0, 0, 0),
(2907, 'UKANINEMO', 1, 1, 1, 0, 0, 0),
(2908, 'IDUNDA', 1, 1, 1, 0, 0, 0),
(2909, 'ITONYA', 1, 1, 1, 0, 0, 0),
(2910, 'KIMALA', 1, 1, 1, 0, 0, 0),
(2911, 'MHANGA', 1, 1, 1, 0, 0, 0),
(2912, 'ULUTI', 1, 1, 1, 0, 0, 0),
(2913, 'IGUNGA', 1, 1, 1, 0, 0, 0),
(2914, 'IMALUTWA', 1, 1, 1, 0, 0, 0),
(2915, 'LUGALO', 1, 1, 1, 0, 0, 0),
(2916, 'MAZOMBE', 1, 1, 1, 0, 0, 0),
(2917, 'MBIGILI', 1, 1, 1, 0, 0, 0),
(2918, 'MKAWAGANGA', 1, 1, 1, 0, 0, 0),
(2919, 'IGUNDA', 1, 1, 1, 0, 0, 0),
(2920, 'IRINDI', 1, 1, 1, 0, 0, 0),
(2921, 'MAGANA', 1, 1, 1, 0, 0, 0),
(2922, 'MAHENGE', 1, 1, 1, 0, 0, 0),
(2923, 'MGOWELO', 1, 1, 1, 0, 0, 0),
(2924, 'MLOWA', 1, 1, 1, 0, 0, 0),
(2925, 'NYANZWA', 1, 1, 1, 0, 0, 0),
(2926, 'IDEGENDA', 1, 1, 1, 0, 0, 0),
(2927, 'ISANGA', 1, 1, 1, 0, 0, 0),
(2928, 'MASISIWE', 1, 1, 1, 0, 0, 0),
(2929, 'MBAWI', 1, 1, 1, 0, 0, 0),
(2930, 'NYAWEGETE', 1, 1, 1, 0, 0, 0),
(2931, 'ISAGWA', 1, 1, 1, 0, 0, 0),
(2932, 'ITUNGI', 1, 1, 1, 0, 0, 0),
(2933, 'MLAFU', 1, 1, 1, 0, 0, 0),
(2934, 'KILOLO', 1, 1, 1, 0, 0, 0),
(2935, 'KILOLO B''', 1, 1, 1, 0, 0, 0),
(2936, 'LUGANGA', 1, 1, 1, 0, 0, 0),
(2937, 'LUHINDO', 1, 1, 1, 0, 0, 0),
(2938, 'LULANZI', 1, 1, 1, 0, 0, 0),
(2939, 'MTITU', 1, 1, 1, 0, 0, 0),
(2940, 'IDASI', 1, 1, 1, 0, 0, 0),
(2941, 'MDEKE', 1, 1, 1, 0, 0, 0),
(2942, 'NG''ANG''ANGE', 1, 1, 1, 0, 0, 0),
(2943, 'ISUKA', 1, 1, 1, 0, 0, 0),
(2944, 'KIHESA MGAGAO', 1, 1, 1, 0, 0, 0),
(2945, 'LUKANI', 1, 1, 1, 0, 0, 0),
(2946, 'MASEGE', 1, 1, 1, 0, 0, 0),
(2947, 'MSENGELA', 1, 1, 1, 0, 0, 0),
(2948, 'NGONGWA', 1, 1, 1, 0, 0, 0),
(2949, 'POMERINI', 1, 1, 1, 0, 0, 0),
(2950, 'IKUVALA', 1, 1, 1, 0, 0, 0),
(2951, 'KIBAHA', 1, 1, 1, 0, 0, 0),
(2952, 'MTUA', 1, 1, 1, 0, 0, 0),
(2953, 'MWAYA', 1, 1, 1, 0, 0, 0),
(2954, 'TUMAINI', 1, 1, 1, 0, 0, 0),
(2955, 'IKULA', 1, 1, 1, 0, 0, 0),
(2956, 'MSOSA', 1, 1, 1, 0, 0, 0),
(2957, 'MTANDIKA', 1, 1, 1, 0, 0, 0),
(2958, 'RUAHAMBUYUNI', 1, 1, 1, 0, 0, 0),
(2959, 'IFUWA', 1, 1, 1, 0, 0, 0),
(2960, 'UDEKWA', 1, 1, 1, 0, 0, 0),
(2961, 'WOTALISOLI', 1, 1, 1, 0, 0, 0),
(2962, 'IKUKA', 1, 1, 1, 0, 0, 0),
(2963, 'IWUNGI', 1, 1, 1, 0, 0, 0),
(2964, 'KIPADUKA', 1, 1, 1, 0, 0, 0),
(2965, 'NG''OSI', 1, 1, 1, 0, 0, 0),
(2966, 'UHAMBINGETO', 1, 1, 1, 0, 0, 0),
(2967, 'VITONO', 1, 1, 1, 0, 0, 0),
(2968, 'KITOWO', 1, 1, 1, 0, 0, 0),
(2969, 'MASALALI', 1, 1, 1, 0, 0, 0),
(2970, 'MAWAMBALA', 1, 1, 1, 0, 0, 0),
(2971, 'MWANZI', 1, 1, 1, 0, 0, 0),
(2972, 'UKUMBI', 1, 1, 1, 0, 0, 0),
(2973, 'WINOME', 1, 1, 1, 0, 0, 0),
(2974, 'FIKANO', 1, 1, 1, 0, 0, 0),
(2975, 'ISELE', 1, 1, 1, 0, 0, 0),
(2976, 'KISING''A', 1, 1, 1, 0, 0, 0),
(2977, 'MAKUNGU', 1, 1, 1, 0, 0, 0),
(2978, 'MKALANGA', 1, 1, 1, 0, 0, 0),
(2979, 'UKWEGA', 1, 1, 1, 0, 0, 0),
(2980, 'ETHICS', 1, 1, 1, 0, 0, 0),
(2981, 'MAFINGA', 1, 1, 1, 0, 0, 0),
(2982, 'MJIMWEMA', 1, 1, 1, 0, 0, 0),
(2983, 'MKOMBWE', 1, 1, 1, 0, 0, 0),
(2984, 'Mwongozo', 1, 1, 1, 0, 0, 0),
(2985, 'NDOLEZI', 1, 1, 1, 0, 0, 0),
(2986, 'SOUTHERN HIGHLANDS', 1, 1, 1, 0, 0, 0),
(2987, 'BUMILAYINGA', 1, 1, 1, 0, 0, 0),
(2988, 'IVA WERNER', 1, 1, 1, 0, 0, 0),
(2989, 'KISADA', 1, 1, 1, 0, 0, 0),
(2990, 'MATANANA', 1, 1, 1, 0, 0, 0),
(2991, 'ULOLE', 1, 1, 1, 0, 0, 0),
(2992, 'ANASTAZIA', 1, 1, 1, 0, 0, 0),
(2993, 'CHANGARAWE', 1, 1, 1, 0, 0, 0),
(2994, 'SABASABA', 1, 1, 1, 0, 0, 0),
(2995, 'IHUMO', 1, 1, 1, 0, 0, 0),
(2996, 'ISALAVANU', 1, 1, 1, 0, 0, 0),
(2997, 'KIKOMBO', 1, 1, 1, 0, 0, 0),
(2998, 'KILIMANI', 1, 1, 1, 0, 0, 0),
(2999, 'MAMBA', 1, 1, 1, 0, 0, 0),
(3000, 'FR.SILVIO PASQUALI', 1, 1, 1, 0, 0, 0),
(3001, 'IFINGO', 1, 1, 1, 0, 0, 0),
(3002, 'KINYANAMBO', 1, 1, 1, 0, 0, 0),
(3003, 'MORNING STAR', 1, 1, 1, 0, 0, 0),
(3004, 'ITIMBO', 1, 1, 1, 0, 0, 0),
(3005, 'MNYIGUMBA', 1, 1, 1, 0, 0, 0),
(3006, 'RUNGEMBA', 1, 1, 1, 0, 0, 0),
(3007, 'CAMALDOLI', 1, 1, 1, 0, 0, 0),
(3008, 'IHEFU', 1, 1, 1, 0, 0, 0),
(3009, 'MTULA', 1, 1, 1, 0, 0, 0),
(3010, 'SAO HILL', 1, 1, 1, 0, 0, 0),
(3011, 'AMANI', 1, 1, 1, 0, 0, 0),
(3012, 'UPENDO', 1, 1, 1, 0, 0, 0),
(3013, 'MAKALALA', 1, 1, 1, 0, 0, 0),
(3014, 'NYAMALALA', 1, 1, 1, 0, 0, 0),
(3015, 'WAMBI', 1, 1, 1, 0, 0, 0),
(3016, 'HOLO', 1, 1, 1, 0, 0, 0),
(3017, 'IGENGE', 1, 1, 1, 0, 0, 0),
(3018, 'ITIKA', 1, 1, 1, 0, 0, 0),
(3019, 'IDUMULAVANU', 1, 1, 1, 0, 0, 0),
(3020, 'IKANGAMWANI', 1, 1, 1, 0, 0, 0),
(3021, 'MKANGWE', 1, 1, 1, 0, 0, 0),
(3022, 'IFUPIRA', 1, 1, 1, 0, 0, 0),
(3023, 'IFWAGI', 1, 1, 1, 0, 0, 0),
(3024, 'IGULUSILO', 1, 1, 1, 0, 0, 0),
(3025, 'IKONONGO', 1, 1, 1, 0, 0, 0),
(3026, 'ITONA', 1, 1, 1, 0, 0, 0),
(3027, 'MWITIKILWA', 1, 1, 1, 0, 0, 0),
(3028, 'IGOMBAVANU', 1, 1, 1, 0, 0, 0),
(3029, 'LUGODALUTALI', 1, 1, 1, 0, 0, 0),
(3030, 'MAKONGOMI', 1, 1, 1, 0, 0, 0),
(3031, 'MAPOGORO', 1, 1, 1, 0, 0, 0),
(3032, 'MATELEFU', 1, 1, 1, 0, 0, 0),
(3033, 'UHAMBILA', 1, 1, 1, 0, 0, 0),
(3034, 'IBATU', 1, 1, 1, 0, 0, 0),
(3035, 'IGOWOLE', 1, 1, 1, 0, 0, 0),
(3036, 'KISALASI', 1, 1, 1, 0, 0, 0),
(3037, 'KISASA', 1, 1, 1, 0, 0, 0),
(3038, 'NZIVI', 1, 1, 1, 0, 0, 0),
(3039, 'IHALIMBA', 1, 1, 1, 0, 0, 0),
(3040, 'MBALWE', 1, 1, 1, 0, 0, 0),
(3041, 'MONG''A', 1, 1, 1, 0, 0, 0),
(3042, 'NUNDWE', 1, 1, 1, 0, 0, 0),
(3043, 'UGESA', 1, 1, 1, 0, 0, 0),
(3044, 'VIKULA', 1, 1, 1, 0, 0, 0),
(3045, 'IBWANZI', 1, 1, 1, 0, 0, 0),
(3046, 'IHANU', 1, 1, 1, 0, 0, 0),
(3047, 'KILOSA', 1, 1, 1, 0, 0, 0),
(3048, 'LULANDA', 1, 1, 1, 0, 0, 0),
(3049, 'MUNGETA', 1, 1, 1, 0, 0, 0),
(3050, 'NANDALA', 1, 1, 1, 0, 0, 0),
(3051, 'IDOPE', 1, 1, 1, 0, 0, 0),
(3052, 'IHOWANZA', 1, 1, 1, 0, 0, 0),
(3053, 'IYAYI', 1, 1, 1, 0, 0, 0),
(3054, 'KIPONDA', 1, 1, 1, 0, 0, 0),
(3055, 'KWATWANGA', 1, 1, 1, 0, 0, 0),
(3056, 'IKONGOSI', 1, 1, 1, 0, 0, 0),
(3057, 'ISUPILO', 1, 1, 1, 0, 0, 0),
(3058, 'ITULAVANU', 1, 1, 1, 0, 0, 0),
(3059, 'MTILI A', 1, 1, 1, 0, 0, 0),
(3060, 'MTILI B', 1, 1, 1, 0, 0, 0),
(3061, 'IKWEHA', 1, 1, 1, 0, 0, 0),
(3062, 'ILANGAMOTO', 1, 1, 1, 0, 0, 0),
(3063, 'UGENZA', 1, 1, 1, 0, 0, 0),
(3064, 'UKELEMI', 1, 1, 1, 0, 0, 0),
(3065, 'IHAWAGA', 1, 1, 1, 0, 0, 0),
(3066, 'IRAMBA', 1, 1, 1, 0, 0, 0),
(3067, 'ITULILO', 1, 1, 1, 0, 0, 0),
(3068, 'KIMILINZOWO', 1, 1, 1, 0, 0, 0),
(3069, 'KINEGEMBASI', 1, 1, 1, 0, 0, 0),
(3070, 'NYIGO', 1, 1, 1, 0, 0, 0),
(3071, 'IHOMASA', 1, 1, 1, 0, 0, 0),
(3072, 'KASANGA', 1, 1, 1, 0, 0, 0),
(3073, 'KILOLO', 1, 1, 1, 0, 0, 0),
(3074, 'UDUMUKA', 1, 1, 1, 0, 0, 0),
(3075, 'IGELEKE', 1, 1, 1, 0, 0, 0),
(3076, 'IGOMTWA', 1, 1, 1, 0, 0, 0),
(3077, 'ILOGOMBE', 1, 1, 1, 0, 0, 0),
(3078, 'KIBENGU', 1, 1, 1, 0, 0, 0),
(3079, 'KIGOLA', 1, 1, 1, 0, 0, 0),
(3080, 'KILIMAHEWA', 1, 1, 1, 0, 0, 0),
(3081, 'KIPANGA A', 1, 1, 1, 0, 0, 0),
(3082, 'KIPANGA B', 1, 1, 1, 0, 0, 0),
(3083, 'MITANZI', 1, 1, 1, 0, 0, 0),
(3084, 'USOKAMI', 1, 1, 1, 0, 0, 0),
(3085, 'ISAULA', 1, 1, 1, 0, 0, 0),
(3086, 'KIYOWELA', 1, 1, 1, 0, 0, 0),
(3087, 'MAGUNGULI', 1, 1, 1, 0, 0, 0),
(3088, 'IGODA', 1, 1, 1, 0, 0, 0),
(3089, 'IKANING''OMBE', 1, 1, 1, 0, 0, 0),
(3090, 'IYEGEYA', 1, 1, 1, 0, 0, 0),
(3091, 'LUHUNGA', 1, 1, 1, 0, 0, 0),
(3092, 'MADISI', 1, 1, 1, 0, 0, 0),
(3093, 'MKONGE', 1, 1, 1, 0, 0, 0),
(3094, 'MWEFU', 1, 1, 1, 0, 0, 0),
(3095, 'IHANGANATWA', 1, 1, 1, 0, 0, 0),
(3096, 'MADUMA', 1, 1, 1, 0, 0, 0),
(3097, 'WANGAMAGANGA', 1, 1, 1, 0, 0, 0),
(3098, 'KITASENGWA', 1, 1, 1, 0, 0, 0),
(3099, 'LUGEMA', 1, 1, 1, 0, 0, 0),
(3100, 'LUGOLOFU', 1, 1, 1, 0, 0, 0),
(3101, 'MABAONI', 1, 1, 1, 0, 0, 0),
(3102, 'MAKUNGU', 1, 1, 1, 0, 0, 0),
(3103, 'MGOLOLO', 1, 1, 1, 0, 0, 0),
(3104, 'IHANGA', 1, 1, 1, 0, 0, 0),
(3105, 'ITENGULE', 1, 1, 1, 0, 0, 0),
(3106, 'KINYANGESI', 1, 1, 1, 0, 0, 0),
(3107, 'MALANGALI', 1, 1, 1, 0, 0, 0),
(3108, 'CHOGO', 1, 1, 1, 0, 0, 0),
(3109, 'IHIMBO', 1, 1, 1, 0, 0, 0),
(3110, 'KISUSA', 1, 1, 1, 0, 0, 0),
(3111, 'MAPANDA', 1, 1, 1, 0, 0, 0),
(3112, 'MTWIVILA', 1, 1, 1, 0, 0, 0),
(3113, 'UHAFIWA', 1, 1, 1, 0, 0, 0),
(3114, 'UKAMI', 1, 1, 1, 0, 0, 0),
(3115, 'KILONGO', 1, 1, 1, 0, 0, 0),
(3116, 'KITELEWASI', 1, 1, 1, 0, 0, 0),
(3117, 'MAGUVANI', 1, 1, 1, 0, 0, 0),
(3118, 'MBALAMAZIWA', 1, 1, 1, 0, 0, 0),
(3119, 'NYAMANGI', 1, 1, 1, 0, 0, 0),
(3120, 'NYANYEMBE', 1, 1, 1, 0, 0, 0),
(3121, 'UKEMELE', 1, 1, 1, 0, 0, 0),
(3122, 'IKANGA', 1, 1, 1, 0, 0, 0),
(3123, 'ILASA', 1, 1, 1, 0, 0, 0),
(3124, 'KIDETE', 1, 1, 1, 0, 0, 0),
(3125, 'KINYIMBILI', 1, 1, 1, 0, 0, 0),
(3126, 'LUDILO', 1, 1, 1, 0, 0, 0),
(3127, 'MDABULO', 1, 1, 1, 0, 0, 0),
(3128, 'MLEVELWA', 1, 1, 1, 0, 0, 0),
(3129, 'BROOKE BOND', 1, 1, 1, 0, 0, 0),
(3130, 'IKWEGA', 1, 1, 1, 0, 0, 0),
(3131, 'ITULITULI', 1, 1, 1, 0, 0, 0),
(3132, 'LUGODA', 1, 1, 1, 0, 0, 0),
(3133, 'LUKOSI', 1, 1, 1, 0, 0, 0),
(3134, 'MKALALA', 1, 1, 1, 0, 0, 0),
(3135, 'MLIMANI', 1, 1, 1, 0, 0, 0),
(3136, 'MNINGA A', 1, 1, 1, 0, 0, 0),
(3137, 'MNINGA B', 1, 1, 1, 0, 0, 0),
(3138, 'MPEME', 1, 1, 1, 0, 0, 0),
(3139, 'MPANGATAZARA', 1, 1, 1, 0, 0, 0),
(3140, 'IHEGELA', 1, 1, 1, 0, 0, 0),
(3141, 'IKANGAGA', 1, 1, 1, 0, 0, 0),
(3142, 'MTAMBULA', 1, 1, 1, 0, 0, 0),
(3143, 'MWESA', 1, 1, 1, 0, 0, 0),
(3144, 'NYAKIPAMBO', 1, 1, 1, 0, 0, 0),
(3145, 'IDETERO', 1, 1, 1, 0, 0, 0),
(3146, 'IPILIMO', 1, 1, 1, 0, 0, 0),
(3147, 'KALINGA', 1, 1, 1, 0, 0, 0),
(3148, 'KIBAO', 1, 1, 1, 0, 0, 0),
(3149, 'KITIRU', 1, 1, 1, 0, 0, 0),
(3150, 'LUFUNA', 1, 1, 1, 0, 0, 0),
(3151, 'LUISENGA', 1, 1, 1, 0, 0, 0),
(3152, 'MPANGA', 1, 1, 1, 0, 0, 0),
(3153, 'MTWANGO', 1, 1, 1, 0, 0, 0),
(3154, 'SAWALA', 1, 1, 1, 0, 0, 0),
(3155, 'IMEHE', 1, 1, 1, 0, 0, 0),
(3156, 'JANGWANI', 1, 1, 1, 0, 0, 0),
(3157, 'LWING''ULO', 1, 1, 1, 0, 0, 0),
(3158, 'NJOJO', 1, 1, 1, 0, 0, 0),
(3159, 'NYOLOLO', 1, 1, 1, 0, 0, 0),
(3160, 'IGOMAA', 1, 1, 1, 0, 0, 0),
(3161, 'IHANZUTWA', 1, 1, 1, 0, 0, 0),
(3162, 'KIBADA', 1, 1, 1, 0, 0, 0),
(3163, 'SADANI', 1, 1, 1, 0, 0, 0),
(3164, 'TAMBALANG''OMBE', 1, 1, 1, 0, 0, 0),
(3165, 'BIHARAMULO - A', 1, 1, 1, 0, 0, 0),
(3166, 'BIHARAMULO - B', 1, 1, 1, 0, 0, 0),
(3167, 'MAENDELEO', 1, 1, 1, 0, 0, 0),
(3168, 'MLIMANI', 1, 1, 1, 0, 0, 0),
(3169, 'NYAKATUNTU', 1, 1, 1, 0, 0, 0),
(3170, 'RUBONDO', 1, 1, 1, 0, 0, 0),
(3171, 'ST. SEVERINE E.M', 1, 1, 1, 0, 0, 0),
(3172, 'UMOJA - A', 1, 1, 1, 0, 0, 0),
(3173, 'UMOJA - B', 1, 1, 1, 0, 0, 0),
(3174, 'UPENDO ENG.MED', 1, 1, 1, 0, 0, 0),
(3175, 'VICTORY ENG. MED', 1, 1, 1, 0, 0, 0),
(3176, 'BISIBO', 1, 1, 1, 0, 0, 0),
(3177, 'KIRURUMA - B', 1, 1, 1, 0, 0, 0),
(3178, 'KIRURUMA -A', 1, 1, 1, 0, 0, 0),
(3179, 'KISUNO', 1, 1, 1, 0, 0, 0),
(3180, 'MUSENYI', 1, 1, 1, 0, 0, 0),
(3181, 'KABINDI', 1, 1, 1, 0, 0, 0),
(3182, 'KAGONDO - A', 1, 1, 1, 0, 0, 0),
(3183, 'KAGONDO - B', 1, 1, 1, 0, 0, 0),
(3184, 'KIKOMAKOMA', 1, 1, 1, 0, 0, 0),
(3185, 'RWEKUBO - A', 1, 1, 1, 0, 0, 0),
(3186, 'RWEKUBO - B', 1, 1, 1, 0, 0, 0),
(3187, 'KALENGE', 1, 1, 1, 0, 0, 0),
(3188, 'KANYONI', 2, 2, 2, 0, 0, 0),
(3189, 'MSEKWA', 2, 2, 2, 0, 0, 0),
(3190, 'NYAMIGERE - A', 2, 2, 2, 0, 0, 0),
(3191, 'NYAMIGERE - B', 2, 2, 2, 0, 0, 0),
(3192, 'RUSENGA', 2, 2, 2, 0, 0, 0),
(3193, 'KANIHA', 2, 2, 2, 0, 0, 0),
(3194, 'MAVOTA - A', 2, 2, 2, 0, 0, 0),
(3195, 'MAVOTA - B', 2, 2, 2, 0, 0, 0),
(3196, 'MKUNKWA', 2, 2, 2, 0, 0, 0),
(3197, 'MPAGO', 2, 2, 2, 0, 0, 0),
(3198, 'MSALABANI', 2, 2, 2, 0, 0, 0),
(3199, 'KATAHOKA', 2, 2, 2, 0, 0, 0),
(3200, 'KISUMA', 2, 2, 2, 0, 0, 0),
(3201, 'NYAMAHUNA', 2, 2, 2, 0, 0, 0),
(3202, 'LUSAHUNGA', 2, 2, 2, 0, 0, 0),
(3203, 'NYAKANAZI', 2, 2, 2, 0, 0, 0),
(3204, 'NYAKASENGA', 2, 2, 2, 0, 0, 0),
(3205, 'NYAMALAGALA', 2, 2, 2, 0, 0, 0),
(3206, 'NYAMBALE', 2, 2, 2, 0, 0, 0),
(3207, 'KALUGUYU', 2, 2, 2, 0, 0, 0),
(3208, 'KISENGA', 2, 2, 2, 0, 0, 0),
(3209, 'NEMBA', 2, 2, 2, 0, 0, 0),
(3210, 'ISAMBARA', 2, 2, 2, 0, 0, 0),
(3211, 'KAPERANONO', 2, 2, 2, 0, 0, 0),
(3212, 'MAFUKWE', 2, 2, 2, 0, 0, 0),
(3213, 'MBINDI', 2, 2, 2, 0, 0, 0),
(3214, 'MWANGA', 2, 2, 2, 0, 0, 0),
(3215, 'NYABUSOZI - B', 2, 2, 2, 0, 0, 0),
(3216, 'NYABUSOZI -A', 2, 2, 2, 0, 0, 0),
(3217, 'GWESERO', 2, 2, 2, 0, 0, 0),
(3218, 'MIHONGORA', 2, 2, 2, 0, 0, 0),
(3219, 'MUNZANI', 2, 2, 2, 0, 0, 0),
(3220, 'NYABUGOMBE', 2, 2, 2, 0, 0, 0),
(3221, 'NYAKAHURA', 2, 2, 2, 0, 0, 0),
(3222, 'KASUNO', 2, 2, 2, 0, 0, 0),
(3223, 'KIBALE', 2, 2, 2, 0, 0, 0),
(3224, 'NTUNGAMO', 2, 2, 2, 0, 0, 0),
(3225, 'NYAMAHANGA', 2, 2, 2, 0, 0, 0),
(3226, 'KAGOMA', 2, 2, 2, 0, 0, 0),
(3227, 'KASOZIBAKAYA A', 2, 2, 2, 0, 0, 0),
(3228, 'KASOZIBAKAYA-B', 2, 2, 2, 0, 0, 0),
(3229, 'NYAMIGOGO - A', 2, 2, 2, 0, 0, 0),
(3230, 'NYAMIGOGO - B', 2, 2, 2, 0, 0, 0),
(3231, 'NYANSHIMBA', 2, 2, 2, 0, 0, 0),
(3232, 'SONGAMBELE', 2, 2, 2, 0, 0, 0),
(3233, 'IYENGAMULILO - A', 2, 2, 2, 0, 0, 0),
(3234, 'IYENGAMULILO - B', 2, 2, 2, 0, 0, 0),
(3235, 'KASILO', 2, 2, 2, 0, 0, 0),
(3236, 'MUGERA', 2, 2, 2, 0, 0, 0),
(3237, 'NYAKAYENZE', 2, 2, 2, 0, 0, 0),
(3238, 'KASATO', 2, 2, 2, 0, 0, 0),
(3239, 'LUKOKE', 2, 2, 2, 0, 0, 0),
(3240, 'NTUMAGU - A', 2, 2, 2, 0, 0, 0),
(3241, 'NTUMAGU - B', 2, 2, 2, 0, 0, 0),
(3242, 'RUGANZU', 2, 2, 2, 0, 0, 0),
(3243, 'KABUKOME', 2, 2, 2, 0, 0, 0),
(3244, 'KATOKE', 2, 2, 2, 0, 0, 0),
(3245, 'NYARUBUNGO', 2, 2, 2, 0, 0, 0),
(3246, 'RUSABYA', 2, 2, 2, 0, 0, 0),
(3247, 'MIGANGO', 2, 2, 2, 0, 0, 0),
(3248, 'RUKORA', 2, 2, 2, 0, 0, 0),
(3249, 'RUNAZI', 2, 2, 2, 0, 0, 0),
(3250, 'KATERELA', 2, 2, 2, 0, 0, 0),
(3251, 'KITWECHEMBOGO', 2, 2, 2, 0, 0, 0),
(3252, 'RUZIBA', 2, 2, 2, 0, 0, 0),
(3253, 'KAISHAZA', 2, 2, 2, 0, 0, 0),
(3254, 'KALEMA', 2, 2, 2, 0, 0, 0),
(3255, 'RUSHAKA', 2, 2, 2, 0, 0, 0),
(3256, 'RUSHAKA''B''', 2, 2, 2, 0, 0, 0),
(3257, 'BUJUGO', 2, 2, 2, 0, 0, 0),
(3258, 'KATOJU', 2, 2, 2, 0, 0, 0),
(3259, 'MINAZI', 2, 2, 2, 0, 0, 0),
(3260, 'RUTIMBIRO', 2, 2, 2, 0, 0, 0),
(3261, 'ICHWANDIMI', 2, 2, 2, 0, 0, 0),
(3262, 'IRANGO', 2, 2, 2, 0, 0, 0),
(3263, 'KATUNGA', 2, 2, 2, 0, 0, 0),
(3264, 'KYAMWIJUKA', 2, 2, 2, 0, 0, 0),
(3265, 'KYATABARO', 2, 2, 2, 0, 0, 0),
(3266, 'NYABUSHOZI', 2, 2, 2, 0, 0, 0),
(3267, 'BUBUGA', 2, 2, 2, 0, 0, 0),
(3268, 'BWAGULA', 2, 2, 2, 0, 0, 0),
(3269, 'BWEYENZA', 2, 2, 2, 0, 0, 0),
(3270, 'KARONGE', 2, 2, 2, 0, 0, 0),
(3271, 'KATWE', 2, 2, 2, 0, 0, 0),
(3272, 'MWEMAGE''A''', 2, 2, 2, 0, 0, 0),
(3273, 'MWEMAGE''B''', 2, 2, 2, 0, 0, 0),
(3274, 'IZIMBYA', 2, 2, 2, 0, 0, 0),
(3275, 'IZIMBYA''B''', 2, 2, 2, 0, 0, 0),
(3276, 'KIKAGATI', 2, 2, 2, 0, 0, 0),
(3277, 'KYAMPISI', 2, 2, 2, 0, 0, 0),
(3278, 'RUGAZE', 2, 2, 2, 0, 0, 0),
(3279, 'BUZI', 2, 2, 2, 0, 0, 0),
(3280, 'KAAGYA', 2, 2, 2, 0, 0, 0),
(3281, 'KASHANJE', 2, 2, 2, 0, 0, 0),
(3282, 'KILIMILILE''B''', 2, 2, 2, 0, 0, 0),
(3283, 'KABALENZI', 2, 2, 2, 0, 0, 0),
(3284, 'KAIBANJA', 2, 2, 2, 0, 0, 0),
(3285, 'KAMUZORA', 2, 2, 2, 0, 0, 0),
(3286, 'KAZINGA', 2, 2, 2, 0, 0, 0),
(3287, 'KIIJONGO', 2, 2, 2, 0, 0, 0),
(3288, 'KYENGE', 2, 2, 2, 0, 0, 0),
(3289, 'KYENGE ISL', 2, 2, 2, 0, 0, 0),
(3290, 'NYAKIGANDO', 2, 2, 2, 0, 0, 0),
(3291, 'BYEYA', 2, 2, 2, 0, 0, 0),
(3292, 'KABAGARA', 2, 2, 2, 0, 0, 0),
(3293, 'NTOMA', 2, 2, 2, 0, 0, 0),
(3294, 'NYAKABANGA', 2, 2, 2, 0, 0, 0),
(3295, 'NYAKATAARE', 2, 2, 2, 0, 0, 0),
(3296, 'NYARUBALE', 2, 2, 2, 0, 0, 0),
(3297, 'IBARAIZIBU', 2, 2, 2, 0, 0, 0),
(3298, 'ITAHWA', 2, 2, 2, 0, 0, 0),
(3299, 'KABALE', 2, 2, 2, 0, 0, 0),
(3300, 'KANGABUSHARO', 2, 2, 2, 0, 0, 0),
(3301, 'KITWE', 2, 2, 2, 0, 0, 0),
(3302, 'RWAKAGONGO', 2, 2, 2, 0, 0, 0),
(3303, 'BUTAINAMWA', 2, 2, 2, 0, 0, 0),
(3304, 'KABAJUGA', 2, 2, 2, 0, 0, 0),
(3305, 'KAGONGO', 2, 2, 2, 0, 0, 0),
(3306, 'KASHARU', 2, 2, 2, 0, 0, 0),
(3307, 'KANSENENE', 2, 2, 2, 0, 0, 0),
(3308, 'MPUMULO', 2, 2, 2, 0, 0, 0),
(3309, 'MULAHYA', 2, 2, 2, 0, 0, 0),
(3310, 'KARWOSHE', 2, 2, 2, 0, 0, 0),
(3311, 'KATOMA''A''', 2, 2, 2, 0, 0, 0),
(3312, 'KATOMA''B''', 2, 2, 2, 0, 0, 0),
(3313, 'KILAINI', 2, 2, 2, 0, 0, 0),
(3314, 'ALHUDHAIFA', 2, 2, 2, 0, 0, 0),
(3315, 'BARAKA', 2, 2, 2, 0, 0, 0),
(3316, 'ISHEMBULILO', 2, 2, 2, 0, 0, 0),
(3317, 'KATORO', 2, 2, 2, 0, 0, 0),
(3318, 'KIEMPS', 2, 2, 2, 0, 0, 0),
(3319, 'MAPINDUZI', 2, 2, 2, 0, 0, 0),
(3320, 'MUSIRA', 2, 2, 2, 0, 0, 0),
(3321, 'NGARAMA', 2, 2, 2, 0, 0, 0),
(3322, 'RUHOKO', 2, 2, 2, 0, 0, 0),
(3323, 'BETHANIA', 2, 2, 2, 0, 0, 0),
(3324, 'KAAZI', 2, 2, 2, 0, 0, 0),
(3325, 'KANAZI', 2, 2, 2, 0, 0, 0),
(3326, 'KATERERO', 2, 2, 2, 0, 0, 0),
(3327, 'KEMONDO', 2, 2, 2, 0, 0, 0),
(3328, 'KIGABIRO', 2, 2, 2, 0, 0, 0),
(3329, 'MUBEMBE', 2, 2, 2, 0, 0, 0),
(3330, 'AMANI', 2, 2, 2, 0, 0, 0),
(3331, 'KAMULI', 2, 2, 2, 0, 0, 0),
(3332, 'KIBIRIZI', 2, 2, 2, 0, 0, 0),
(3333, 'OMUBWEYA', 2, 2, 2, 0, 0, 0),
(3334, 'BUTAKYA', 2, 2, 2, 0, 0, 0),
(3335, 'KIKOMELO', 2, 2, 2, 0, 0, 0),
(3336, 'NYAKABULALA', 2, 2, 2, 0, 0, 0),
(3337, 'BUMAI', 2, 2, 2, 0, 0, 0),
(3338, 'ILUHYA', 2, 2, 2, 0, 0, 0),
(3339, 'KAALILO', 2, 2, 2, 0, 0, 0),
(3340, 'KYEMBALE', 2, 2, 2, 0, 0, 0),
(3341, 'KASHULE', 2, 2, 2, 0, 0, 0),
(3342, 'KATONGO', 2, 2, 2, 0, 0, 0),
(3343, 'KISHOGO', 2, 2, 2, 0, 0, 0),
(3344, 'NYAMUJUNANWA', 2, 2, 2, 0, 0, 0),
(3345, 'BUTULAGE', 2, 2, 2, 0, 0, 0),
(3346, 'IGOMA', 2, 2, 2, 0, 0, 0),
(3347, 'KALEEGO', 2, 2, 2, 0, 0, 0),
(3348, 'KYAITOKE', 2, 2, 2, 0, 0, 0),
(3349, 'MWENGE', 2, 2, 2, 0, 0, 0),
(3350, 'KYAMULAILE', 2, 2, 2, 0, 0, 0),
(3351, 'MASHULE', 2, 2, 2, 0, 0, 0),
(3352, 'MASHULE''B''', 2, 2, 2, 0, 0, 0),
(3353, 'OMUKARAMA', 2, 2, 2, 0, 0, 0),
(3354, 'OMUKIHISI', 2, 2, 2, 0, 0, 0),
(3355, 'BYANDILIMA', 2, 2, 2, 0, 0, 0),
(3356, 'KARAMAGI', 2, 2, 2, 0, 0, 0),
(3357, 'MAIGA', 2, 2, 2, 0, 0, 0),
(3358, 'MAKONGE', 2, 2, 2, 0, 0, 0),
(3359, 'NYARUYOJWE', 2, 2, 2, 0, 0, 0),
(3360, 'RWEIKIZA', 2, 2, 2, 0, 0, 0),
(3361, 'ST. KIZITO ENG.MED P/S', 2, 2, 2, 0, 0, 0),
(3362, 'KAHYORO', 2, 2, 2, 0, 0, 0),
(3363, 'MIKONI', 2, 2, 2, 0, 0, 0),
(3364, 'RUTETE', 2, 2, 2, 0, 0, 0),
(3365, 'RWOGA', 2, 2, 2, 0, 0, 0),
(3366, 'KOBUNSHWI', 2, 2, 2, 0, 0, 0),
(3367, 'KOBUNSHWI''B''', 2, 2, 2, 0, 0, 0),
(3368, 'MUGAJWALE', 2, 2, 2, 0, 0, 0),
(3369, 'NEW VISION', 2, 2, 2, 0, 0, 0),
(3370, 'UMOJA', 2, 2, 2, 0, 0, 0),
(3371, 'IBOSA', 2, 2, 2, 0, 0, 0),
(3372, 'KASHANGATI', 2, 2, 2, 0, 0, 0),
(3373, 'KASHOZI', 2, 2, 2, 0, 0, 0),
(3374, 'KATEBENGA', 2, 2, 2, 0, 0, 0),
(3375, 'KIILIMA', 2, 2, 2, 0, 0, 0),
(3376, 'NYAKATO', 2, 2, 2, 0, 0, 0),
(3377, 'BUNDAZA', 2, 2, 2, 0, 0, 0),
(3378, 'KITAHYA', 2, 2, 2, 0, 0, 0),
(3379, 'LYAMAHOR''A''', 2, 2, 2, 0, 0, 0),
(3380, 'LYAMAHOR''M''', 2, 2, 2, 0, 0, 0),
(3381, 'MISHENYE', 2, 2, 2, 0, 0, 0),
(3382, 'IKONDO', 2, 2, 2, 0, 0, 0),
(3383, 'KATALE', 2, 2, 2, 0, 0, 0),
(3384, 'KOBUKUZA', 2, 2, 2, 0, 0, 0),
(3385, 'RUBAFU', 2, 2, 2, 0, 0, 0),
(3386, 'RWINA', 2, 2, 2, 0, 0, 0),
(3387, 'BUNYAMBELE', 2, 2, 2, 0, 0, 0),
(3388, 'KABIRIZI', 2, 2, 2, 0, 0, 0),
(3389, 'NYAKAJU', 2, 2, 2, 0, 0, 0),
(3390, 'RUBALE', 2, 2, 2, 0, 0, 0),
(3391, 'KAGARAMA', 2, 2, 2, 0, 0, 0),
(3392, 'KIHUMULO', 2, 2, 2, 0, 0, 0),
(3393, 'NTUNGAMO', 2, 2, 2, 0, 0, 0),
(3394, 'RUHUNGA', 2, 2, 2, 0, 0, 0),
(3395, 'BITUNTU', 2, 2, 2, 0, 0, 0),
(3396, 'KAMUKOLE', 2, 2, 2, 0, 0, 0),
(3397, 'KARAMA', 2, 2, 2, 0, 0, 0),
(3398, 'NSHESHE', 2, 2, 2, 0, 0, 0),
(3399, 'RUKOMA', 2, 2, 2, 0, 0, 0),
(3400, 'RUZILA', 2, 2, 2, 0, 0, 0),
(3401, 'BUNENA', 2, 2, 2, 0, 0, 0),
(3402, 'BUYEKERA', 2, 2, 2, 0, 0, 0),
(3403, 'PARTAGE', 2, 2, 2, 0, 0, 0),
(3404, 'BILELE', 2, 2, 2, 0, 0, 0),
(3405, 'JAFFERY', 2, 2, 2, 0, 0, 0),
(3406, 'JAMIA', 2, 2, 2, 0, 0, 0),
(3407, 'ZAMZAM', 2, 2, 2, 0, 0, 0),
(3408, 'BUHEMBE', 2, 2, 2, 0, 0, 0),
(3409, 'IHUNGO', 2, 2, 2, 0, 0, 0),
(3410, 'KASHENGE', 2, 2, 2, 0, 0, 0),
(3411, 'KASHABO', 2, 2, 2, 0, 0, 0),
(3412, 'RWAMISHENYE', 2, 2, 2, 0, 0, 0),
(3413, 'IBURA', 2, 2, 2, 0, 0, 0),
(3414, 'KAIZIREGE', 2, 2, 2, 0, 0, 0),
(3415, 'KAIZIREGE JUNIOR', 2, 2, 2, 0, 0, 0),
(3416, 'MUSHEMBA TRINITY', 2, 2, 2, 0, 0, 0),
(3417, 'AMANI', 2, 2, 2, 0, 0, 0),
(3418, 'HAPPY', 2, 2, 2, 0, 0, 0),
(3419, 'KITEYAGWA', 2, 2, 2, 0, 0, 0),
(3420, 'KAHORORO', 2, 2, 2, 0, 0, 0),
(3421, 'MUGEZA MSETO', 2, 2, 2, 0, 0, 0),
(3422, 'MUGEZA VIZIWI', 2, 2, 2, 0, 0, 0),
(3423, 'QUDUS', 2, 2, 2, 0, 0, 0),
(3424, 'KASHAI', 2, 2, 2, 0, 0, 0),
(3425, 'MAFUMBO', 2, 2, 2, 0, 0, 0),
(3426, 'TUMAINI', 2, 2, 2, 0, 0, 0),
(3427, 'KIBETA', 2, 2, 2, 0, 0, 0),
(3428, 'KIBETA ELCT', 2, 2, 2, 0, 0, 0),
(3429, 'BUGAMBAKAMOI', 2, 2, 2, 0, 0, 0),
(3430, 'KITENDAGURO', 2, 2, 2, 0, 0, 0),
(3431, 'LAKE VIEW', 2, 2, 2, 0, 0, 0),
(3432, 'NYAMUKAZI', 2, 2, 2, 0, 0, 0),
(3433, 'RUMULI', 2, 2, 2, 0, 0, 0),
(3434, 'ADOLPH KOLPING', 2, 2, 2, 0, 0, 0),
(3435, 'ISTIQAAMA', 2, 2, 2, 0, 0, 0),
(3436, 'KARUME', 2, 2, 2, 0, 0, 0),
(3437, 'KARUME JUNIOR P.S', 2, 2, 2, 0, 0, 0),
(3438, 'NSHAMBYA', 2, 2, 2, 0, 0, 0),
(3439, 'KYAKAILABWA', 2, 2, 2, 0, 0, 0),
(3440, 'RWEMISHASHA', 2, 2, 2, 0, 0, 0),
(3441, 'RWEMISHASHA''B''', 2, 2, 2, 0, 0, 0),
(3442, 'BUGENE', 2, 2, 2, 0, 0, 0),
(3443, 'BUJURUGA', 2, 2, 2, 0, 0, 0),
(3444, 'LUKAJANGE', 2, 2, 2, 0, 0, 0),
(3445, 'ST.PETER CLAVER', 2, 2, 2, 0, 0, 0),
(3446, 'TEGEMEO', 2, 2, 2, 0, 0, 0),
(3447, 'BITARAKA', 2, 2, 2, 0, 0, 0),
(3448, 'CHAMCHUZI', 2, 2, 2, 0, 0, 0),
(3449, 'KABEZI', 2, 2, 2, 0, 0, 0),
(3450, 'KIJUMBURA', 2, 2, 2, 0, 0, 0),
(3451, 'NYAKASHOZI', 2, 2, 2, 0, 0, 0),
(3452, 'CHANIKA', 2, 2, 2, 0, 0, 0),
(3453, 'KAKIRO', 2, 2, 2, 0, 0, 0),
(3454, 'MUCHUBA', 2, 2, 2, 0, 0, 0),
(3455, 'NYAKAGONGO', 2, 2, 2, 0, 0, 0),
(3456, 'OMURULAMA', 2, 2, 2, 0, 0, 0),
(3457, 'RUHANYA', 2, 2, 2, 0, 0, 0),
(3458, 'RUNYAGA', 2, 2, 2, 0, 0, 0),
(3459, 'CHONYONYO', 2, 2, 2, 0, 0, 0),
(3460, 'OMUKIMEYA', 2, 2, 2, 0, 0, 0),
(3461, 'RULALO', 2, 2, 2, 0, 0, 0),
(3462, 'AHAKAKUNYU', 2, 2, 2, 0, 0, 0),
(3463, 'BWERA', 2, 2, 2, 0, 0, 0),
(3464, 'IGURWA', 2, 2, 2, 0, 0, 0),
(3465, 'KIGARAMA', 2, 2, 2, 0, 0, 0),
(3466, 'IHANDA', 2, 2, 2, 0, 0, 0),
(3467, 'KARALO', 2, 2, 2, 0, 0, 0),
(3468, 'KYERUNGA', 2, 2, 2, 0, 0, 0),
(3469, 'NYAKASANA', 2, 2, 2, 0, 0, 0),
(3470, 'Rukole', 2, 2, 2, 0, 0, 0),
(3471, 'IHEMBE', 2, 2, 2, 0, 0, 0),
(3472, 'KAJUNGUTI', 2, 2, 2, 0, 0, 0),
(3473, 'KASHAMBI', 2, 2, 2, 0, 0, 0),
(3474, 'KIBOGOIZI', 2, 2, 2, 0, 0, 0),
(3475, 'AHAMULAMA', 2, 2, 2, 0, 0, 0),
(3476, 'KAFUNJO', 2, 2, 2, 0, 0, 0),
(3477, 'KAMAGAMBO', 2, 2, 2, 0, 0, 0),
(3478, 'RWENKORONGO', 2, 2, 2, 0, 0, 0),
(3479, 'BUKABARA', 2, 2, 2, 0, 0, 0),
(3480, 'KANONI', 2, 2, 2, 0, 0, 0),
(3481, 'KIBONA', 2, 2, 2, 0, 0, 0),
(3482, 'NYAKAHITA', 2, 2, 2, 0, 0, 0),
(3483, 'OMURWELE', 2, 2, 2, 0, 0, 0),
(3484, 'RWAKILO', 2, 2, 2, 0, 0, 0),
(3485, 'RWAMBAIZI', 2, 2, 2, 0, 0, 0),
(3486, 'KAMBARAGE', 2, 2, 2, 0, 0, 0),
(3487, 'KARAIZO', 2, 2, 2, 0, 0, 0),
(3488, 'KAYANGA', 2, 2, 2, 0, 0, 0),
(3489, 'KAZOBA', 2, 2, 2, 0, 0, 0),
(3490, 'RUMANYIKA', 2, 2, 2, 0, 0, 0),
(3491, 'RWAMUGURUSI', 2, 2, 2, 0, 0, 0),
(3492, 'KAKURAIJO', 2, 2, 2, 0, 0, 0),
(3493, 'KAYUNGU', 2, 2, 2, 0, 0, 0),
(3494, 'KIBONDO', 2, 2, 2, 0, 0, 0),
(3495, 'NYAKAIGA', 2, 2, 2, 0, 0, 0),
(3496, 'NYAKASHWA', 2, 2, 2, 0, 0, 0),
(3497, 'KARAGWE', 2, 2, 2, 0, 0, 0),
(3498, 'KATANDA', 2, 2, 2, 0, 0, 0),
(3499, 'KIBWERA', 2, 2, 2, 0, 0, 0),
(3500, 'KIMIZA', 2, 2, 2, 0, 0, 0),
(3501, 'KITENGULE', 2, 2, 2, 0, 0, 0),
(3502, 'MAGUGE', 2, 2, 2, 0, 0, 0),
(3503, 'MULAMBA', 2, 2, 2, 0, 0, 0),
(3504, 'MUNGUBARIKI', 2, 2, 2, 0, 0, 0),
(3505, 'MUSHABAIGURU', 2, 2, 2, 0, 0, 0),
(3506, 'BIYUNGU', 2, 2, 2, 0, 0, 0),
(3507, 'KAKONJE', 2, 2, 2, 0, 0, 0),
(3508, 'KIRURUMA', 2, 2, 2, 0, 0, 0),
(3509, 'NYAKAGOYAGOYE', 2, 2, 2, 0, 0, 0),
(3510, 'SUZANA', 2, 2, 2, 0, 0, 0),
(3511, 'KATEMBE', 2, 2, 2, 0, 0, 0),
(3512, 'KATWE', 2, 2, 2, 0, 0, 0),
(3513, 'KINYINYA', 2, 2, 2, 0, 0, 0),
(3514, 'MABORESHO', 2, 2, 2, 0, 0, 0),
(3515, 'RUZINGA', 2, 2, 2, 0, 0, 0),
(3516, 'KAGUTU', 2, 2, 2, 0, 0, 0),
(3517, 'KATABARO', 2, 2, 2, 0, 0, 0),
(3518, 'NDAMA', 2, 2, 2, 0, 0, 0),
(3519, 'NYABWEGIRA', 2, 2, 2, 0, 0, 0),
(3520, 'AHAKANYA', 2, 2, 2, 0, 0, 0),
(3521, 'AHAKISHAKA', 2, 2, 2, 0, 0, 0),
(3522, 'BUKANGARA', 2, 2, 2, 0, 0, 0),
(3523, 'KYABALISA', 2, 2, 2, 0, 0, 0),
(3524, 'RWENTUHE', 2, 2, 2, 0, 0, 0),
(3525, 'KIGANDO', 2, 2, 2, 0, 0, 0),
(3526, 'LUKALE', 2, 2, 2, 0, 0, 0),
(3527, 'NYAISHOZI', 2, 2, 2, 0, 0, 0),
(3528, 'NYAKAYANJA', 2, 2, 2, 0, 0, 0),
(3529, 'BWIKIZO', 2, 2, 2, 0, 0, 0),
(3530, 'CHABUHORA', 2, 2, 2, 0, 0, 0),
(3531, 'CHEMA', 2, 2, 2, 0, 0, 0),
(3532, 'KAGUGO', 2, 2, 2, 0, 0, 0),
(3533, 'NYABWEZIGA', 2, 2, 2, 0, 0, 0),
(3534, 'NYAKABANGA', 2, 2, 2, 0, 0, 0),
(3535, 'OMUKARILO', 2, 2, 2, 0, 0, 0),
(3536, 'BISHESHE', 2, 2, 2, 0, 0, 0),
(3537, 'BOHARI', 2, 2, 2, 0, 0, 0),
(3538, 'KALEHE', 2, 2, 2, 0, 0, 0),
(3539, 'MATO', 2, 2, 2, 0, 0, 0),
(3540, 'NYAKAHANGA', 2, 2, 2, 0, 0, 0),
(3541, 'OMURUSIMBI', 2, 2, 2, 0, 0, 0),
(3542, 'RWANDARO', 2, 2, 2, 0, 0, 0),
(3543, 'KANDEGESHO', 2, 2, 2, 0, 0, 0),
(3544, 'MASHELI', 2, 2, 2, 0, 0, 0),
(3545, 'MATARA', 2, 2, 2, 0, 0, 0),
(3546, 'NYAKAKIKA', 2, 2, 2, 0, 0, 0),
(3547, 'BUJARA', 2, 2, 2, 0, 0, 0),
(3548, 'KABALE', 2, 2, 2, 0, 0, 0),
(3549, 'KAHANGA', 2, 2, 2, 0, 0, 0),
(3550, 'KYANYAMISA', 2, 2, 2, 0, 0, 0),
(3551, 'MUUNGANO', 2, 2, 2, 0, 0, 0),
(3552, 'NYARUGANDO', 2, 2, 2, 0, 0, 0),
(3553, 'OMUKAKAJINJA', 2, 2, 2, 0, 0, 0),
(3554, 'RUGERA', 2, 2, 2, 0, 0, 0),
(3555, 'KASHESHE', 2, 2, 2, 0, 0, 0),
(3556, 'MISHA', 2, 2, 2, 0, 0, 0),
(3557, 'RUGU', 2, 2, 2, 0, 0, 0),
(3558, 'RUHITA', 2, 2, 2, 0, 0, 0),
(3559, 'KAGU', 2, 2, 2, 0, 0, 0),
(3560, 'KASESE', 2, 2, 2, 0, 0, 0),
(3561, 'MAGOMA', 2, 2, 2, 0, 0, 0),
(3562, 'MAWINGU', 2, 2, 2, 0, 0, 0),
(3563, 'NYAKATERA', 2, 2, 2, 0, 0, 0),
(3564, 'NYAMIYAGA', 2, 2, 2, 0, 0, 0),
(3565, 'BUGARA', 2, 2, 2, 0, 0, 0),
(3566, 'MAENDELEO', 2, 2, 2, 0, 0, 0),
(3567, 'MUGABA', 2, 2, 2, 0, 0, 0),
(3568, 'NYAKASHENYI', 2, 2, 2, 0, 0, 0),
(3569, 'OMUNCHWEKANO', 2, 2, 2, 0, 0, 0),
(3570, 'RUBALE', 2, 2, 2, 0, 0, 0),
(3571, 'RWAKABUNDA', 2, 2, 2, 0, 0, 0),
(3572, 'IBARE', 2, 2, 2, 0, 0, 0),
(3573, 'ISHAKA', 2, 2, 2, 0, 0, 0),
(3574, 'ISINGIRO', 2, 2, 2, 0, 0, 0),
(3575, 'KARUKWANZI', 2, 2, 2, 0, 0, 0),
(3576, 'KATERA', 2, 2, 2, 0, 0, 0),
(3577, 'KIHANGA', 2, 2, 2, 0, 0, 0),
(3578, 'ANZA KUELIMISHA', 2, 2, 2, 0, 0, 0),
(3579, 'IMANI', 2, 2, 2, 0, 0, 0),
(3580, 'KAISHO', 2, 2, 2, 0, 0, 0),
(3581, 'NYABISHENGE', 2, 2, 2, 0, 0, 0),
(3582, 'RWAKINIHA', 2, 2, 2, 0, 0, 0),
(3583, 'RWAMASHAJU', 2, 2, 2, 0, 0, 0),
(3584, 'IBAMBA', 2, 2, 2, 0, 0, 0),
(3585, 'KAMULI', 2, 2, 2, 0, 0, 0),
(3586, 'KITWE', 2, 2, 2, 0, 0, 0),
(3587, 'MSISHA', 2, 2, 2, 0, 0, 0),
(3588, 'NYAKATABE', 2, 2, 2, 0, 0, 0),
(3589, 'NYERERE', 2, 2, 2, 0, 0, 0),
(3590, 'RWABIGAGA', 2, 2, 2, 0, 0, 0),
(3591, 'ISHOZI', 2, 2, 2, 0, 0, 0),
(3592, 'KIBARE', 2, 2, 2, 0, 0, 0),
(3593, 'KIGOROGORO', 2, 2, 2, 0, 0, 0),
(3594, 'KISHANDA', 2, 2, 2, 0, 0, 0),
(3595, 'RULAMA', 2, 2, 2, 0, 0, 0),
(3596, 'IBANDA', 2, 2, 2, 0, 0, 0),
(3597, 'KIBINGO', 2, 2, 2, 0, 0, 0),
(3598, 'KIHINDA', 2, 2, 2, 0, 0, 0),
(3599, 'RUGASHA', 2, 2, 2, 0, 0, 0),
(3600, 'RWENKENDE', 2, 2, 2, 0, 0, 0),
(3601, 'KARAMBI', 2, 2, 2, 0, 0, 0),
(3602, 'KIKUKURU', 2, 2, 2, 0, 0, 0),
(3603, 'MUKUNYU', 2, 2, 2, 0, 0, 0),
(3604, 'RUBILIZI', 2, 2, 2, 0, 0, 0),
(3605, 'RWELE', 2, 2, 2, 0, 0, 0),
(3606, 'ADOLEC', 2, 2, 2, 0, 0, 0),
(3607, 'KAINA', 2, 2, 2, 0, 0, 0),
(3608, 'KAKANJA', 2, 2, 2, 0, 0, 0),
(3609, 'KIMULI', 2, 2, 2, 0, 0, 0),
(3610, 'RWANYANGO', 2, 2, 2, 0, 0, 0),
(3611, 'KAGENYI', 2, 2, 2, 0, 0, 0),
(3612, 'KIDO', 2, 2, 2, 0, 0, 0),
(3613, 'KYERWA', 2, 2, 2, 0, 0, 0),
(3614, 'MILAMBI', 2, 2, 2, 0, 0, 0),
(3615, 'NSHUNGA', 2, 2, 2, 0, 0, 0),
(3616, 'NYARUZUMBURA', 2, 2, 2, 0, 0, 0),
(3617, 'Talents', 2, 2, 2, 0, 0, 0),
(3618, 'ILEEGA', 2, 2, 2, 0, 0, 0),
(3619, 'JUHUDI', 2, 2, 2, 0, 0, 0),
(3620, 'KIBIMBA', 2, 2, 2, 0, 0, 0),
(3621, 'MAKAZI', 2, 2, 2, 0, 0, 0),
(3622, 'NYAMILIMA', 2, 2, 2, 0, 0, 0),
(3623, 'OMUKAGANDO', 2, 2, 2, 0, 0, 0),
(3624, 'RUSHE', 2, 2, 2, 0, 0, 0),
(3625, 'KASHENYI', 2, 2, 2, 0, 0, 0),
(3626, 'MASHESHE', 2, 2, 2, 0, 0, 0),
(3627, 'MURONGO', 2, 2, 2, 0, 0, 0),
(3628, 'OMUKACHILI', 2, 2, 2, 0, 0, 0),
(3629, 'KAARO', 2, 2, 2, 0, 0, 0),
(3630, 'KAKERERE', 2, 2, 2, 0, 0, 0),
(3631, 'MKAPA', 2, 2, 2, 0, 0, 0),
(3632, 'Nkwenda', 2, 2, 2, 0, 0, 0),
(3633, 'NYARUTUNTU', 2, 2, 2, 0, 0, 0),
(3634, 'BUSHONGOLE', 2, 2, 2, 0, 0, 0),
(3635, 'KASONI', 2, 2, 2, 0, 0, 0),
(3636, 'KYERERE', 2, 2, 2, 0, 0, 0),
(3637, 'KYERETA', 2, 2, 2, 0, 0, 0),
(3638, 'NYAKATUNTU', 2, 2, 2, 0, 0, 0),
(3639, 'RUKILI', 2, 2, 2, 0, 0, 0),
(3640, 'KITOMA', 2, 2, 2, 0, 0, 0),
(3641, 'KITWECHENKURA', 2, 2, 2, 0, 0, 0),
(3642, 'MKOMBOZI', 2, 2, 2, 0, 0, 0),
(3643, 'NYABIKURUNGO', 2, 2, 2, 0, 0, 0),
(3644, 'NYAKABWERA', 2, 2, 2, 0, 0, 0),
(3645, 'RUBUGA', 2, 2, 2, 0, 0, 0),
(3646, 'RUKURAIJO', 2, 2, 2, 0, 0, 0),
(3647, 'KILELA', 2, 2, 2, 0, 0, 0),
(3648, 'NYAKAKONI', 2, 2, 2, 0, 0, 0),
(3649, 'RUTUNGURU', 2, 2, 2, 0, 0, 0),
(3650, 'RWENSINGA', 2, 2, 2, 0, 0, 0),
(3651, 'CHANYA', 2, 2, 2, 0, 0, 0),
(3652, 'ITEERA', 2, 2, 2, 0, 0, 0),
(3653, 'KARONGO', 2, 2, 2, 0, 0, 0),
(3654, 'MULEBA', 2, 2, 2, 0, 0, 0),
(3655, 'NYAMWEZA', 2, 2, 2, 0, 0, 0),
(3656, 'RWABWERE', 2, 2, 2, 0, 0, 0),
(3657, 'UMOJA', 2, 2, 2, 0, 0, 0),
(3658, 'CHANYANGABWA', 2, 2, 2, 0, 0, 0),
(3659, 'KASHARARA', 2, 2, 2, 0, 0, 0),
(3660, 'KITEGA', 2, 2, 2, 0, 0, 0),
(3661, 'SONGAMBELE', 2, 2, 2, 0, 0, 0),
(3662, 'BUGANDIKA I', 2, 2, 2, 0, 0, 0),
(3663, 'BUGANDIKA II', 2, 2, 2, 0, 0, 0),
(3664, 'KABABARA', 2, 2, 2, 0, 0, 0),
(3665, 'KIJUMO', 2, 2, 2, 0, 0, 0),
(3666, 'KYABAJWA', 2, 2, 2, 0, 0, 0),
(3667, 'LWAMGIRA ENG MEDIUM', 2, 2, 2, 0, 0, 0),
(3668, 'OMUKILEMBO', 2, 2, 2, 0, 0, 0),
(3669, 'RUKURUNGO', 2, 2, 2, 0, 0, 0),
(3670, 'BUCHURAGO', 2, 2, 2, 0, 0, 0),
(3671, 'BUGORORA', 2, 2, 2, 0, 0, 0),
(3672, 'GWANKIMBA', 2, 2, 2, 0, 0, 0),
(3673, 'KYABUGOMBE', 2, 2, 2, 0, 0, 0),
(3674, 'BUYANGO', 2, 2, 2, 0, 0, 0),
(3675, 'IRENEANDREBECA', 2, 2, 2, 0, 0, 0),
(3676, 'KABASHANA', 2, 2, 2, 0, 0, 0),
(3677, 'KIKONO', 2, 2, 2, 0, 0, 0),
(3678, 'NDWANILO', 2, 2, 2, 0, 0, 0),
(3679, 'OMUKAJUJU', 2, 2, 2, 0, 0, 0),
(3680, 'BUKABUYE', 2, 2, 2, 0, 0, 0),
(3681, 'ESIIMI ENG MED', 2, 2, 2, 0, 0, 0),
(3682, 'KANTARE', 2, 2, 2, 0, 0, 0),
(3683, 'KATARABUGA', 2, 2, 2, 0, 0, 0),
(3684, 'MUGANA A''', 2, 2, 2, 0, 0, 0),
(3685, 'MUGANA B''', 2, 2, 2, 0, 0, 0),
(3686, 'GERA', 2, 2, 2, 0, 0, 0),
(3687, 'KASHAKA', 2, 2, 2, 0, 0, 0),
(3688, 'KASHAMBYA', 2, 2, 2, 0, 0, 0),
(3689, 'KASHEKYA', 2, 2, 2, 0, 0, 0),
(3690, 'ISHOZI', 2, 2, 2, 0, 0, 0),
(3691, 'KABYAILE', 2, 2, 2, 0, 0, 0),
(3692, 'KATANO', 2, 2, 2, 0, 0, 0),
(3693, 'KATOLERWA', 2, 2, 2, 0, 0, 0),
(3694, 'LUHANO', 2, 2, 2, 0, 0, 0),
(3695, 'RWANKONJO', 2, 2, 2, 0, 0, 0),
(3696, 'SACREAD HEART ENG MEDIUM', 2, 2, 2, 0, 0, 0),
(3697, 'ISHUNJU', 2, 2, 2, 0, 0, 0),
(3698, 'KYELIMA', 2, 2, 2, 0, 0, 0),
(3699, 'BUBALE', 2, 2, 2, 0, 0, 0),
(3700, 'BUGANGO', 2, 2, 2, 0, 0, 0),
(3701, 'KAKIRI', 2, 2, 2, 0, 0, 0),
(3702, 'KAKUNYU', 2, 2, 2, 0, 0, 0),
(3703, 'BUGOMBE', 2, 2, 2, 0, 0, 0),
(3704, 'BWEYUNGE', 2, 2, 2, 0, 0, 0),
(3705, 'JOSIAH KIBIRA', 2, 2, 2, 0, 0, 0),
(3706, 'KANYIGO', 2, 2, 2, 0, 0, 0),
(3707, 'KIGARAMA', 2, 2, 2, 0, 0, 0),
(3708, 'KIKUKWE', 2, 2, 2, 0, 0, 0),
(3709, 'NSHUMBA', 2, 2, 2, 0, 0, 0),
(3710, 'NYUNGWE', 2, 2, 2, 0, 0, 0),
(3711, 'OMURUSHENYE', 2, 2, 2, 0, 0, 0),
(3712, 'BUKWALI', 2, 2, 2, 0, 0, 0),
(3713, 'BUSHAGO', 2, 2, 2, 0, 0, 0),
(3714, 'KASHENYE', 2, 2, 2, 0, 0, 0),
(3715, 'BUNAZI', 2, 2, 2, 0, 0, 0),
(3716, 'GABULANGA', 2, 2, 2, 0, 0, 0),
(3717, 'KAKINDO', 2, 2, 2, 0, 0, 0),
(3718, 'KAKINGA UPENDO ENG MED', 2, 2, 2, 0, 0, 0),
(3719, 'KASSAMBYA', 2, 2, 2, 0, 0, 0),
(3720, 'MABUYE', 2, 2, 2, 0, 0, 0),
(3721, 'NYABIHANGA', 2, 2, 2, 0, 0, 0),
(3722, 'OMUNDONGO', 2, 2, 2, 0, 0, 0),
(3723, 'KILIMILILE K''', 2, 2, 2, 0, 0, 0),
(3724, 'KYAMALA', 2, 2, 2, 0, 0, 0),
(3725, 'MABALE', 2, 2, 2, 0, 0, 0),
(3726, 'MWEMAGE K', 2, 2, 2, 0, 0, 0),
(3727, 'RWAZI', 2, 2, 2, 0, 0, 0),
(3728, 'KASHASHA', 2, 2, 2, 0, 0, 0),
(3729, 'KAYANGA', 2, 2, 2, 0, 0, 0),
(3730, 'KITOBO', 2, 2, 2, 0, 0, 0),
(3731, 'KYAZI', 2, 2, 2, 0, 0, 0),
(3732, 'MBALE', 2, 2, 2, 0, 0, 0),
(3733, 'NOVATH RUTA', 2, 2, 2, 0, 0, 0),
(3734, 'BULIFANI', 2, 2, 2, 0, 0, 0),
(3735, 'KASHABA', 2, 2, 2, 0, 0, 0),
(3736, 'KIMUKUNDA', 2, 2, 2, 0, 0, 0),
(3737, 'KYAKA', 2, 2, 2, 0, 0, 0),
(3738, 'MWISA', 2, 2, 2, 0, 0, 0),
(3739, 'KIBEO', 2, 2, 2, 0, 0, 0),
(3740, 'MIKINDO', 2, 2, 2, 0, 0, 0),
(3741, 'NYANKERE', 2, 2, 2, 0, 0, 0),
(3742, 'KARAGALA', 2, 2, 2, 0, 0, 0),
(3743, 'KIGAZI', 2, 2, 2, 0, 0, 0),
(3744, 'KIWELU', 2, 2, 2, 0, 0, 0),
(3745, 'KYANUMBU', 2, 2, 2, 0, 0, 0),
(3746, 'MINZIRO', 2, 2, 2, 0, 0, 0),
(3747, 'NYAKAHANGA', 2, 2, 2, 0, 0, 0),
(3748, 'BISHOP HUWILER EMD', 2, 2, 2, 0, 0, 0),
(3749, 'BULEMBO', 2, 2, 2, 0, 0, 0),
(3750, 'KAJUNGUTI', 2, 2, 2, 0, 0, 0),
(3751, 'MUSHASHA', 2, 2, 2, 0, 0, 0),
(3752, 'BYEJU', 2, 2, 2, 0, 0, 0),
(3753, 'MUTUKULA', 2, 2, 2, 0, 0, 0),
(3754, 'NKERENGE', 2, 2, 2, 0, 0, 0),
(3755, 'BYAMTEMBA', 2, 2, 2, 0, 0, 0),
(3756, 'IGAYAZA', 2, 2, 2, 0, 0, 0),
(3757, 'KABWOBA ENG MEDIUM', 2, 2, 2, 0, 0, 0),
(3758, 'KAGERA', 2, 2, 2, 0, 0, 0),
(3759, 'LUKUBA', 2, 2, 2, 0, 0, 0),
(3760, 'NGANDO', 2, 2, 2, 0, 0, 0),
(3761, 'OMULUGANDO', 2, 2, 2, 0, 0, 0),
(3762, 'MUGONGO', 2, 2, 2, 0, 0, 0),
(3763, 'RUHIJA', 2, 2, 2, 0, 0, 0),
(3764, 'RUZINGA', 2, 2, 2, 0, 0, 0),
(3765, 'BIIRABO', 2, 2, 2, 0, 0, 0),
(3766, 'BUGARAMA', 2, 2, 2, 0, 0, 0),
(3767, 'KABARE ''A''', 2, 2, 2, 0, 0, 0),
(3768, 'KABARE ''B''', 2, 2, 2, 0, 0, 0),
(3769, 'KANYWANGONGE', 2, 2, 2, 0, 0, 0),
(3770, 'KATOBAGO', 2, 2, 2, 0, 0, 0),
(3771, 'KIHUMULO', 2, 2, 2, 0, 0, 0),
(3772, 'BISHEKE', 2, 2, 2, 0, 0, 0),
(3773, 'BUSHEKYA', 2, 2, 2, 0, 0, 0),
(3774, 'ICHWANDIMI', 2, 2, 2, 0, 0, 0),
(3775, 'KATANDA', 2, 2, 2, 0, 0, 0),
(3776, 'KIYEBE', 2, 2, 2, 0, 0, 0),
(3777, 'KYAMATE', 2, 2, 2, 0, 0, 0),
(3778, 'KYENSHAMA', 2, 2, 2, 0, 0, 0),
(3779, 'MULAMBI', 2, 2, 2, 0, 0, 0),
(3780, 'BUGANGUZI', 2, 2, 2, 0, 0, 0),
(3781, 'ILAMBIKA', 2, 2, 2, 0, 0, 0),
(3782, 'KASHOZI', 2, 2, 2, 0, 0, 0),
(3783, 'KATARE', 2, 2, 2, 0, 0, 0),
(3784, 'MBATAMA', 2, 2, 2, 0, 0, 0),
(3785, 'MUBANGO', 2, 2, 2, 0, 0, 0),
(3786, 'BUHANGAZA', 2, 2, 2, 0, 0, 0),
(3787, 'BUYAGA', 2, 2, 2, 0, 0, 0),
(3788, 'RWENSHATO', 2, 2, 2, 0, 0, 0),
(3789, 'KATANGA', 2, 2, 2, 0, 0, 0),
(3790, 'KIZINGA', 2, 2, 2, 0, 0, 0),
(3791, 'NYAKAHAMA', 2, 2, 2, 0, 0, 0),
(3792, 'RUGANDO', 2, 2, 2, 0, 0, 0),
(3793, 'RWIZI', 2, 2, 2, 0, 0, 0),
(3794, 'BUMBIRE', 2, 2, 2, 0, 0, 0),
(3795, 'IROBA', 2, 2, 2, 0, 0, 0),
(3796, 'KAJULE', 2, 2, 2, 0, 0, 0),
(3797, 'KITUHA', 2, 2, 2, 0, 0, 0),
(3798, 'BUREZA', 2, 2, 2, 0, 0, 0),
(3799, 'BUTEMBO', 2, 2, 2, 0, 0, 0),
(3800, 'IGABILO', 2, 2, 2, 0, 0, 0),
(3801, 'KIHOLELE', 2, 2, 2, 0, 0, 0),
(3802, 'BIHANGA', 2, 2, 2, 0, 0, 0),
(3803, 'BURUNGURA', 2, 2, 2, 0, 0, 0),
(3804, 'KAKOMA', 2, 2, 2, 0, 0, 0),
(3805, 'KARANDA', 2, 2, 2, 0, 0, 0),
(3806, 'NYAKISHOZI', 2, 2, 2, 0, 0, 0),
(3807, 'GOZIBA', 2, 2, 2, 0, 0, 0),
(3808, 'KEREBE', 2, 2, 2, 0, 0, 0),
(3809, 'GWANSELI', 2, 2, 2, 0, 0, 0),
(3810, 'ILEMERA', 2, 2, 2, 0, 0, 0),
(3811, 'KABAGUNDA', 2, 2, 2, 0, 0, 0),
(3812, 'KASHENO', 2, 2, 2, 0, 0, 0),
(3813, 'KATUNGURU', 2, 2, 2, 0, 0, 0),
(3814, 'MKOMBOZI', 2, 2, 2, 0, 0, 0),
(3815, 'BUTE', 2, 2, 2, 0, 0, 0),
(3816, 'IBUGA', 2, 2, 2, 0, 0, 0),
(3817, 'KAMACHUMU ISLAMIC', 2, 2, 2, 0, 0, 0),
(3818, 'KATOMA', 2, 2, 2, 0, 0, 0),
(3819, 'RUGONGO', 2, 2, 2, 0, 0, 0),
(3820, 'RUTENGE', 2, 2, 2, 0, 0, 0),
(3821, 'RUZINGA', 2, 2, 2, 0, 0, 0),
(3822, 'BEMBELEZA ENGLISH MEDIUM', 2, 2, 2, 0, 0, 0),
(3823, 'IJUMBI', 2, 2, 2, 0, 0, 0),
(3824, 'NSHAMBYA', 2, 2, 2, 0, 0, 0),
(3825, 'NYAMINAZI', 2, 2, 2, 0, 0, 0),
(3826, 'RUBYA A', 2, 2, 2, 0, 0, 0),
(3827, 'RUBYA B', 2, 2, 2, 0, 0, 0),
(3828, 'RUHIJA', 2, 2, 2, 0, 0, 0),
(3829, 'AKAJUNGUTI', 2, 2, 2, 0, 0, 0),
(3830, 'IKONDO', 2, 2, 2, 0, 0, 0),
(3831, 'KAMISHANGO', 2, 2, 2, 0, 0, 0),
(3832, 'IKUZA', 2, 2, 2, 0, 0, 0),
(3833, 'KASENYI', 2, 2, 2, 0, 0, 0),
(3834, 'NYAMAHANJU', 2, 2, 2, 0, 0, 0),
(3835, 'RWAZI', 2, 2, 2, 0, 0, 0),
(3836, 'KABULEME', 2, 2, 2, 0, 0, 0),
(3837, 'KASHUMBILILO', 2, 2, 2, 0, 0, 0),
(3838, 'OMUKYAYA', 2, 2, 2, 0, 0, 0),
(3839, 'RWAKAHOZA', 2, 2, 2, 0, 0, 0),
(3840, 'KABIRIZI', 2, 2, 2, 0, 0, 0),
(3841, 'KAGOGO', 2, 2, 2, 0, 0, 0),
(3842, 'KAMAKANA', 2, 2, 2, 0, 0, 0),
(3843, 'KASHANDA', 2, 2, 2, 0, 0, 0),
(3844, 'KIBARE', 2, 2, 2, 0, 0, 0),
(3845, 'BUHAYA', 2, 2, 2, 0, 0, 0),
(3846, 'KAGOMA', 2, 2, 2, 0, 0, 0),
(3847, 'MANYORA', 2, 2, 2, 0, 0, 0),
(3848, 'MUYENJE', 2, 2, 2, 0, 0, 0),
(3849, 'BUSHAKA', 2, 2, 2, 0, 0, 0),
(3850, 'HAMUGONGO', 2, 2, 2, 0, 0, 0),
(3851, 'KABUGA', 2, 2, 2, 0, 0, 0),
(3852, 'KAMACHUMU A', 2, 2, 2, 0, 0, 0),
(3853, 'KAMACHUMU B', 2, 2, 2, 0, 0, 0),
(3854, 'MAGENYI', 2, 2, 2, 0, 0, 0),
(3855, 'NDOLAGE', 2, 2, 2, 0, 0, 0),
(3856, 'RUTABO A', 2, 2, 2, 0, 0, 0),
(3857, 'RUTABO B', 2, 2, 2, 0, 0, 0),
(3858, 'RUTABO SEMINARY', 2, 2, 2, 0, 0, 0),
(3859, 'ST. JOSEPH RUTABO ENGLISH MEDIUM', 2, 2, 2, 0, 0, 0),
(3860, 'BURIGI', 2, 2, 2, 0, 0, 0),
(3861, 'ITUNZI', 2, 2, 2, 0, 0, 0),
(3862, 'KIGUZI', 2, 2, 2, 0, 0, 0),
(3863, 'MADALENA', 2, 2, 2, 0, 0, 0),
(3864, 'MURUNGU', 2, 2, 2, 0, 0, 0),
(3865, 'NGOTE', 2, 2, 2, 0, 0, 0),
(3866, 'NYAKAGOMA', 2, 2, 2, 0, 0, 0),
(3867, 'KAMATOJO', 2, 2, 2, 0, 0, 0),
(3868, 'KASHARUNGA', 2, 2, 2, 0, 0, 0),
(3869, 'KIMEYA', 2, 2, 2, 0, 0, 0),
(3870, 'KITEME', 2, 2, 2, 0, 0, 0),
(3871, 'KYAMIYORWA', 2, 2, 2, 0, 0, 0),
(3872, 'LYAMABUMBE', 2, 2, 2, 0, 0, 0),
(3873, 'RUNAZI', 2, 2, 2, 0, 0, 0),
(3874, 'BUKAMBIRA', 2, 2, 2, 0, 0, 0),
(3875, 'IHANGIRO', 2, 2, 2, 0, 0, 0),
(3876, 'KASHENSHERO', 2, 2, 2, 0, 0, 0),
(3877, 'RUBYA MSETO', 2, 2, 2, 0, 0, 0),
(3878, 'RULONGO', 2, 2, 2, 0, 0, 0),
(3879, 'BUSHUMBA', 2, 2, 2, 0, 0, 0),
(3880, 'KAHUMULO', 2, 2, 2, 0, 0, 0),
(3881, 'KATOKE A', 2, 2, 2, 0, 0, 0),
(3882, 'KATOKE B', 2, 2, 2, 0, 0, 0),
(3883, 'KIMBUGU', 2, 2, 2, 0, 0, 0),
(3884, 'BUMILO', 2, 2, 2, 0, 0, 0),
(3885, 'BWOGA', 2, 2, 2, 0, 0, 0),
(3886, 'KABUTAIGI', 2, 2, 2, 0, 0, 0),
(3887, 'KAIRUNGU', 2, 2, 2, 0, 0, 0),
(3888, 'RUNYINYA', 2, 2, 2, 0, 0, 0),
(3889, 'BIGAGA', 2, 2, 2, 0, 0, 0),
(3890, 'KAHENGERE', 2, 2, 2, 0, 0, 0),
(3891, 'KIKIKU', 2, 2, 2, 0, 0, 0),
(3892, 'RWANGANILO', 2, 2, 2, 0, 0, 0),
(3893, 'KABASHARO', 2, 2, 2, 0, 0, 0),
(3894, 'KABONDE', 2, 2, 2, 0, 0, 0),
(3895, 'KAGULAMO', 2, 2, 2, 0, 0, 0),
(3896, 'KIZIRAMUYAGA', 2, 2, 2, 0, 0, 0),
(3897, 'KYOTA', 2, 2, 2, 0, 0, 0),
(3898, 'RUSALALA', 2, 2, 2, 0, 0, 0),
(3899, 'RUTEME', 2, 2, 2, 0, 0, 0),
(3900, 'ALPHA MULELA ENGLISH MEDIUM', 2, 2, 2, 0, 0, 0),
(3901, 'GANYAMKANDA', 2, 2, 2, 0, 0, 0),
(3902, 'KABULALA', 2, 2, 2, 0, 0, 0),
(3903, 'KAGONGO', 2, 2, 2, 0, 0, 0),
(3904, 'KISHANDA', 2, 2, 2, 0, 0, 0),
(3905, 'KITANGA', 2, 2, 2, 0, 0, 0),
(3906, 'MABIRA', 2, 2, 2, 0, 0, 0),
(3907, 'MULELA', 2, 2, 2, 0, 0, 0),
(3908, 'RULAMA', 2, 2, 2, 0, 0, 0),
(3909, 'KABUNGO', 2, 2, 2, 0, 0, 0),
(3910, 'KAGASHA', 2, 2, 2, 0, 0, 0),
(3911, 'KANYERANYERE', 2, 2, 2, 0, 0, 0),
(3912, 'KASIDANGA', 2, 2, 2, 0, 0, 0),
(3913, 'KYABISHAGAHO', 2, 2, 2, 0, 0, 0),
(3914, 'KYEBITEMBE', 2, 2, 2, 0, 0, 0),
(3915, 'NSHANJE', 2, 2, 2, 0, 0, 0),
(3916, 'NYAMILANDA', 2, 2, 2, 0, 0, 0),
(3917, 'NYANJUBI', 2, 2, 2, 0, 0, 0),
(3918, 'KABAITWA', 2, 2, 2, 0, 0, 0),
(3919, 'KASHENGE', 2, 2, 2, 0, 0, 0),
(3920, 'MAFUMBO', 2, 2, 2, 0, 0, 0),
(3921, 'NYAWAIBAGA', 2, 2, 2, 0, 0, 0),
(3922, 'KARUTANGA', 2, 2, 2, 0, 0, 0),
(3923, 'KITUNTU', 2, 2, 2, 0, 0, 0),
(3924, 'MAGATA', 2, 2, 2, 0, 0, 0),
(3925, 'BUGASHA', 2, 2, 2, 0, 0, 0),
(3926, 'KABOYA', 2, 2, 2, 0, 0, 0),
(3927, 'MAYONDWE', 2, 2, 2, 0, 0, 0),
(3928, 'BUYONZI', 2, 2, 2, 0, 0, 0),
(3929, 'MAZINGA', 2, 2, 2, 0, 0, 0),
(3930, 'AKANAZI', 2, 2, 2, 0, 0, 0),
(3931, 'BWEYENZA', 2, 2, 2, 0, 0, 0),
(3932, 'KANGOMA', 2, 2, 2, 0, 0, 0),
(3933, 'KIKAGATE', 2, 2, 2, 0, 0, 0),
(3934, 'KISHOJU', 2, 2, 2, 0, 0, 0),
(3935, 'KITABA', 2, 2, 2, 0, 0, 0),
(3936, 'KITOKO', 2, 2, 2, 0, 0, 0),
(3937, 'KYAIBUMBA', 2, 2, 2, 0, 0, 0),
(3938, 'KAGONDO A', 2, 2, 2, 0, 0, 0),
(3939, 'KAGONDO B', 2, 2, 2, 0, 0, 0),
(3940, 'KANGATEBE', 2, 2, 2, 0, 0, 0),
(3941, 'KITUNGA', 2, 2, 2, 0, 0, 0),
(3942, 'NYAILIGAMBA', 2, 2, 2, 0, 0, 0),
(3943, 'RUGEGE', 2, 2, 2, 0, 0, 0),
(3944, 'ST.MICHAEL ENGLISH MEDIUM', 2, 2, 2, 0, 0, 0),
(3945, 'BUYANGO', 2, 2, 2, 0, 0, 0),
(3946, 'JAKAYA KIKWETE ENGLISH MEDIUM', 2, 2, 2, 0, 0, 0),
(3947, 'KAIGARA', 2, 2, 2, 0, 0, 0),
(3948, 'MULEBA', 2, 2, 2, 0, 0, 0),
(3949, 'RUBUNGO', 2, 2, 2, 0, 0, 0),
(3950, 'ST.ACHILEUS ENGLISH MEDIUM', 2, 2, 2, 0, 0, 0),
(3951, 'TUKUTUKU', 2, 2, 2, 0, 0, 0),
(3952, 'KANONI', 2, 2, 2, 0, 0, 0),
(3953, 'MUSHABAGO', 2, 2, 2, 0, 0, 0),
(3954, 'MUSHENYI', 2, 2, 2, 0, 0, 0),
(3955, 'NYABUKAZI', 2, 2, 2, 0, 0, 0),
(3956, 'OMURUNAZI', 2, 2, 2, 0, 0, 0),
(3957, 'BINONI', 2, 2, 2, 0, 0, 0),
(3958, 'JIPEMOYO ENGLISH MEDIUM', 2, 2, 2, 0, 0, 0),
(3959, 'KAIHO', 2, 2, 2, 0, 0, 0),
(3960, 'KISHURO', 2, 2, 2, 0, 0, 0),
(3961, 'MABALENGERA', 2, 2, 2, 0, 0, 0),
(3962, 'NGENGE', 2, 2, 2, 0, 0, 0),
(3963, 'RUKINDO', 2, 2, 2, 0, 0, 0),
(3964, 'RWIGEMBE', 2, 2, 2, 0, 0, 0),
(3965, 'BUNYAGONGO', 2, 2, 2, 0, 0, 0),
(3966, 'ITONGO', 2, 2, 2, 0, 0, 0),
(3967, 'KABANGA', 2, 2, 2, 0, 0, 0),
(3968, 'NSHAMBA', 2, 2, 2, 0, 0, 0),
(3969, 'NSHAMBA EXT', 2, 2, 2, 0, 0, 0),
(3970, 'NSHAMBA TAPA', 2, 2, 2, 0, 0, 0),
(3971, 'RUGASHA', 2, 2, 2, 0, 0, 0),
(3972, 'RUKONDO', 2, 2, 2, 0, 0, 0),
(3973, 'RWANTEGE', 2, 2, 2, 0, 0, 0),
(3974, 'SIMBYA ENGLISH MEDIUM', 2, 2, 2, 0, 0, 0),
(3975, 'KANGAZA', 2, 2, 2, 0, 0, 0),
(3976, 'KATEMBE', 2, 2, 2, 0, 0, 0),
(3977, 'MUSALALA', 2, 2, 2, 0, 0, 0),
(3978, 'MUUNGANO', 2, 2, 2, 0, 0, 0),
(3979, 'NSAMBYA', 2, 2, 2, 0, 0, 0),
(3980, 'NYAKABANGO', 2, 2, 2, 0, 0, 0),
(3981, 'NYAMAGOJO', 2, 2, 2, 0, 0, 0),
(3982, 'BIIJA', 2, 2, 2, 0, 0, 0),
(3983, 'NYAKATANGA', 2, 2, 2, 0, 0, 0),
(3984, 'NYARUGANDO', 2, 2, 2, 0, 0, 0),
(3985, 'MAKONGORA A', 2, 2, 2, 0, 0, 0),
(3986, 'MAKONGORA B', 2, 2, 2, 0, 0, 0),
(3987, 'MALELE', 2, 2, 2, 0, 0, 0),
(3988, 'RUHANGA', 2, 2, 2, 0, 0, 0),
(3989, 'BUGARA', 2, 2, 2, 0, 0, 0),
(3990, 'KIGA', 2, 2, 2, 0, 0, 0),
(3991, 'NYABULE', 2, 2, 2, 0, 0, 0),
(3992, 'RULANDA', 2, 2, 2, 0, 0, 0),
(3993, 'BYENGERAGERE', 2, 2, 2, 0, 0, 0),
(3994, 'KYARUTARE', 2, 2, 2, 0, 0, 0),
(3995, 'MISHAMBYA', 2, 2, 2, 0, 0, 0),
(3996, 'RUTORO', 2, 2, 2, 0, 0, 0),
(3997, 'BUGARAMA', 2, 2, 2, 0, 0, 0),
(3998, 'MUKIVUMU', 2, 2, 2, 0, 0, 0),
(3999, 'MUMILAMILA', 2, 2, 2, 0, 0, 0),
(4000, 'RWINYANA', 2, 2, 2, 0, 0, 0),
(4001, 'BUKIRIRO', 2, 2, 2, 0, 0, 0),
(4002, 'KIGARAMA', 2, 2, 2, 0, 0, 0),
(4003, 'MUBWILINDE', 2, 2, 2, 0, 0, 0),
(4004, 'MUMUHAMBA', 2, 2, 2, 0, 0, 0),
(4005, 'NYABIHANGA', 2, 2, 2, 0, 0, 0),
(4006, 'RUBANGA', 2, 2, 2, 0, 0, 0),
(4007, 'RULAMA', 2, 2, 2, 0, 0, 0),
(4008, 'DJURULIGWA', 2, 2, 2, 0, 0, 0),
(4009, 'IBUGA', 2, 2, 2, 0, 0, 0),
(4010, 'KABANGA', 2, 2, 2, 0, 0, 0),
(4011, 'MURUKUKUMBO', 2, 2, 2, 0, 0, 0),
(4012, 'MWANGA', 2, 2, 2, 0, 0, 0),
(4013, 'NGUNDUSI', 2, 2, 2, 0, 0, 0),
(4014, 'NYABISINDU', 2, 2, 2, 0, 0, 0),
(4015, 'NZAZA', 2, 2, 2, 0, 0, 0),
(4016, 'PRINCE', 2, 2, 2, 0, 0, 0),
(4017, 'KABALENZI', 2, 2, 2, 0, 0, 0),
(4018, 'KANAZI', 2, 2, 2, 0, 0, 0),
(4019, 'KATERERE', 2, 2, 2, 0, 0, 0),
(4020, 'MUKAREHE', 2, 2, 2, 0, 0, 0),
(4021, 'MUKIBOGOYE', 2, 2, 2, 0, 0, 0),
(4022, 'MUKIREHE', 2, 2, 2, 0, 0, 0),
(4023, 'NYARUSANGE', 2, 2, 2, 0, 0, 0),
(4024, 'REMELA', 2, 2, 2, 0, 0, 0),
(4025, 'KABAHESHI', 2, 2, 2, 0, 0, 0),
(4026, 'KAMULI', 2, 2, 2, 0, 0, 0),
(4027, 'KAPFUHA', 2, 2, 2, 0, 0, 0),
(4028, 'KASULO', 2, 2, 2, 0, 0, 0),
(4029, 'KUMUNAZI', 2, 2, 2, 0, 0, 0),
(4030, 'NGOMA', 2, 2, 2, 0, 0, 0),
(4031, 'NJIAPANDA', 2, 2, 2, 0, 0, 0),
(4032, 'GWENZAZA', 2, 2, 2, 0, 0, 0),
(4033, 'KEZA', 2, 2, 2, 0, 0, 0),
(4034, 'KIBIRIZI', 2, 2, 2, 0, 0, 0),
(4035, 'RUKIRA', 2, 2, 2, 0, 0, 0),
(4036, 'BUHORORO', 2, 2, 2, 0, 0, 0),
(4037, 'KUMUTANA', 2, 2, 2, 0, 0, 0),
(4038, 'MAYENZI', 2, 2, 2, 0, 0, 0),
(4039, 'RUGANZO', 2, 2, 2, 0, 0, 0),
(4040, 'RUGANZO B', 2, 2, 2, 0, 0, 0),
(4041, 'KIHINGA', 2, 2, 2, 0, 0, 0),
(4042, 'NYARUKUBARA', 2, 2, 2, 0, 0, 0),
(4043, 'NYARURAMA', 2, 2, 2, 0, 0, 0),
(4044, 'KASANGE', 2, 2, 2, 0, 0, 0),
(4045, 'KIRUSHYA', 2, 2, 2, 0, 0, 0),
(4046, 'MURUTABO', 2, 2, 2, 0, 0, 0),
(4047, 'MWIVUZA', 2, 2, 2, 0, 0, 0),
(4048, 'MWIVUZA B', 2, 2, 2, 0, 0, 0),
(4049, 'KUKAZURU', 2, 2, 2, 0, 0, 0),
(4050, 'KUMWUZUZA', 2, 2, 2, 0, 0, 0),
(4051, 'MABAWE', 2, 2, 2, 0, 0, 0),
(4052, 'MUHWEZA', 2, 2, 2, 0, 0, 0),
(4053, 'MUKIBUNGERE', 2, 2, 2, 0, 0, 0),
(4054, 'NTUNGAMO', 2, 2, 2, 0, 0, 0),
(4055, 'KANYINYA', 2, 2, 2, 0, 0, 0),
(4056, 'KUMWENDO', 2, 2, 2, 0, 0, 0),
(4057, 'MBUBA', 2, 2, 2, 0, 0, 0),
(4058, 'RUHUBA', 2, 2, 2, 0, 0, 0),
(4059, 'MUGANZA', 2, 2, 2, 0, 0, 0),
(4060, 'MUKUBU', 2, 2, 2, 0, 0, 0),
(4061, 'MUSAZA', 2, 2, 2, 0, 0, 0),
(4062, 'NGEZE', 2, 2, 2, 0, 0, 0),
(4063, 'NYAKAFANDI', 2, 2, 2, 0, 0, 0),
(4064, 'RUSENGO', 2, 2, 2, 0, 0, 0),
(4065, 'RWIMBOGO', 2, 2, 2, 0, 0, 0),
(4066, 'MUBUHENGE', 2, 2, 2, 0, 0, 0),
(4067, 'MUGOMA', 2, 2, 2, 0, 0, 0),
(4068, 'MUKAGUGO', 2, 2, 2, 0, 0, 0),
(4069, 'MUKIKOMERO', 2, 2, 2, 0, 0, 0),
(4070, 'SHANGA', 2, 2, 2, 0, 0, 0),
(4071, 'BULENGO', 2, 2, 2, 0, 0, 0),
(4072, 'KAGALI', 2, 2, 2, 0, 0, 0),
(4073, 'MURUKULAZO', 2, 2, 2, 0, 0, 0),
(4074, 'NYAKIZIBA', 2, 2, 2, 0, 0, 0),
(4075, 'RUSUMO', 2, 2, 2, 0, 0, 0),
(4076, 'MURUGUNGA', 2, 2, 2, 0, 0, 0),
(4077, 'MURUSAGAMBA', 2, 2, 2, 0, 0, 0),
(4078, 'NTANGA', 2, 2, 2, 0, 0, 0),
(4079, 'MUBINYANGE', 2, 2, 2, 0, 0, 0),
(4080, 'MUKIDIDIRI', 2, 2, 2, 0, 0, 0),
(4081, 'MURGWANZA', 2, 2, 2, 0, 0, 0),
(4082, 'NAKATUNGA', 2, 2, 2, 0, 0, 0),
(4083, 'NAPS', 2, 2, 2, 0, 0, 0),
(4084, 'NGARA MJINI', 2, 2, 2, 0, 0, 0),
(4085, 'NYAMIAGA', 2, 2, 2, 0, 0, 0),
(4086, 'CHIVU', 2, 2, 2, 0, 0, 0),
(4087, 'KIGINA', 2, 2, 2, 0, 0, 0),
(4088, 'MURUKAGATI', 2, 2, 2, 0, 0, 0),
(4089, 'NTOBEYE', 2, 2, 2, 0, 0, 0),
(4090, 'NYAKARIBA', 2, 2, 2, 0, 0, 0),
(4091, 'CHAMBALE', 2, 2, 2, 0, 0, 0),
(4092, 'KASHINGA', 2, 2, 2, 0, 0, 0),
(4093, 'KIGOYI', 2, 2, 2, 0, 0, 0),
(4094, 'KUMUGAMBA', 2, 2, 2, 0, 0, 0),
(4095, 'MIKORE', 2, 2, 2, 0, 0, 0),
(4096, 'NTUKAMAZINA', 2, 2, 2, 0, 0, 0),
(4097, 'NYAMAHWA', 2, 2, 2, 0, 0, 0),
(4098, 'NYANKENDE', 2, 2, 2, 0, 0, 0),
(4099, 'KAHAMA', 2, 2, 2, 0, 0, 0),
(4100, 'KITITIZA', 2, 2, 2, 0, 0, 0),
(4101, 'KUMUBUGA', 2, 2, 2, 0, 0, 0),
(4102, 'KUMUYANGE', 2, 2, 2, 0, 0, 0),
(4103, 'MUGASHA', 2, 2, 2, 0, 0, 0),
(4104, 'MUMITERAMA', 2, 2, 2, 0, 0, 0),
(4105, 'GOYAGOYA', 2, 2, 2, 0, 0, 0),
(4106, 'MUNJEBWE', 2, 2, 2, 0, 0, 0),
(4107, 'MURUGALAGALA', 2, 2, 2, 0, 0, 0),
(4108, 'MUYENZI', 2, 2, 2, 0, 0, 0),
(4109, 'NYANZARI', 2, 2, 2, 0, 0, 0),
(4110, 'RHEC', 2, 2, 2, 0, 0, 0),
(4111, 'RULENGE', 2, 2, 2, 0, 0, 0),
(4112, 'KABURANZWIRI', 2, 2, 2, 0, 0, 0),
(4113, 'KASHARAZI', 2, 2, 2, 0, 0, 0),
(4114, 'NYAKAHANGA', 2, 2, 2, 0, 0, 0),
(4115, 'RUSUMO MAGEREZA', 2, 2, 2, 0, 0, 0),
(4116, 'RUSUMO NEW VISION', 2, 2, 2, 0, 0, 0),
(4117, 'ILELA', 2, 2, 2, 0, 0, 0),
(4118, 'MAPILI', 2, 2, 2, 0, 0, 0),
(4119, 'MASIGO', 2, 2, 2, 0, 0, 0),
(4120, 'ILUNDE', 2, 2, 2, 0, 0, 0),
(4121, 'INYONGA', 2, 2, 2, 0, 0, 0),
(4122, 'KALOVYA', 2, 2, 2, 0, 0, 0),
(4123, 'KAMALAMPAKA', 2, 2, 2, 0, 0, 0),
(4124, 'KAMSISI', 2, 2, 2, 0, 0, 0),
(4125, 'MTAKUJA', 2, 2, 2, 0, 0, 0),
(4126, 'NSENKWA', 2, 2, 2, 0, 0, 0),
(4127, 'KUSA', 2, 2, 2, 0, 0, 0),
(4128, 'MGOMBE', 2, 2, 2, 0, 0, 0),
(4129, 'WACHAWASEMI', 2, 2, 2, 0, 0, 0),
(4130, 'BULAMATA', 2, 2, 2, 0, 0, 0),
(4131, 'BUSONGOLA', 2, 2, 2, 0, 0, 0),
(4132, 'KAMJELA', 2, 2, 2, 0, 0, 0),
(4133, 'KUSI', 2, 2, 2, 0, 0, 0),
(4134, 'IKOLA', 2, 2, 2, 0, 0, 0),
(4135, 'KAFISHA', 2, 2, 2, 0, 0, 0),
(4136, 'LAKE TANGANYIKA', 2, 2, 2, 0, 0, 0),
(4137, 'ILANGU', 2, 2, 2, 0, 0, 0),
(4138, 'ISUBANGALA', 2, 2, 2, 0, 0, 0),
(4139, 'KABANGA', 2, 2, 2, 0, 0, 0),
(4140, 'IPWAGA', 2, 2, 2, 0, 0, 0),
(4141, 'MGANSA', 2, 2, 2, 0, 0, 0),
(4142, 'MLIBANSI', 2, 2, 2, 0, 0, 0),
(4143, 'ISENGULE', 2, 2, 2, 0, 0, 0),
(4144, 'KASANGANTONGWE', 2, 2, 2, 0, 0, 0),
(4145, 'KABUNGU', 2, 2, 2, 0, 0, 0),
(4146, 'KALILANKULUKULU', 2, 2, 2, 0, 0, 0),
(4147, 'KASINDE', 2, 2, 2, 0, 0, 0),
(4148, 'ITUNYA', 2, 2, 2, 0, 0, 0),
(4149, 'KAPALAMSENGA', 2, 2, 2, 0, 0, 0),
(4150, 'ITETEMYA', 2, 2, 2, 0, 0, 0),
(4151, 'KAREMA', 2, 2, 2, 0, 0, 0),
(4152, 'KASEKESE', 2, 2, 2, 0, 0, 0),
(4153, 'KAPANGA', 2, 2, 2, 0, 0, 0),
(4154, 'KATUMA', 2, 2, 2, 0, 0, 0),
(4155, 'KAYENZE', 2, 2, 2, 0, 0, 0),
(4156, 'MPEMBE', 2, 2, 2, 0, 0, 0),
(4157, 'IFUMBULA', 2, 2, 2, 0, 0, 0),
(4158, 'ISENGA', 2, 2, 2, 0, 0, 0),
(4159, 'ISUMBWE', 2, 2, 2, 0, 0, 0),
(4160, 'KAPEMBA', 2, 2, 2, 0, 0, 0),
(4161, 'MAZWE', 2, 2, 2, 0, 0, 0),
(4162, 'MISHAMO', 2, 2, 2, 0, 0, 0),
(4163, 'RUGUFU', 2, 2, 2, 0, 0, 0),
(4164, 'ILEBULA', 2, 2, 2, 0, 0, 0),
(4165, 'KAMSANGA', 2, 2, 2, 0, 0, 0),
(4166, 'MNYAGALA', 2, 2, 2, 0, 0, 0);
INSERT INTO `school` (`id`, `name`, `ward_id`, `ownership_id`, `level_id`, `latitude`, `longitude`, `status`) VALUES
(4167, 'NTUMBA', 2, 2, 2, 0, 0, 0),
(4168, 'IFUKUTWA', 2, 2, 2, 0, 0, 0),
(4169, 'IGAGALA', 2, 2, 2, 0, 0, 0),
(4170, 'IGALULA', 2, 2, 2, 0, 0, 0),
(4171, 'MCHAKAMCHAKA', 2, 2, 2, 0, 0, 0),
(4172, 'BUJOMBE', 2, 2, 2, 0, 0, 0),
(4173, 'LUGONESI', 2, 2, 2, 0, 0, 0),
(4174, 'LWEGA', 2, 2, 2, 0, 0, 0),
(4175, 'MWESE', 2, 2, 2, 0, 0, 0),
(4176, 'NKUNGWI', 2, 2, 2, 0, 0, 0),
(4177, 'SIBWESA', 2, 2, 2, 0, 0, 0),
(4178, 'BUGWE', 2, 2, 2, 0, 0, 0),
(4179, 'MPANDANDOGO', 2, 2, 2, 0, 0, 0),
(4180, 'NGOMALUSAMBO', 2, 2, 2, 0, 0, 0),
(4181, 'VIKONGE', 2, 2, 2, 0, 0, 0),
(4182, 'ILEMBO', 2, 2, 2, 0, 0, 0),
(4183, 'MAPINDUZI', 2, 2, 2, 0, 0, 0),
(4184, 'KAKESE', 2, 2, 2, 0, 0, 0),
(4185, 'KAWANZIGE', 2, 2, 2, 0, 0, 0),
(4186, 'MBUGANI', 2, 2, 2, 0, 0, 0),
(4187, 'KASHAULILI', 2, 2, 2, 0, 0, 0),
(4188, 'MWANGAZA', 2, 2, 2, 0, 0, 0),
(4189, 'UHURU', 2, 2, 2, 0, 0, 0),
(4190, 'KASOKOLA', 2, 2, 2, 0, 0, 0),
(4191, 'MANGA', 2, 2, 2, 0, 0, 0),
(4192, 'NZELLA', 2, 2, 2, 0, 0, 0),
(4193, 'REIMETA', 2, 2, 2, 0, 0, 0),
(4194, 'SUNGAMILA', 2, 2, 2, 0, 0, 0),
(4195, 'MIZENGOPINDA', 2, 2, 2, 0, 0, 0),
(4196, 'MSAKILA', 2, 2, 2, 0, 0, 0),
(4197, 'NYERERE', 2, 2, 2, 0, 0, 0),
(4198, 'MKAPA', 2, 2, 2, 0, 0, 0),
(4199, 'DIRIFU', 2, 2, 2, 0, 0, 0),
(4200, 'MAGAMBA', 2, 2, 2, 0, 0, 0),
(4201, 'MAKONGOLO', 2, 2, 2, 0, 0, 0),
(4202, 'MTAKUMBUKA', 2, 2, 2, 0, 0, 0),
(4203, 'AZIMIO', 2, 2, 2, 0, 0, 0),
(4204, 'MAJENGO', 2, 2, 2, 0, 0, 0),
(4205, 'KASHATO', 2, 2, 2, 0, 0, 0),
(4206, 'KATAVI', 2, 2, 2, 0, 0, 0),
(4207, 'MILALA', 2, 2, 2, 0, 0, 0),
(4208, 'MISUNGUMILO', 2, 2, 2, 0, 0, 0),
(4209, 'MPANDA', 2, 2, 2, 0, 0, 0),
(4210, 'MUUNGANO', 2, 2, 2, 0, 0, 0),
(4211, 'KAMAKUKA', 2, 2, 2, 0, 0, 0),
(4212, 'MWAMKULU', 2, 2, 2, 0, 0, 0),
(4213, 'NSEMULWA', 2, 2, 2, 0, 0, 0),
(4214, 'KIVUKONI', 2, 2, 2, 0, 0, 0),
(4215, 'MAKANYAGIO', 2, 2, 2, 0, 0, 0),
(4216, 'SHANWE', 2, 2, 2, 0, 0, 0),
(4217, 'KASIMBA', 2, 2, 2, 0, 0, 0),
(4218, 'CHAMALENDI', 2, 2, 2, 0, 0, 0),
(4219, 'MKWAJUNI', 2, 2, 2, 0, 0, 0),
(4220, 'IKUBA', 2, 2, 2, 0, 0, 0),
(4221, 'KASHISHI', 2, 2, 2, 0, 0, 0),
(4222, 'IZIWASUNGU', 2, 2, 2, 0, 0, 0),
(4223, 'KIKONKO', 2, 2, 2, 0, 0, 0),
(4224, 'RUNGWA', 2, 2, 2, 0, 0, 0),
(4225, 'ILALANGULU', 2, 2, 2, 0, 0, 0),
(4226, 'KAKUNI', 2, 2, 2, 0, 0, 0),
(4227, 'MIRUMBA', 2, 2, 2, 0, 0, 0),
(4228, 'IKULWE', 2, 2, 2, 0, 0, 0),
(4229, 'LUCHIMA', 2, 2, 2, 0, 0, 0),
(4230, 'MAJIMOTO', 2, 2, 2, 0, 0, 0),
(4231, 'MKUYUNI', 2, 2, 2, 0, 0, 0),
(4232, 'KABUNDE', 2, 2, 2, 0, 0, 0),
(4233, 'KANINDI', 2, 2, 2, 0, 0, 0),
(4234, 'KILIDA', 2, 2, 2, 0, 0, 0),
(4235, 'MAKAYUGU', 2, 2, 2, 0, 0, 0),
(4236, 'MAMBA', 2, 2, 2, 0, 0, 0),
(4237, 'TASWA', 2, 2, 2, 0, 0, 0),
(4238, 'MBEDE', 2, 2, 2, 0, 0, 0),
(4239, 'MINYOSO', 2, 2, 2, 0, 0, 0),
(4240, 'MWAMATIGA', 2, 2, 2, 0, 0, 0),
(4241, 'TUPINDO', 2, 2, 2, 0, 0, 0),
(4242, 'MWAMAPILI', 2, 2, 2, 0, 0, 0),
(4243, 'UKINGWAMINZI', 2, 2, 2, 0, 0, 0),
(4244, 'MSADYA', 2, 2, 2, 0, 0, 0),
(4245, 'NYAMBWE', 2, 2, 2, 0, 0, 0),
(4246, 'USEVYA', 2, 2, 2, 0, 0, 0),
(4247, 'IBINDI', 2, 2, 2, 0, 0, 0),
(4248, 'ITENKA A''', 2, 2, 2, 0, 0, 0),
(4249, 'ITENKA B''', 2, 2, 2, 0, 0, 0),
(4250, 'TUKOMA', 2, 2, 2, 0, 0, 0),
(4251, 'KABUGA', 2, 2, 2, 0, 0, 0),
(4252, 'KAJEJE', 2, 2, 2, 0, 0, 0),
(4253, 'KANOGE', 2, 2, 2, 0, 0, 0),
(4254, 'KAPALALA', 2, 2, 2, 0, 0, 0),
(4255, 'NSIMBO', 2, 2, 2, 0, 0, 0),
(4256, 'BARUTI', 2, 2, 2, 0, 0, 0),
(4257, 'IVUNGWE', 2, 2, 2, 0, 0, 0),
(4258, 'IWIMBI', 2, 2, 2, 0, 0, 0),
(4259, 'KALUNGU', 2, 2, 2, 0, 0, 0),
(4260, 'KAMINULA', 2, 2, 2, 0, 0, 0),
(4261, 'KATUMBA', 2, 2, 2, 0, 0, 0),
(4262, 'MNYAKI', 2, 2, 2, 0, 0, 0),
(4263, 'MSAGINYA', 2, 2, 2, 0, 0, 0),
(4264, 'MTAMBO', 2, 2, 2, 0, 0, 0),
(4265, 'MWENGE', 2, 2, 2, 0, 0, 0),
(4266, 'NDUWI', 2, 2, 2, 0, 0, 0),
(4267, 'NZAGA', 2, 2, 2, 0, 0, 0),
(4268, 'SOKOINE', 2, 2, 2, 0, 0, 0),
(4269, 'TAMBAZI', 2, 2, 2, 0, 0, 0),
(4270, 'BULEMBO', 2, 2, 2, 0, 0, 0),
(4271, 'KABURONGE', 2, 2, 2, 0, 0, 0),
(4272, 'KAMBUZI', 2, 2, 2, 0, 0, 0),
(4273, 'LITAPUNGA', 2, 2, 2, 0, 0, 0),
(4274, 'LUKAMA', 2, 2, 2, 0, 0, 0),
(4275, 'MANDELA', 2, 2, 2, 0, 0, 0),
(4276, 'MIRAMBO', 2, 2, 2, 0, 0, 0),
(4277, 'NSANDA', 2, 2, 2, 0, 0, 0),
(4278, 'KATISUNGA', 2, 2, 2, 0, 0, 0),
(4279, 'IKOLONGO', 2, 2, 2, 0, 0, 0),
(4280, 'ISINDE', 2, 2, 2, 0, 0, 0),
(4281, 'MTAPENDA', 2, 2, 2, 0, 0, 0),
(4282, 'NDURUMO', 2, 2, 2, 0, 0, 0),
(4283, 'SONJA', 2, 2, 2, 0, 0, 0),
(4284, 'FILIMULE', 2, 2, 2, 0, 0, 0),
(4285, 'ISANJANDUGU', 2, 2, 2, 0, 0, 0),
(4286, 'SONGAMBELE', 2, 2, 2, 0, 0, 0),
(4287, 'MATANDALANI', 2, 2, 2, 0, 0, 0),
(4288, 'MTISI', 2, 2, 2, 0, 0, 0),
(4289, 'SITALIKE', 2, 2, 2, 0, 0, 0),
(4290, 'MNYAMASI', 2, 2, 2, 0, 0, 0),
(4291, 'UGALLA', 2, 2, 2, 0, 0, 0),
(4292, 'IKONDAMOYO', 2, 2, 2, 0, 0, 0),
(4293, 'URUWIRA', 2, 2, 2, 0, 0, 0),
(4294, 'BIHARU', 2, 2, 2, 0, 0, 0),
(4295, 'KIGEGE', 2, 2, 2, 0, 0, 0),
(4296, 'MUYOVOZI', 2, 2, 2, 0, 0, 0),
(4297, 'BUHIGWE', 2, 2, 2, 0, 0, 0),
(4298, 'KAFENE', 2, 2, 2, 0, 0, 0),
(4299, 'KAVOMO', 2, 2, 2, 0, 0, 0),
(4300, 'MULERA', 2, 2, 2, 0, 0, 0),
(4301, 'NYAMTI', 2, 2, 2, 0, 0, 0),
(4302, 'NYANKORONKO', 2, 2, 2, 0, 0, 0),
(4303, 'BUKUBA', 2, 2, 2, 0, 0, 0),
(4304, 'KIHANGALE', 2, 2, 2, 0, 0, 0),
(4305, 'RWICHE', 2, 2, 2, 0, 0, 0),
(4306, 'BIGINA', 2, 2, 2, 0, 0, 0),
(4307, 'KIRUNGU', 2, 2, 2, 0, 0, 0),
(4308, 'KISOVU', 2, 2, 2, 0, 0, 0),
(4309, 'KITUNDA', 2, 2, 2, 0, 0, 0),
(4310, 'KUMSENGA', 2, 2, 2, 0, 0, 0),
(4311, 'NYAMIHANGA', 2, 2, 2, 0, 0, 0),
(4312, 'NYANGAMBA', 2, 2, 2, 0, 0, 0),
(4313, 'KAJANA', 2, 2, 2, 0, 0, 0),
(4314, 'KASUMO', 2, 2, 2, 0, 0, 0),
(4315, 'LEMBA', 2, 2, 2, 0, 0, 0),
(4316, 'MUNYIKA', 2, 2, 2, 0, 0, 0),
(4317, 'BWERANKA', 2, 2, 2, 0, 0, 0),
(4318, 'KIBANDE', 2, 2, 2, 0, 0, 0),
(4319, 'NYAMILAMBO', 2, 2, 2, 0, 0, 0),
(4320, 'KIBWIGWA', 2, 2, 2, 0, 0, 0),
(4321, 'KIYANGE', 2, 2, 2, 0, 0, 0),
(4322, 'MILENDA', 2, 2, 2, 0, 0, 0),
(4323, 'NYARUGANO', 2, 2, 2, 0, 0, 0),
(4324, 'KAZAMWENDO', 2, 2, 2, 0, 0, 0),
(4325, 'KILELEMA', 2, 2, 2, 0, 0, 0),
(4326, 'MIGONGO', 2, 2, 2, 0, 0, 0),
(4327, 'MLANGILIZI', 2, 2, 2, 0, 0, 0),
(4328, 'KAMANGA', 2, 2, 2, 0, 0, 0),
(4329, 'KIMARA', 2, 2, 2, 0, 0, 0),
(4330, 'KINAZI', 2, 2, 2, 0, 0, 0),
(4331, 'MUVUMU', 2, 2, 2, 0, 0, 0),
(4332, 'KITAMBUKA', 2, 2, 2, 0, 0, 0),
(4333, 'MKATANGA', 2, 2, 2, 0, 0, 0),
(4334, 'MUSAGARA', 2, 2, 2, 0, 0, 0),
(4335, 'NYAMIGUHA', 2, 2, 2, 0, 0, 0),
(4336, 'NYAMWASHI', 2, 2, 2, 0, 0, 0),
(4337, 'SABUHENE', 2, 2, 2, 0, 0, 0),
(4338, 'CHAGWE', 2, 2, 2, 0, 0, 0),
(4339, 'MUBANGA', 2, 2, 2, 0, 0, 0),
(4340, 'KATUNDU', 2, 2, 2, 0, 0, 0),
(4341, 'MGOGO', 2, 2, 2, 0, 0, 0),
(4342, 'MUGERA', 2, 2, 2, 0, 0, 0),
(4343, 'MURUNYENYI', 2, 2, 2, 0, 0, 0),
(4344, 'KIGARAGA', 2, 2, 2, 0, 0, 0),
(4345, 'MUHINDA', 2, 2, 2, 0, 0, 0),
(4346, 'NYARUBOZA', 2, 2, 2, 0, 0, 0),
(4347, 'RUHUBA', 2, 2, 2, 0, 0, 0),
(4348, 'BIGARA', 2, 2, 2, 0, 0, 0),
(4349, 'BWAWANI', 2, 2, 2, 0, 0, 0),
(4350, 'MAWASILIANO', 2, 2, 2, 0, 0, 0),
(4351, 'MUNANILA', 2, 2, 2, 0, 0, 0),
(4352, 'NYAKIMUE', 2, 2, 2, 0, 0, 0),
(4353, 'NYAMASOVU', 2, 2, 2, 0, 0, 0),
(4354, 'NYAMIHINI', 2, 2, 2, 0, 0, 0),
(4355, 'NYARUBINGO', 2, 2, 2, 0, 0, 0),
(4356, 'TWING MEMORIAL', 2, 2, 2, 0, 0, 0),
(4357, 'BULAMBILA', 2, 2, 2, 0, 0, 0),
(4358, 'KABUYE', 2, 2, 2, 0, 0, 0),
(4359, 'MUNYEGERA', 2, 2, 2, 0, 0, 0),
(4360, 'SONGAMBELE', 2, 2, 2, 0, 0, 0),
(4361, 'KIGOGWE', 2, 2, 2, 0, 0, 0),
(4362, 'KISHANGA', 2, 2, 2, 0, 0, 0),
(4363, 'MUNZEZE', 2, 2, 2, 0, 0, 0),
(4364, 'MURUNGU', 2, 2, 2, 0, 0, 0),
(4365, 'NYABIGETE', 2, 2, 2, 0, 0, 0),
(4366, 'KALEGE', 2, 2, 2, 0, 0, 0),
(4367, 'MUYAMA', 2, 2, 2, 0, 0, 0),
(4368, 'NYAMINKUNGA', 2, 2, 2, 0, 0, 0),
(4369, 'NYANGA', 2, 2, 2, 0, 0, 0),
(4370, 'GWIMBOGO', 2, 2, 2, 0, 0, 0),
(4371, 'KIBILA', 2, 2, 2, 0, 0, 0),
(4372, 'MANYOVU', 2, 2, 2, 0, 0, 0),
(4373, 'MWAYAYA', 2, 2, 2, 0, 0, 0),
(4374, 'BULIMANYI', 2, 2, 2, 0, 0, 0),
(4375, 'LULENGERA', 2, 2, 2, 0, 0, 0),
(4376, 'NYAGUMA', 2, 2, 2, 0, 0, 0),
(4377, 'NYAMUGALI', 2, 2, 2, 0, 0, 0),
(4378, 'ANGAZA', 2, 2, 2, 0, 0, 0),
(4379, 'KAVUMU', 2, 2, 2, 0, 0, 0),
(4380, 'NYANZIGO', 2, 2, 2, 0, 0, 0),
(4381, 'RUSABA A', 2, 2, 2, 0, 0, 0),
(4382, 'RUSABA B', 2, 2, 2, 0, 0, 0),
(4383, 'BUKIRILO', 2, 2, 2, 0, 0, 0),
(4384, 'GWANUMPU', 2, 2, 2, 0, 0, 0),
(4385, 'NGOMERO', 2, 2, 2, 0, 0, 0),
(4386, 'RUSENGA', 2, 2, 2, 0, 0, 0),
(4387, 'GWARAMA', 2, 2, 2, 0, 0, 0),
(4388, 'KABARE', 2, 2, 2, 0, 0, 0),
(4389, 'KIVURUGA', 2, 2, 2, 0, 0, 0),
(4390, 'KUMUHUNGA', 2, 2, 2, 0, 0, 0),
(4391, 'NYAKIYOBE', 2, 2, 2, 0, 0, 0),
(4392, 'NYESATO', 2, 2, 2, 0, 0, 0),
(4393, 'ITUMBIKO', 2, 2, 2, 0, 0, 0),
(4394, 'KAKONKO', 2, 2, 2, 0, 0, 0),
(4395, 'KIHOGAZI', 2, 2, 2, 0, 0, 0),
(4396, 'MAENDELEO', 2, 2, 2, 0, 0, 0),
(4397, 'CHERABURO', 2, 2, 2, 0, 0, 0),
(4398, 'KANYONZA', 2, 2, 2, 0, 0, 0),
(4399, 'KIHOMOKA', 2, 2, 2, 0, 0, 0),
(4400, 'MUGANZA', 2, 2, 2, 0, 0, 0),
(4401, 'CHILAMBO', 2, 2, 2, 0, 0, 0),
(4402, 'JUHUDI', 2, 2, 2, 0, 0, 0),
(4403, 'KASANDA', 2, 2, 2, 0, 0, 0),
(4404, 'KAZILAMIHUNDA', 2, 2, 2, 0, 0, 0),
(4405, 'KEZA', 2, 2, 2, 0, 0, 0),
(4406, 'KICHACHA', 2, 2, 2, 0, 0, 0),
(4407, 'TUMAINI', 2, 2, 2, 0, 0, 0),
(4408, 'KASUGA', 2, 2, 2, 0, 0, 0),
(4409, 'KATAHOKWA', 2, 2, 2, 0, 0, 0),
(4410, 'KINONKO', 2, 2, 2, 0, 0, 0),
(4411, 'MARUMBA', 2, 2, 2, 0, 0, 0),
(4412, 'NJOOMLOLE', 2, 2, 2, 0, 0, 0),
(4413, 'NYAKAYENZI', 2, 2, 2, 0, 0, 0),
(4414, 'SHUHUDIA', 2, 2, 2, 0, 0, 0),
(4415, 'ILABIRO', 2, 2, 2, 0, 0, 0),
(4416, 'KABINGO', 2, 2, 2, 0, 0, 0),
(4417, 'KATANGA', 2, 2, 2, 0, 0, 0),
(4418, 'ILELA', 2, 2, 2, 0, 0, 0),
(4419, 'KIGARAMA', 2, 2, 2, 0, 0, 0),
(4420, 'KIYOBERA', 2, 2, 2, 0, 0, 0),
(4421, 'KANYAMANZA', 2, 2, 2, 0, 0, 0),
(4422, 'KIDUDUYE', 2, 2, 2, 0, 0, 0),
(4423, 'KINIHA', 2, 2, 2, 0, 0, 0),
(4424, 'MUGUNZU', 2, 2, 2, 0, 0, 0),
(4425, 'NARUBURA', 2, 2, 2, 0, 0, 0),
(4426, 'KAGONDO', 2, 2, 2, 0, 0, 0),
(4427, 'LUHURU', 2, 2, 2, 0, 0, 0),
(4428, 'MUHANGE', 2, 2, 2, 0, 0, 0),
(4429, 'NYANENGE', 2, 2, 2, 0, 0, 0),
(4430, 'KALINZI', 2, 2, 2, 0, 0, 0),
(4431, 'NYABIBUYE', 2, 2, 2, 0, 0, 0),
(4432, 'NYAMIYAGA', 2, 2, 2, 0, 0, 0),
(4433, 'RUMASHI', 2, 2, 2, 0, 0, 0),
(4434, 'CHURAZO', 2, 2, 2, 0, 0, 0),
(4435, 'KINYINYA', 2, 2, 2, 0, 0, 0),
(4436, 'NYAMTUKUZA', 2, 2, 2, 0, 0, 0),
(4437, 'NYANZIGE', 2, 2, 2, 0, 0, 0),
(4438, 'KASONGATI', 2, 2, 2, 0, 0, 0),
(4439, 'KIGA', 2, 2, 2, 0, 0, 0),
(4440, 'MALENGA', 2, 2, 2, 0, 0, 0),
(4441, 'RUGENGE', 2, 2, 2, 0, 0, 0),
(4442, 'ASANTE NYERERE', 2, 2, 2, 0, 0, 0),
(4443, 'SOGEENI', 2, 2, 2, 0, 0, 0),
(4444, 'BUGAGA', 2, 2, 2, 0, 0, 0),
(4445, 'IMANGA', 2, 2, 2, 0, 0, 0),
(4446, 'KUMLAMA', 2, 2, 2, 0, 0, 0),
(4447, 'NKUNDUTSI', 2, 2, 2, 0, 0, 0),
(4448, 'NYARUHANDE', 2, 2, 2, 0, 0, 0),
(4449, 'BOMBWE', 2, 2, 2, 0, 0, 0),
(4450, 'BUHORO', 2, 2, 2, 0, 0, 0),
(4451, 'KIBILIZI', 2, 2, 2, 0, 0, 0),
(4452, 'SHUNGA', 2, 2, 2, 0, 0, 0),
(4453, 'HERU USHINGO', 2, 2, 2, 0, 0, 0),
(4454, 'KIGADYE', 2, 2, 2, 0, 0, 0),
(4455, 'NYARUGUSU', 2, 2, 2, 0, 0, 0),
(4456, 'KAGERA', 2, 2, 2, 0, 0, 0),
(4457, 'KATOTO', 2, 2, 2, 0, 0, 0),
(4458, 'MVINZA', 2, 2, 2, 0, 0, 0),
(4459, 'NYANZAZA', 2, 2, 2, 0, 0, 0),
(4460, 'KALELA', 2, 2, 2, 0, 0, 0),
(4461, 'KUNDE', 2, 2, 2, 0, 0, 0),
(4462, 'NYAKAYAGA', 2, 2, 2, 0, 0, 0),
(4463, 'KAKUNGWE', 2, 2, 2, 0, 0, 0),
(4464, 'KAMEMBE', 2, 2, 2, 0, 0, 0),
(4465, 'KASANGEZI', 2, 2, 2, 0, 0, 0),
(4466, 'KIGEMBE', 2, 2, 2, 0, 0, 0),
(4467, 'KITAGATA', 2, 2, 2, 0, 0, 0),
(4468, 'NYANYUKA', 2, 2, 2, 0, 0, 0),
(4469, 'KITANGA', 2, 2, 2, 0, 0, 0),
(4470, 'KIYUNGWE', 2, 2, 2, 0, 0, 0),
(4471, 'BULUHUKILO', 2, 2, 2, 0, 0, 0),
(4472, 'CHEKENYA', 2, 2, 2, 0, 0, 0),
(4473, 'KABULANZWILI', 2, 2, 2, 0, 0, 0),
(4474, 'KURUGONGO', 2, 2, 2, 0, 0, 0),
(4475, 'MIGUNGA', 2, 2, 2, 0, 0, 0),
(4476, 'NYENGE', 2, 2, 2, 0, 0, 0),
(4477, 'KWAGA', 2, 2, 2, 0, 0, 0),
(4478, 'MLOLE', 2, 2, 2, 0, 0, 0),
(4479, 'NGAGE', 2, 2, 2, 0, 0, 0),
(4480, 'MAKERE', 2, 2, 2, 0, 0, 0),
(4481, 'MUUNGANO', 2, 2, 2, 0, 0, 0),
(4482, 'MUTALA', 2, 2, 2, 0, 0, 0),
(4483, 'MUZYE', 2, 2, 2, 0, 0, 0),
(4484, 'NYABWERU', 2, 2, 2, 0, 0, 0),
(4485, 'NYUMBWE', 2, 2, 2, 0, 0, 0),
(4486, 'MWALI', 2, 2, 2, 0, 0, 0),
(4487, 'NYACHENDA', 2, 2, 2, 0, 0, 0),
(4488, 'NYAKASANDA', 2, 2, 2, 0, 0, 0),
(4489, 'NYAKELELA', 2, 2, 2, 0, 0, 0),
(4490, 'BUCHUMA', 2, 2, 2, 0, 0, 0),
(4491, 'MUGOMBE', 2, 2, 2, 0, 0, 0),
(4492, 'MURUBANGA', 2, 2, 2, 0, 0, 0),
(4493, 'NYAKATOKE', 2, 2, 2, 0, 0, 0),
(4494, 'NYAKITONTO', 2, 2, 2, 0, 0, 0),
(4495, 'KUMKAMBAT1', 2, 2, 2, 0, 0, 0),
(4496, 'MVUGWE', 2, 2, 2, 0, 0, 0),
(4497, 'NYAMIDAHO', 2, 2, 2, 0, 0, 0),
(4498, 'NYAMUGANZA', 2, 2, 2, 0, 0, 0),
(4499, 'KISUMA', 2, 2, 2, 0, 0, 0),
(4500, 'KITEMA', 2, 2, 2, 0, 0, 0),
(4501, 'MUHANGA', 2, 2, 2, 0, 0, 0),
(4502, 'NYAMIYAGA', 2, 2, 2, 0, 0, 0),
(4503, 'NYAMNYUSI', 2, 2, 2, 0, 0, 0),
(4504, 'KAGURUKA', 2, 2, 2, 0, 0, 0),
(4505, 'NYAMGONGO', 2, 2, 2, 0, 0, 0),
(4506, 'NYANKALA', 2, 2, 2, 0, 0, 0),
(4507, 'RUNGWE MPYA', 2, 2, 2, 0, 0, 0),
(4508, 'SABAGA', 2, 2, 2, 0, 0, 0),
(4509, 'KAKIRUNGU', 2, 2, 2, 0, 0, 0),
(4510, 'KITIBITIBI', 2, 2, 2, 0, 0, 0),
(4511, 'MAKINGI', 2, 2, 2, 0, 0, 0),
(4512, 'RUSESA', 2, 2, 2, 0, 0, 0),
(4513, 'ZEZE', 2, 2, 2, 0, 0, 0),
(4514, 'MALALO', 2, 2, 2, 0, 0, 0),
(4515, 'SHUNGULIBA', 2, 2, 2, 0, 0, 0),
(4516, 'LALAMBE', 2, 2, 2, 0, 0, 0),
(4517, 'NYANKOLE', 2, 2, 2, 0, 0, 0),
(4518, 'TITYE', 2, 2, 2, 0, 0, 0),
(4519, 'BUHA', 2, 2, 2, 0, 0, 0),
(4520, 'BWAMI', 2, 2, 2, 0, 0, 0),
(4521, 'HERU JUU', 2, 2, 2, 0, 0, 0),
(4522, 'KARUNGA', 2, 2, 2, 0, 0, 0),
(4523, 'NTALE', 2, 2, 2, 0, 0, 0),
(4524, 'TULIENI', 2, 2, 2, 0, 0, 0),
(4525, 'HEKIMA ENGLISH MEDIUM', 2, 2, 2, 0, 0, 0),
(4526, 'KABANGA MAZOEZI', 2, 2, 2, 0, 0, 0),
(4527, 'LUGOYI', 2, 2, 2, 0, 0, 0),
(4528, 'MWILAMVYA ENGLISH MEDIUM', 2, 2, 2, 0, 0, 0),
(4529, 'NYAMAGUBWE', 2, 2, 2, 0, 0, 0),
(4530, 'NYANKUNGWE', 2, 2, 2, 0, 0, 0),
(4531, 'TULASHASHE', 2, 2, 2, 0, 0, 0),
(4532, 'KIDYAMA', 2, 2, 2, 0, 0, 0),
(4533, 'KIGONDO', 2, 2, 2, 0, 0, 0),
(4534, 'KIGULE', 2, 2, 2, 0, 0, 0),
(4535, 'NYARUMANGA', 2, 2, 2, 0, 0, 0),
(4536, 'KIMOBWA', 2, 2, 2, 0, 0, 0),
(4537, 'MUDYANDA', 2, 2, 2, 0, 0, 0),
(4538, 'MLIMANI', 2, 2, 2, 0, 0, 0),
(4539, 'MWENGE', 2, 2, 2, 0, 0, 0),
(4540, 'SUNZU', 2, 2, 2, 0, 0, 0),
(4541, 'JUNGA', 2, 2, 2, 0, 0, 0),
(4542, 'KATWALO', 2, 2, 2, 0, 0, 0),
(4543, 'MSAMBARA', 2, 2, 2, 0, 0, 0),
(4544, 'RUCHUGI', 2, 2, 2, 0, 0, 0),
(4545, 'BWENZANGELE', 2, 2, 2, 0, 0, 0),
(4546, 'KUMKATA', 2, 2, 2, 0, 0, 0),
(4547, 'MUGANZA', 2, 2, 2, 0, 0, 0),
(4548, 'MUSIVYI', 2, 2, 2, 0, 0, 0),
(4549, 'MWANGA B', 2, 2, 2, 0, 0, 0),
(4550, 'MWIBUYE', 2, 2, 2, 0, 0, 0),
(4551, 'KACHONGE', 2, 2, 2, 0, 0, 0),
(4552, 'KISITO', 2, 2, 2, 0, 0, 0),
(4553, 'MARUMBA', 2, 2, 2, 0, 0, 0),
(4554, 'MUHUNGA', 2, 2, 2, 0, 0, 0),
(4555, 'NYANDURA', 2, 2, 2, 0, 0, 0),
(4556, 'BOGWE', 2, 2, 2, 0, 0, 0),
(4557, 'KALEMA', 2, 2, 2, 0, 0, 0),
(4558, 'MURUBONA', 2, 2, 2, 0, 0, 0),
(4559, 'UHURU', 2, 2, 2, 0, 0, 0),
(4560, 'UMOJA', 2, 2, 2, 0, 0, 0),
(4561, 'MURUFITI', 2, 2, 2, 0, 0, 0),
(4562, 'NYABUYANGE', 2, 2, 2, 0, 0, 0),
(4563, 'NYANGWA', 2, 2, 2, 0, 0, 0),
(4564, 'JUHUDI', 2, 2, 2, 0, 0, 0),
(4565, 'KASULU', 2, 2, 2, 0, 0, 0),
(4566, 'KIGANAMO MAZOEZI', 2, 2, 2, 0, 0, 0),
(4567, 'MTONDO ENGLISH MEDIUM', 2, 2, 2, 0, 0, 0),
(4568, 'MWILAMVYA', 2, 2, 2, 0, 0, 0),
(4569, 'GAHIMA ENGLISH MEDIUM', 2, 2, 2, 0, 0, 0),
(4570, 'KIBAGWE', 2, 2, 2, 0, 0, 0),
(4571, 'MUGANDAZI', 2, 2, 2, 0, 0, 0),
(4572, 'NYANSHA', 2, 2, 2, 0, 0, 0),
(4573, 'NYANTARE', 2, 2, 2, 0, 0, 0),
(4574, 'KASYENENE', 2, 2, 2, 0, 0, 0),
(4575, 'MWENDA', 2, 2, 2, 0, 0, 0),
(4576, 'NYUMBIGWA', 2, 2, 2, 0, 0, 0),
(4577, 'TUMAINI', 2, 2, 2, 0, 0, 0),
(4578, 'KANAZI', 2, 2, 2, 0, 0, 0),
(4579, 'MALEMBO', 2, 2, 2, 0, 0, 0),
(4580, 'NYAKABONDO', 2, 2, 2, 0, 0, 0),
(4581, 'RUHITA', 2, 2, 2, 0, 0, 0),
(4582, 'BITARE', 2, 2, 2, 0, 0, 0),
(4583, 'KUMHAMA', 2, 2, 2, 0, 0, 0),
(4584, 'RUBANGA', 2, 2, 2, 0, 0, 0),
(4585, 'SHUNGA', 2, 2, 2, 0, 0, 0),
(4586, 'BITURANA', 2, 2, 2, 0, 0, 0),
(4587, 'KANYINYA', 2, 2, 2, 0, 0, 0),
(4588, 'NENGO', 2, 2, 2, 0, 0, 0),
(4589, 'NYAMPENGERE', 2, 2, 2, 0, 0, 0),
(4590, 'BAVUNJA', 2, 2, 2, 0, 0, 0),
(4591, 'BUNYAMBO', 2, 2, 2, 0, 0, 0),
(4592, 'MINYINYA', 2, 2, 2, 0, 0, 0),
(4593, 'NYARUBOGO', 2, 2, 2, 0, 0, 0),
(4594, 'SAMVURA', 2, 2, 2, 0, 0, 0),
(4595, 'BUSAGARA', 2, 2, 2, 0, 0, 0),
(4596, 'KIFURA', 2, 2, 2, 0, 0, 0),
(4597, 'KIGENDEKA', 2, 2, 2, 0, 0, 0),
(4598, 'KUMSHINDWI', 2, 2, 2, 0, 0, 0),
(4599, 'MOYOWOSI', 2, 2, 2, 0, 0, 0),
(4600, 'BUSUNZU ''A''', 2, 2, 2, 0, 0, 0),
(4601, 'BUSUNZU ''B''', 2, 2, 2, 0, 0, 0),
(4602, 'KISOGWE', 2, 2, 2, 0, 0, 0),
(4603, 'NYAKABOZI', 2, 2, 2, 0, 0, 0),
(4604, 'NYAMUGURUMA', 2, 2, 2, 0, 0, 0),
(4605, 'NYARULANGA', 2, 2, 2, 0, 0, 0),
(4606, 'ITABA', 2, 2, 2, 0, 0, 0),
(4607, 'KAHARAWE', 2, 2, 2, 0, 0, 0),
(4608, 'KIGOGO', 2, 2, 2, 0, 0, 0),
(4609, 'KUMNAZI', 2, 2, 2, 0, 0, 0),
(4610, 'KAGEZI', 2, 2, 2, 0, 0, 0),
(4611, 'MIKONKO', 2, 2, 2, 0, 0, 0),
(4612, 'MULANGE', 2, 2, 2, 0, 0, 0),
(4613, 'BOMA', 2, 2, 2, 0, 0, 0),
(4614, 'KANYAMAHELA', 2, 2, 2, 0, 0, 0),
(4615, 'KATELELA', 2, 2, 2, 0, 0, 0),
(4616, 'KIBONDO', 2, 2, 2, 0, 0, 0),
(4617, 'MAPINDUZI', 2, 2, 2, 0, 0, 0),
(4618, 'KASEBUZI', 2, 2, 2, 0, 0, 0),
(4619, 'KAYEMBA', 2, 2, 2, 0, 0, 0),
(4620, 'Muyaga', 2, 2, 2, 0, 0, 0),
(4621, 'RUGUNGA', 2, 2, 2, 0, 0, 0),
(4622, 'KASANA', 2, 2, 2, 0, 0, 0),
(4623, 'KIZAZI', 2, 2, 2, 0, 0, 0),
(4624, 'MUSHENYI', 2, 2, 2, 0, 0, 0),
(4625, 'NYABITAKA', 2, 2, 2, 0, 0, 0),
(4626, 'NYARUGUNGA', 2, 2, 2, 0, 0, 0),
(4627, 'KIBUYE', 2, 2, 2, 0, 0, 0),
(4628, 'KUMSENGA', 2, 2, 2, 0, 0, 0),
(4629, 'KABWIGWA', 2, 2, 2, 0, 0, 0),
(4630, 'KUMUGALIKA', 2, 2, 2, 0, 0, 0),
(4631, 'KUMWAMBU', 2, 2, 2, 0, 0, 0),
(4632, 'KWIZERA', 2, 2, 2, 0, 0, 0),
(4633, 'NABUHIMA', 2, 2, 2, 0, 0, 0),
(4634, 'MABAMBA', 2, 2, 2, 0, 0, 0),
(4635, 'MUKARAZI', 2, 2, 2, 0, 0, 0),
(4636, 'NTOYOYO', 2, 2, 2, 0, 0, 0),
(4637, 'NYAKASANDA', 2, 2, 2, 0, 0, 0),
(4638, 'NYANGE', 2, 2, 2, 0, 0, 0),
(4639, 'UHURU', 2, 2, 2, 0, 0, 0),
(4640, 'KILEMBA', 2, 2, 2, 0, 0, 0),
(4641, 'KUMKUGWA', 2, 2, 2, 0, 0, 0),
(4642, 'MAJENGO', 2, 2, 2, 0, 0, 0),
(4643, 'TWABAGONDOZI', 2, 2, 2, 0, 0, 0),
(4644, 'KAGEYO', 2, 2, 2, 0, 0, 0),
(4645, 'MUKABUYE', 2, 2, 2, 0, 0, 0),
(4646, 'NYAKILENDA', 2, 2, 2, 0, 0, 0),
(4647, 'KUMBANGA', 2, 2, 2, 0, 0, 0),
(4648, 'KUMHASHA', 2, 2, 2, 0, 0, 0),
(4649, 'NYAVYUMBU', 2, 2, 2, 0, 0, 0),
(4650, 'KASAKA', 2, 2, 2, 0, 0, 0),
(4651, 'KUMKUYU', 2, 2, 2, 0, 0, 0),
(4652, 'MGAZIMMOJA', 2, 2, 2, 0, 0, 0),
(4653, 'NYARUYOBA ''A''', 2, 2, 2, 0, 0, 0),
(4654, 'NYARUYOBA ''B''', 2, 2, 2, 0, 0, 0),
(4655, 'KICHANANGA', 2, 2, 2, 0, 0, 0),
(4656, 'KIGAGA', 2, 2, 2, 0, 0, 0),
(4657, 'KIGINA', 2, 2, 2, 0, 0, 0),
(4658, 'LUKAYA', 2, 2, 2, 0, 0, 0),
(4659, 'MAGARAMA', 2, 2, 2, 0, 0, 0),
(4660, 'RUGONGWE', 2, 2, 2, 0, 0, 0),
(4661, 'KAHAMA', 2, 2, 2, 0, 0, 0),
(4662, 'KIBINGO', 2, 2, 2, 0, 0, 0),
(4663, 'MALOREGWA', 2, 2, 2, 0, 0, 0),
(4664, 'RUBIRIZI', 2, 2, 2, 0, 0, 0),
(4665, 'RUSOHOKO', 2, 2, 2, 0, 0, 0),
(4666, 'BITALE', 2, 2, 2, 0, 0, 0),
(4667, 'BITALE MAALUM', 2, 2, 2, 0, 0, 0),
(4668, 'BUBANGO', 2, 2, 2, 0, 0, 0),
(4669, 'BWERU', 2, 2, 2, 0, 0, 0),
(4670, 'GWAMANGA', 2, 2, 2, 0, 0, 0),
(4671, 'KARUME', 2, 2, 2, 0, 0, 0),
(4672, 'KIZENGA', 2, 2, 2, 0, 0, 0),
(4673, 'MTARA', 2, 2, 2, 0, 0, 0),
(4674, 'MUNGONYA', 2, 2, 2, 0, 0, 0),
(4675, 'NYERERE', 2, 2, 2, 0, 0, 0),
(4676, 'KAGINA', 2, 2, 2, 0, 0, 0),
(4677, 'KAGONGO', 2, 2, 2, 0, 0, 0),
(4678, 'KILEMBELA', 2, 2, 2, 0, 0, 0),
(4679, 'KISITWE', 2, 2, 2, 0, 0, 0),
(4680, 'MGARAGANZA', 2, 2, 2, 0, 0, 0),
(4681, 'MLATI', 2, 2, 2, 0, 0, 0),
(4682, 'KAGUNGA', 2, 2, 2, 0, 0, 0),
(4683, 'MAKOMBE', 2, 2, 2, 0, 0, 0),
(4684, 'MISEMELE', 2, 2, 2, 0, 0, 0),
(4685, 'NGONYA', 2, 2, 2, 0, 0, 0),
(4686, 'NYAMIRAMBO', 2, 2, 2, 0, 0, 0),
(4687, 'ZASHE', 2, 2, 2, 0, 0, 0),
(4688, 'AMANI', 2, 2, 2, 0, 0, 0),
(4689, 'BUGUGO', 2, 2, 2, 0, 0, 0),
(4690, 'GOMBE', 2, 2, 2, 0, 0, 0),
(4691, 'KALINZI', 2, 2, 2, 0, 0, 0),
(4692, 'KISOZI', 2, 2, 2, 0, 0, 0),
(4693, 'KIYENGA', 2, 2, 2, 0, 0, 0),
(4694, 'MATYAZO', 2, 2, 2, 0, 0, 0),
(4695, 'MGEGE', 2, 2, 2, 0, 0, 0),
(4696, 'MGOGO', 2, 2, 2, 0, 0, 0),
(4697, 'MKABOGO', 2, 2, 2, 0, 0, 0),
(4698, 'MSHENYI', 2, 2, 2, 0, 0, 0),
(4699, 'MSHIKAMANO', 2, 2, 2, 0, 0, 0),
(4700, 'RUSIMBI', 2, 2, 2, 0, 0, 0),
(4701, 'JUHUDI', 2, 2, 2, 0, 0, 0),
(4702, 'KASABA', 2, 2, 2, 0, 0, 0),
(4703, 'KIDAHWE', 2, 2, 2, 0, 0, 0),
(4704, 'SAMWA', 2, 2, 2, 0, 0, 0),
(4705, 'BUGUMBA', 2, 2, 2, 0, 0, 0),
(4706, 'CHANKABWIMBA', 2, 2, 2, 0, 0, 0),
(4707, 'KABANGA', 2, 2, 2, 0, 0, 0),
(4708, 'MAHEMBE', 2, 2, 2, 0, 0, 0),
(4709, 'SAMILO', 2, 2, 2, 0, 0, 0),
(4710, 'KILIMANI', 2, 2, 2, 0, 0, 0),
(4711, 'MATENDO', 2, 2, 2, 0, 0, 0),
(4712, 'MAYANGE', 2, 2, 2, 0, 0, 0),
(4713, 'PAMILA', 2, 2, 2, 0, 0, 0),
(4714, 'KILEMBA', 2, 2, 2, 0, 0, 0),
(4715, 'MKIGO', 2, 2, 2, 0, 0, 0),
(4716, 'NYAKAYAGA', 2, 2, 2, 0, 0, 0),
(4717, 'RUGOMELO', 2, 2, 2, 0, 0, 0),
(4718, 'CHANKELE', 2, 2, 2, 0, 0, 0),
(4719, 'MATUMAINI', 2, 2, 2, 0, 0, 0),
(4720, 'MKAPA', 2, 2, 2, 0, 0, 0),
(4721, 'MKONGORO', 2, 2, 2, 0, 0, 0),
(4722, 'MLAMA', 2, 2, 2, 0, 0, 0),
(4723, 'NYAMUHOZA', 2, 2, 2, 0, 0, 0),
(4724, 'NYETE', 2, 2, 2, 0, 0, 0),
(4725, 'UKOMBOZI', 2, 2, 2, 0, 0, 0),
(4726, 'ALPHA ENGLISH MEDIUM', 2, 2, 2, 0, 0, 0),
(4727, 'BRIGHT STAR', 2, 2, 2, 0, 0, 0),
(4728, 'KAMARA', 2, 2, 2, 0, 0, 0),
(4729, 'KASAKA', 2, 2, 2, 0, 0, 0),
(4730, 'MSIMBA', 2, 2, 2, 0, 0, 0),
(4731, 'NDAMEZE ENGLISH MEDIUM', 2, 2, 2, 0, 0, 0),
(4732, 'NYANGWE', 2, 2, 2, 0, 0, 0),
(4733, 'SOKOINE', 2, 2, 2, 0, 0, 0),
(4734, 'BUGAMBA', 2, 2, 2, 0, 0, 0),
(4735, 'BUMBA', 2, 2, 2, 0, 0, 0),
(4736, 'KIRASA', 2, 2, 2, 0, 0, 0),
(4737, 'KIZIBA', 2, 2, 2, 0, 0, 0),
(4738, 'LEGEZA', 2, 2, 2, 0, 0, 0),
(4739, 'MWAMGONGO', 2, 2, 2, 0, 0, 0),
(4740, 'MWITANGA', 2, 2, 2, 0, 0, 0),
(4741, 'NYABUSHO', 2, 2, 2, 0, 0, 0),
(4742, 'BIGABIRO', 2, 2, 2, 0, 0, 0),
(4743, 'KIGANZA', 2, 2, 2, 0, 0, 0),
(4744, 'MWANDIGA', 2, 2, 2, 0, 0, 0),
(4745, 'NKEMA', 2, 2, 2, 0, 0, 0),
(4746, 'NYABIGINA', 2, 2, 2, 0, 0, 0),
(4747, 'NYAMPEMBA', 2, 2, 2, 0, 0, 0),
(4748, 'RUHOBE', 2, 2, 2, 0, 0, 0),
(4749, 'BIGERE', 2, 2, 2, 0, 0, 0),
(4750, 'KWITANGA', 2, 2, 2, 0, 0, 0),
(4751, 'MLIMANI', 2, 2, 2, 0, 0, 0),
(4752, 'NKUNGWE', 2, 2, 2, 0, 0, 0),
(4753, 'NYANGOVA', 2, 2, 2, 0, 0, 0),
(4754, 'KASANGE', 2, 2, 2, 0, 0, 0),
(4755, 'KITELAMA', 2, 2, 2, 0, 0, 0),
(4756, 'NYAMAGANA', 2, 2, 2, 0, 0, 0),
(4757, 'NYARUBANDA', 2, 2, 2, 0, 0, 0),
(4758, 'RUSHA', 2, 2, 2, 0, 0, 0),
(4759, 'BONDO', 2, 2, 2, 0, 0, 0),
(4760, 'BULOMBORA', 2, 2, 2, 0, 0, 0),
(4761, 'KANGONA', 2, 2, 2, 0, 0, 0),
(4762, 'KASEKE', 2, 2, 2, 0, 0, 0),
(4763, 'KASUKU', 2, 2, 2, 0, 0, 0),
(4764, 'KIMBWELA', 2, 2, 2, 0, 0, 0),
(4765, 'LUICHE', 2, 2, 2, 0, 0, 0),
(4766, 'MUHAMANI', 2, 2, 2, 0, 0, 0),
(4767, 'MWAMKO', 2, 2, 2, 0, 0, 0),
(4768, 'NYAMOLI', 2, 2, 2, 0, 0, 0),
(4769, 'SIMBO', 2, 2, 2, 0, 0, 0),
(4770, 'KALALANGABO', 2, 2, 2, 0, 0, 0),
(4771, 'KIGALYE', 2, 2, 2, 0, 0, 0),
(4772, 'MARA', 2, 2, 2, 0, 0, 0),
(4773, 'MTANGA', 2, 2, 2, 0, 0, 0),
(4774, 'NYANTOLE', 2, 2, 2, 0, 0, 0),
(4775, 'BANGWE', 2, 2, 2, 0, 0, 0),
(4776, 'BENJAMINI MKAPA', 2, 2, 2, 0, 0, 0),
(4777, 'HOPE OF THE NATION', 2, 2, 2, 0, 0, 0),
(4778, 'MWASENGA', 2, 2, 2, 0, 0, 0),
(4779, 'BUSINDE', 2, 2, 2, 0, 0, 0),
(4780, 'BUREGA', 2, 2, 2, 0, 0, 0),
(4781, 'BUZEBAZEBA', 2, 2, 2, 0, 0, 0),
(4782, 'MNARANI', 2, 2, 2, 0, 0, 0),
(4783, 'SHABBIR', 2, 2, 2, 0, 0, 0),
(4784, 'GUNGU', 2, 2, 2, 0, 0, 0),
(4785, 'KABINGO', 2, 2, 2, 0, 0, 0),
(4786, 'KIKUNGU', 2, 2, 2, 0, 0, 0),
(4787, 'MLOLE', 2, 2, 2, 0, 0, 0),
(4788, 'KAGERA', 2, 2, 2, 0, 0, 0),
(4789, 'MGUMILE', 2, 2, 2, 0, 0, 0),
(4790, 'AZIMIO', 2, 2, 2, 0, 0, 0),
(4791, 'KARUTA', 2, 2, 2, 0, 0, 0),
(4792, 'LIVINGSTONE', 2, 2, 2, 0, 0, 0),
(4793, 'MBANO', 2, 2, 2, 0, 0, 0),
(4794, 'AIRPORT', 2, 2, 2, 0, 0, 0),
(4795, 'MAJENGO', 2, 2, 2, 0, 0, 0),
(4796, 'BURONGE', 2, 2, 2, 0, 0, 0),
(4797, 'BUSHABANI', 2, 2, 2, 0, 0, 0),
(4798, 'BUTUNGA', 2, 2, 2, 0, 0, 0),
(4799, 'KAHABWA', 2, 2, 2, 0, 0, 0),
(4800, 'KIBIRIZI', 2, 2, 2, 0, 0, 0),
(4801, 'KIHEBA', 2, 2, 2, 0, 0, 0),
(4802, 'KAMBARAGE', 2, 2, 2, 0, 0, 0),
(4803, 'KIEZYA', 2, 2, 2, 0, 0, 0),
(4804, 'KIGOMA', 2, 2, 2, 0, 0, 0),
(4805, 'LAKE TANGANYIKA', 2, 2, 2, 0, 0, 0),
(4806, 'MJIMWEMA', 2, 2, 2, 0, 0, 0),
(4807, 'RUTALE', 2, 2, 2, 0, 0, 0),
(4808, 'UJIJI', 2, 2, 2, 0, 0, 0),
(4809, 'KITONGONI', 2, 2, 2, 0, 0, 0),
(4810, 'KICHANGACHUI', 2, 2, 2, 0, 0, 0),
(4811, 'MSINGENI', 2, 2, 2, 0, 0, 0),
(4812, 'MAMBO', 2, 2, 2, 0, 0, 0),
(4813, 'KATUBUKA', 2, 2, 2, 0, 0, 0),
(4814, 'MWANGA', 2, 2, 2, 0, 0, 0),
(4815, 'MWENGE', 2, 2, 2, 0, 0, 0),
(4816, 'C.S.C DE KIGOMA', 2, 2, 2, 0, 0, 0),
(4817, 'CARMEL CONVENT', 2, 2, 2, 0, 0, 0),
(4818, 'KILIMAHEWA', 2, 2, 2, 0, 0, 0),
(4819, 'MUUNGANO', 2, 2, 2, 0, 0, 0),
(4820, 'UHURU', 2, 2, 2, 0, 0, 0),
(4821, 'RAUF ISLAMIC', 2, 2, 2, 0, 0, 0),
(4822, 'RUBUGA', 2, 2, 2, 0, 0, 0),
(4823, 'KIPAMPA', 2, 2, 2, 0, 0, 0),
(4824, 'RUSIMBI', 2, 2, 2, 0, 0, 0),
(4825, 'BASANZA', 2, 2, 2, 0, 0, 0),
(4826, 'MSEBEI', 2, 2, 2, 0, 0, 0),
(4827, 'NYAMGENI', 2, 2, 2, 0, 0, 0),
(4828, 'SUNZU', 2, 2, 2, 0, 0, 0),
(4829, 'BUHINGU', 2, 2, 2, 0, 0, 0),
(4830, 'KALILANI', 2, 2, 2, 0, 0, 0),
(4831, 'KATUMBI', 2, 2, 2, 0, 0, 0),
(4832, 'MGAMBO', 2, 2, 2, 0, 0, 0),
(4833, 'NKONKWA', 2, 2, 2, 0, 0, 0),
(4834, 'VILONGWA', 2, 2, 2, 0, 0, 0),
(4835, 'HEREMBE', 2, 2, 2, 0, 0, 0),
(4836, 'KAPALAMSENGA', 2, 2, 2, 0, 0, 0),
(4837, 'KAPEMBE', 2, 2, 2, 0, 0, 0),
(4838, 'IGALULA', 2, 2, 2, 0, 0, 0),
(4839, 'IKUBURU', 2, 2, 2, 0, 0, 0),
(4840, 'KANYASE', 2, 2, 2, 0, 0, 0),
(4841, 'LAGOSA', 2, 2, 2, 0, 0, 0),
(4842, 'LUBALISI', 2, 2, 2, 0, 0, 0),
(4843, 'MGAMBAZI', 2, 2, 2, 0, 0, 0),
(4844, 'MPAMPA', 2, 2, 2, 0, 0, 0),
(4845, 'RUKOMA', 2, 2, 2, 0, 0, 0),
(4846, 'ILAGALA', 2, 2, 2, 0, 0, 0),
(4847, 'KABUYANGE', 2, 2, 2, 0, 0, 0),
(4848, 'KAJEJE A', 2, 2, 2, 0, 0, 0),
(4849, 'KAJEJE B', 2, 2, 2, 0, 0, 0),
(4850, 'MACHAZO', 2, 2, 2, 0, 0, 0),
(4851, 'MAHANGA', 2, 2, 2, 0, 0, 0),
(4852, 'MKANGA', 2, 2, 2, 0, 0, 0),
(4853, 'SAMBALA', 2, 2, 2, 0, 0, 0),
(4854, 'TANGANYIKA', 2, 2, 2, 0, 0, 0),
(4855, 'TUNDEGAMBAZI', 2, 2, 2, 0, 0, 0),
(4856, 'AIRPORT', 2, 2, 2, 0, 0, 0),
(4857, 'ITEBULA', 2, 2, 2, 0, 0, 0),
(4858, 'KAGURUKA', 2, 2, 2, 0, 0, 0),
(4859, 'LUGONGONI B', 2, 2, 2, 0, 0, 0),
(4860, 'MIEMBENI', 2, 2, 2, 0, 0, 0),
(4861, 'MUMBARA', 2, 2, 2, 0, 0, 0),
(4862, 'SABASABA', 2, 2, 2, 0, 0, 0),
(4863, 'SAGARA', 2, 2, 2, 0, 0, 0),
(4864, 'UMOJA', 2, 2, 2, 0, 0, 0),
(4865, 'KALYA', 2, 2, 2, 0, 0, 0),
(4866, 'KAMPISA', 2, 2, 2, 0, 0, 0),
(4867, 'KASHAGULU', 2, 2, 2, 0, 0, 0),
(4868, 'LUFUBU', 2, 2, 2, 0, 0, 0),
(4869, 'SIBWESA', 2, 2, 2, 0, 0, 0),
(4870, 'TAMBUSHA', 2, 2, 2, 0, 0, 0),
(4871, 'BULANGAMILA', 2, 2, 2, 0, 0, 0),
(4872, 'BWAWANI', 2, 2, 2, 0, 0, 0),
(4873, 'KALENGE', 2, 2, 2, 0, 0, 0),
(4874, 'KANDAGA', 2, 2, 2, 0, 0, 0),
(4875, 'KATARAGUZA', 2, 2, 2, 0, 0, 0),
(4876, 'MAJENGO', 2, 2, 2, 0, 0, 0),
(4877, 'MAPINDUZI', 2, 2, 2, 0, 0, 0),
(4878, 'MLELA', 2, 2, 2, 0, 0, 0),
(4879, 'NDEKA', 2, 2, 2, 0, 0, 0),
(4880, 'KAMCHELE', 2, 2, 2, 0, 0, 0),
(4881, 'KAZURAMIMBA', 2, 2, 2, 0, 0, 0),
(4882, 'KILIMAHEWA', 2, 2, 2, 0, 0, 0),
(4883, 'MAZUNGWE', 2, 2, 2, 0, 0, 0),
(4884, 'MWAMILA', 2, 2, 2, 0, 0, 0),
(4885, 'NYANGANGA', 2, 2, 2, 0, 0, 0),
(4886, 'RABA', 2, 2, 2, 0, 0, 0),
(4887, 'RUBONA', 2, 2, 2, 0, 0, 0),
(4888, 'TAMBUKARELI', 2, 2, 2, 0, 0, 0),
(4889, 'AZIMIO', 2, 2, 2, 0, 0, 0),
(4890, 'KAGWILA', 2, 2, 2, 0, 0, 0),
(4891, 'KASISI', 2, 2, 2, 0, 0, 0),
(4892, 'MALAGARASI', 2, 2, 2, 0, 0, 0),
(4893, 'MALAGARASI RELINI', 2, 2, 2, 0, 0, 0),
(4894, 'MGANZA', 2, 2, 2, 0, 0, 0),
(4895, 'MPETA', 2, 2, 2, 0, 0, 0),
(4896, 'CHAGU', 2, 2, 2, 0, 0, 0),
(4897, 'ILALANGURU', 2, 2, 2, 0, 0, 0),
(4898, 'MTEGOWANOTI', 2, 2, 2, 0, 0, 0),
(4899, 'MWANGAZA', 2, 2, 2, 0, 0, 0),
(4900, 'KABEBA', 2, 2, 2, 0, 0, 0),
(4901, 'KAMPANDE', 2, 2, 2, 0, 0, 0),
(4902, 'KAMUYOVU', 2, 2, 2, 0, 0, 0),
(4903, 'KATETE A', 2, 2, 2, 0, 0, 0),
(4904, 'KATETE B', 2, 2, 2, 0, 0, 0),
(4905, 'LUGONGO', 2, 2, 2, 0, 0, 0),
(4906, 'MUYOBOZI', 2, 2, 2, 0, 0, 0),
(4907, 'MWAKIZEGA', 2, 2, 2, 0, 0, 0),
(4908, 'BUZE', 2, 2, 2, 0, 0, 0),
(4909, 'CHEMICHEMI', 2, 2, 2, 0, 0, 0),
(4910, 'HUMULE', 2, 2, 2, 0, 0, 0),
(4911, 'LUGONGONI A', 2, 2, 2, 0, 0, 0),
(4912, 'MANDELA', 2, 2, 2, 0, 0, 0),
(4913, 'NGURUKA', 2, 2, 2, 0, 0, 0),
(4914, 'NYANGABO', 2, 2, 2, 0, 0, 0),
(4915, 'RELIMPYA', 2, 2, 2, 0, 0, 0),
(4916, 'KAHWIBILI', 2, 2, 2, 0, 0, 0),
(4917, 'KANGWENA', 2, 2, 2, 0, 0, 0),
(4918, 'SIGUNGA', 2, 2, 2, 0, 0, 0),
(4919, 'ANZARANI', 2, 2, 2, 0, 0, 0),
(4920, 'KAMIGUNGA', 2, 2, 2, 0, 0, 0),
(4921, 'KANYWANGILI', 2, 2, 2, 0, 0, 0),
(4922, 'KARAGO', 2, 2, 2, 0, 0, 0),
(4923, 'KIRANDO', 2, 2, 2, 0, 0, 0),
(4924, 'LYABUSENDE', 2, 2, 2, 0, 0, 0),
(4925, 'MAENDELEO', 2, 2, 2, 0, 0, 0),
(4926, 'MIKAMBA', 2, 2, 2, 0, 0, 0),
(4927, 'MKUYU', 2, 2, 2, 0, 0, 0),
(4928, 'MSIHEZI', 2, 2, 2, 0, 0, 0),
(4929, 'MSIMBAZI', 2, 2, 2, 0, 0, 0),
(4930, 'NYASIMBI', 2, 2, 2, 0, 0, 0),
(4931, 'RULINGA', 2, 2, 2, 0, 0, 0),
(4932, 'SONGAMBELE', 2, 2, 2, 0, 0, 0),
(4933, 'SUNUKA', 2, 2, 2, 0, 0, 0),
(4934, 'UPENDO', 2, 2, 2, 0, 0, 0),
(4935, 'CHAKULU', 2, 2, 2, 0, 0, 0),
(4936, 'DE PAUL', 2, 2, 2, 0, 0, 0),
(4937, 'KACHILINGULU', 2, 2, 2, 0, 0, 0),
(4938, 'LUGUFU', 2, 2, 2, 0, 0, 0),
(4939, 'LULENGELULE', 2, 2, 2, 0, 0, 0),
(4940, 'MUUNGANO', 2, 2, 2, 0, 0, 0),
(4941, 'NYAMBUTWE', 2, 2, 2, 0, 0, 0),
(4942, 'UVINZA', 2, 2, 2, 0, 0, 0),
(4943, 'UVINZA MAALUM', 2, 2, 2, 0, 0, 0),
(4944, 'AIM HAI', 2, 2, 2, 0, 0, 0),
(4945, 'BOMANI', 2, 2, 2, 0, 0, 0),
(4946, 'DHAHIRI', 2, 2, 2, 0, 0, 0),
(4947, 'ELERAI', 2, 2, 2, 0, 0, 0),
(4948, 'GEZAULOLE', 2, 2, 2, 0, 0, 0),
(4949, 'GOODHOPE', 2, 2, 2, 0, 0, 0),
(4950, 'HAI', 2, 2, 2, 0, 0, 0),
(4951, 'KAMBI YA RAHA', 2, 2, 2, 0, 0, 0),
(4952, 'KAO LA AMANI', 2, 2, 2, 0, 0, 0),
(4953, 'KENGEREKA', 2, 2, 2, 0, 0, 0),
(4954, 'KIBAONI', 2, 2, 2, 0, 0, 0),
(4955, 'LERAI', 2, 2, 2, 0, 0, 0),
(4956, 'MLIMA SHABAHA', 2, 2, 2, 0, 0, 0),
(4957, 'MOUNT SINAI', 2, 2, 2, 0, 0, 0),
(4958, 'SAFINA', 2, 2, 2, 0, 0, 0),
(4959, 'SHILELA', 2, 2, 2, 0, 0, 0),
(4960, 'ST. DORCAS', 2, 2, 2, 0, 0, 0),
(4961, 'ST. FRANCIS WA ASISI', 2, 2, 2, 0, 0, 0),
(4962, 'TRINITY', 2, 2, 2, 0, 0, 0),
(4963, 'UHURU', 2, 2, 2, 0, 0, 0),
(4964, 'AL-HIJRA ISLAMIC', 2, 2, 2, 0, 0, 0),
(4965, 'ASUMPTA', 2, 2, 2, 0, 0, 0),
(4966, 'KIA', 2, 2, 2, 0, 0, 0),
(4967, 'KISHAPUY', 2, 2, 2, 0, 0, 0),
(4968, 'MTAKUJA', 2, 2, 2, 0, 0, 0),
(4969, 'O''BRIEN MAASAI', 2, 2, 2, 0, 0, 0),
(4970, 'SANYA STATION', 2, 2, 2, 0, 0, 0),
(4971, 'SEMINDU', 2, 2, 2, 0, 0, 0),
(4972, 'TINDIGANI MASAMA', 2, 2, 2, 0, 0, 0),
(4973, 'KISOLOLI', 2, 2, 2, 0, 0, 0),
(4974, 'KUSIRYE - U', 2, 2, 2, 0, 0, 0),
(4975, 'LAMBO ESTATE', 2, 2, 2, 0, 0, 0),
(4976, 'LAMBO EXTENDED', 2, 2, 2, 0, 0, 0),
(4977, 'MACHAME', 2, 2, 2, 0, 0, 0),
(4978, 'NKORAYA', 2, 2, 2, 0, 0, 0),
(4979, 'NKWAMWASI', 2, 2, 2, 0, 0, 0),
(4980, 'NKWAMWATU', 2, 2, 2, 0, 0, 0),
(4981, 'NKWARUNGO', 2, 2, 2, 0, 0, 0),
(4982, 'NKWASANGARE', 2, 2, 2, 0, 0, 0),
(4983, 'NKWAWANGYA', 2, 2, 2, 0, 0, 0),
(4984, 'NKWESEKO', 2, 2, 2, 0, 0, 0),
(4985, 'NSHARA UFUNDI', 2, 2, 2, 0, 0, 0),
(4986, 'UDURU', 2, 2, 2, 0, 0, 0),
(4987, 'KIMASHUKU', 2, 2, 2, 0, 0, 0),
(4988, 'MAILISITA', 2, 2, 2, 0, 0, 0),
(4989, 'MBATAKERO', 2, 2, 2, 0, 0, 0),
(4990, 'MGUNGANI', 2, 2, 2, 0, 0, 0),
(4991, 'NJORO', 2, 2, 2, 0, 0, 0),
(4992, 'RAFIKI FOUNDATION', 2, 2, 2, 0, 0, 0),
(4993, 'SHIRIMATUNDA', 2, 2, 2, 0, 0, 0),
(4994, 'STELLA MARIS', 2, 2, 2, 0, 0, 0),
(4995, 'WERUWERU', 2, 2, 2, 0, 0, 0),
(4996, 'KYEERI', 2, 2, 2, 0, 0, 0),
(4997, 'NALUTI', 2, 2, 2, 0, 0, 0),
(4998, 'NKWANARA', 2, 2, 2, 0, 0, 0),
(4999, 'NRONGA', 2, 2, 2, 0, 0, 0),
(5000, 'ARIZONA', 2, 2, 2, 0, 0, 0),
(5001, 'KILANYA', 2, 2, 2, 0, 0, 0),
(5002, 'KIMBUSHI', 2, 2, 2, 0, 0, 0),
(5003, 'KISERENI', 2, 2, 2, 0, 0, 0),
(5004, 'LYAMUNGO ARI', 2, 2, 2, 0, 0, 0),
(5005, 'LYAMUNGO SINDE', 2, 2, 2, 0, 0, 0),
(5006, 'MAKERESHO', 2, 2, 2, 0, 0, 0),
(5007, 'MWOWE', 2, 2, 2, 0, 0, 0),
(5008, 'NKUU', 2, 2, 2, 0, 0, 0),
(5009, 'NKWESHOO', 2, 2, 2, 0, 0, 0),
(5010, 'SERE UFUNDI', 2, 2, 2, 0, 0, 0),
(5011, 'WARAMU', 2, 2, 2, 0, 0, 0),
(5012, 'MULAMA', 2, 2, 2, 0, 0, 0),
(5013, 'NARUMU', 2, 2, 2, 0, 0, 0),
(5014, 'NARUMU TELA', 2, 2, 2, 0, 0, 0),
(5015, 'ORORI', 2, 2, 2, 0, 0, 0),
(5016, 'ULALI', 2, 2, 2, 0, 0, 0),
(5017, 'USARI', 2, 2, 2, 0, 0, 0),
(5018, 'KISELU', 2, 2, 2, 0, 0, 0),
(5019, 'NKWASARINGE', 2, 2, 2, 0, 0, 0),
(5020, 'SHARI', 2, 2, 2, 0, 0, 0),
(5021, 'UFUMBO', 2, 2, 2, 0, 0, 0),
(5022, 'UMATI', 2, 2, 2, 0, 0, 0),
(5023, 'USWAA', 2, 2, 2, 0, 0, 0),
(5024, 'LEMIRA', 2, 2, 2, 0, 0, 0),
(5025, 'MAFETO', 2, 2, 2, 0, 0, 0),
(5026, 'MARTIN RUSSEL', 2, 2, 2, 0, 0, 0),
(5027, 'MBOSHO', 2, 2, 2, 0, 0, 0),
(5028, 'MROMA', 2, 2, 2, 0, 0, 0),
(5029, 'NG''UNI', 2, 2, 2, 0, 0, 0),
(5030, 'NURE', 2, 2, 2, 0, 0, 0),
(5031, 'BOMANG''OMBE', 2, 2, 2, 0, 0, 0),
(5032, 'IQRA SENTAH', 2, 2, 2, 0, 0, 0),
(5033, 'KWARE', 2, 2, 2, 0, 0, 0),
(5034, 'MSAMADI', 2, 2, 2, 0, 0, 0),
(5035, 'MUNGUSHI', 2, 2, 2, 0, 0, 0),
(5036, 'NKWAMAKUU', 2, 2, 2, 0, 0, 0),
(5037, 'BONDENI', 2, 2, 2, 0, 0, 0),
(5038, 'KYUU', 2, 2, 2, 0, 0, 0),
(5039, 'LUKANI', 2, 2, 2, 0, 0, 0),
(5040, 'NKWANSIRA', 2, 2, 2, 0, 0, 0),
(5041, 'NSONGORO', 2, 2, 2, 0, 0, 0),
(5042, 'SUFI', 2, 2, 2, 0, 0, 0),
(5043, 'KYARASA', 2, 2, 2, 0, 0, 0),
(5044, 'MARIRE', 2, 2, 2, 0, 0, 0),
(5045, 'MASAMA ENG. MEDIUM', 2, 2, 2, 0, 0, 0),
(5046, 'MASAMA TEMA', 2, 2, 2, 0, 0, 0),
(5047, 'MBWEERA', 2, 2, 2, 0, 0, 0),
(5048, 'MIASENI', 2, 2, 2, 0, 0, 0),
(5049, 'NGIRA', 2, 2, 2, 0, 0, 0),
(5050, 'NKWAKININI', 2, 2, 2, 0, 0, 0),
(5051, 'SAWE SAMANGA', 2, 2, 2, 0, 0, 0),
(5052, 'KIBOHEHE', 2, 2, 2, 0, 0, 0),
(5053, 'KISHARE', 2, 2, 2, 0, 0, 0),
(5054, 'KITIFU', 2, 2, 2, 0, 0, 0),
(5055, 'MUDIO', 2, 2, 2, 0, 0, 0),
(5056, 'MUDIO ISLAMIC', 2, 2, 2, 0, 0, 0),
(5057, 'MWEEKI', 2, 2, 2, 0, 0, 0),
(5058, 'NKOKASHU', 2, 2, 2, 0, 0, 0),
(5059, 'ROO', 2, 2, 2, 0, 0, 0),
(5060, 'TOLU', 2, 2, 2, 0, 0, 0),
(5061, 'CHEKERENI', 2, 2, 2, 0, 0, 0),
(5062, 'CHEMKA', 2, 2, 2, 0, 0, 0),
(5063, 'KAWAYA KATI', 2, 2, 2, 0, 0, 0),
(5064, 'MKALAMA', 2, 2, 2, 0, 0, 0),
(5065, 'ORKUNG''UU', 2, 2, 2, 0, 0, 0),
(5066, 'RUNDUGAI', 2, 2, 2, 0, 0, 0),
(5067, 'KIKAVU CHINI', 2, 2, 2, 0, 0, 0),
(5068, 'MIJONGWENI', 2, 2, 2, 0, 0, 0),
(5069, 'NGOSERO', 2, 2, 2, 0, 0, 0),
(5070, 'NGUZONNE', 2, 2, 2, 0, 0, 0),
(5071, 'ARUSHA CHINI', 2, 2, 2, 0, 0, 0),
(5072, 'CHEMCHEM', 2, 2, 2, 0, 0, 0),
(5073, 'DR. OMAR', 2, 2, 2, 0, 0, 0),
(5074, 'KATANINI', 2, 2, 2, 0, 0, 0),
(5075, 'KIYUNGI', 2, 2, 2, 0, 0, 0),
(5076, 'KIYUNGI MPYA', 2, 2, 2, 0, 0, 0),
(5077, 'LANGASANI', 2, 2, 2, 0, 0, 0),
(5078, 'MIKOCHENI', 2, 2, 2, 0, 0, 0),
(5079, 'RONGA', 2, 2, 2, 0, 0, 0),
(5080, 'KAHE', 2, 2, 2, 0, 0, 0),
(5081, 'KISANGESANGENI', 2, 2, 2, 0, 0, 0),
(5082, 'KWAGINJA', 2, 2, 2, 0, 0, 0),
(5083, 'MAENDELEO', 2, 2, 2, 0, 0, 0),
(5084, 'MAWALA', 2, 2, 2, 0, 0, 0),
(5085, 'MWANGARIA', 2, 2, 2, 0, 0, 0),
(5086, 'ORIA', 2, 2, 2, 0, 0, 0),
(5087, 'RAURIVER', 2, 2, 2, 0, 0, 0),
(5088, 'GHONA', 2, 2, 2, 0, 0, 0),
(5089, 'KITERINI', 2, 2, 2, 0, 0, 0),
(5090, 'KOCHAKINDO', 2, 2, 2, 0, 0, 0),
(5091, 'KYOMU', 2, 2, 2, 0, 0, 0),
(5092, 'MABIRANGA', 2, 2, 2, 0, 0, 0),
(5093, 'MAJENGO', 2, 2, 2, 0, 0, 0),
(5094, 'SOKO', 2, 2, 2, 0, 0, 0),
(5095, 'MASESEWENI', 2, 2, 2, 0, 0, 0),
(5096, 'NGOROSHI', 2, 2, 2, 0, 0, 0),
(5097, 'NKOSANGANA', 2, 2, 2, 0, 0, 0),
(5098, 'OTARUNI', 2, 2, 2, 0, 0, 0),
(5099, 'SAA', 2, 2, 2, 0, 0, 0),
(5100, 'UCHAU', 2, 2, 2, 0, 0, 0),
(5101, 'URI', 2, 2, 2, 0, 0, 0),
(5102, 'BORO', 2, 2, 2, 0, 0, 0),
(5103, 'KIDACHINI', 2, 2, 2, 0, 0, 0),
(5104, 'KIRIMA JUU', 2, 2, 2, 0, 0, 0),
(5105, 'MASOKA', 2, 2, 2, 0, 0, 0),
(5106, 'NGIRINI', 2, 2, 2, 0, 0, 0),
(5107, 'SINGABORA', 2, 2, 2, 0, 0, 0),
(5108, 'USAGARA', 2, 2, 2, 0, 0, 0),
(5109, 'JUHUDI', 2, 2, 2, 0, 0, 0),
(5110, 'KIFUNI', 2, 2, 2, 0, 0, 0),
(5111, 'KIWEI', 2, 2, 2, 0, 0, 0),
(5112, 'KOMBO', 2, 2, 2, 0, 0, 0),
(5113, 'MANUSHI CHINI', 2, 2, 2, 0, 0, 0),
(5114, 'MANUSHI JUU', 2, 2, 2, 0, 0, 0),
(5115, 'MARAWA', 2, 2, 2, 0, 0, 0),
(5116, 'MKOMONGO', 2, 2, 2, 0, 0, 0),
(5117, 'MSHIONI', 2, 2, 2, 0, 0, 0),
(5118, 'ONANA', 2, 2, 2, 0, 0, 0),
(5119, 'TUMAINI', 2, 2, 2, 0, 0, 0),
(5120, 'UMBWE', 2, 2, 2, 0, 0, 0),
(5121, 'WERENI', 2, 2, 2, 0, 0, 0),
(5122, 'KIBOSHO', 2, 2, 2, 0, 0, 0),
(5123, 'MAPINDUZI', 2, 2, 2, 0, 0, 0),
(5124, 'MBORENI', 2, 2, 2, 0, 0, 0),
(5125, 'MSINGA', 2, 2, 2, 0, 0, 0),
(5126, 'MWEKA', 2, 2, 2, 0, 0, 0),
(5127, 'OMI', 2, 2, 2, 0, 0, 0),
(5128, 'SINGA CHINI', 2, 2, 2, 0, 0, 0),
(5129, 'ST. URSULA', 2, 2, 2, 0, 0, 0),
(5130, 'SUNGU', 2, 2, 2, 0, 0, 0),
(5131, 'MANGO', 2, 2, 2, 0, 0, 0),
(5132, 'MATUNYA', 2, 2, 2, 0, 0, 0),
(5133, 'MKOMBOLE', 2, 2, 2, 0, 0, 0),
(5134, 'NKOMILO', 2, 2, 2, 0, 0, 0),
(5135, 'NKONYAKU', 2, 2, 2, 0, 0, 0),
(5136, 'OKAONI', 2, 2, 2, 0, 0, 0),
(5137, 'SISAMARO', 2, 2, 2, 0, 0, 0),
(5138, 'KILAI', 2, 2, 2, 0, 0, 0),
(5139, 'KYOU', 2, 2, 2, 0, 0, 0),
(5140, 'MAKAMI CHINI', 2, 2, 2, 0, 0, 0),
(5141, 'MAKAMI JUU', 2, 2, 2, 0, 0, 0),
(5142, 'MAUA', 2, 2, 2, 0, 0, 0),
(5143, 'RUWA', 2, 2, 2, 0, 0, 0),
(5144, 'KICHILIONI', 2, 2, 2, 0, 0, 0),
(5145, 'KILEMA', 2, 2, 2, 0, 0, 0),
(5146, 'KISULUNI', 2, 2, 2, 0, 0, 0),
(5147, 'NKYASHI', 2, 2, 2, 0, 0, 0),
(5148, 'LEGHO', 2, 2, 2, 0, 0, 0),
(5149, 'MANDAKA MAZOEZI', 2, 2, 2, 0, 0, 0),
(5150, 'MULO', 2, 2, 2, 0, 0, 0),
(5151, 'NGANGU', 2, 2, 2, 0, 0, 0),
(5152, 'NJIAPANDA WALEMAVU', 2, 2, 2, 0, 0, 0),
(5153, 'ROYAL', 2, 2, 2, 0, 0, 0),
(5154, 'EBENEZER', 2, 2, 2, 0, 0, 0),
(5155, 'KISASENI', 2, 2, 2, 0, 0, 0),
(5156, 'KOMAKYA', 2, 2, 2, 0, 0, 0),
(5157, 'LYAKOMBILA', 2, 2, 2, 0, 0, 0),
(5158, 'MALILO', 2, 2, 2, 0, 0, 0),
(5159, 'MDAWI', 2, 2, 2, 0, 0, 0),
(5160, 'MOWO', 2, 2, 2, 0, 0, 0),
(5161, 'SANGO', 2, 2, 2, 0, 0, 0),
(5162, 'SHIA', 2, 2, 2, 0, 0, 0),
(5163, 'AMANI', 2, 2, 2, 0, 0, 0),
(5164, 'FOUNTAIN OF HOPE', 2, 2, 2, 0, 0, 0),
(5165, 'KINDI JUU', 2, 2, 2, 0, 0, 0),
(5166, 'KINDIKATI', 2, 2, 2, 0, 0, 0),
(5167, 'KISOWONI', 2, 2, 2, 0, 0, 0),
(5168, 'MARYBENET', 2, 2, 2, 0, 0, 0),
(5169, 'MSASANI', 2, 2, 2, 0, 0, 0),
(5170, 'MUYUNI', 2, 2, 2, 0, 0, 0),
(5171, 'SAMBARAI', 2, 2, 2, 0, 0, 0),
(5172, 'UMOJA', 2, 2, 2, 0, 0, 0),
(5173, 'AZIMIO', 2, 2, 2, 0, 0, 0),
(5174, 'KILINDINI', 2, 2, 2, 0, 0, 0),
(5175, 'MABUNGO', 2, 2, 2, 0, 0, 0),
(5176, 'MAKAA', 2, 2, 2, 0, 0, 0),
(5177, 'MANDANGENI', 2, 2, 2, 0, 0, 0),
(5178, 'MIWALENI', 2, 2, 2, 0, 0, 0),
(5179, 'NANGA', 2, 2, 2, 0, 0, 0),
(5180, 'PAPILIKI', 2, 2, 2, 0, 0, 0),
(5181, 'UCHIRA', 2, 2, 2, 0, 0, 0),
(5182, 'UCHIRA ISLAMIC', 2, 2, 2, 0, 0, 0),
(5183, 'UPARO', 2, 2, 2, 0, 0, 0),
(5184, 'YAMU', 2, 2, 2, 0, 0, 0),
(5185, 'IWA', 2, 2, 2, 0, 0, 0),
(5186, 'KANJI', 2, 2, 2, 0, 0, 0),
(5187, 'KEURA', 2, 2, 2, 0, 0, 0),
(5188, 'KOKIRA', 2, 2, 2, 0, 0, 0),
(5189, 'MAKUNDUSHI', 2, 2, 2, 0, 0, 0),
(5190, 'MANU', 2, 2, 2, 0, 0, 0),
(5191, 'MARUWA', 2, 2, 2, 0, 0, 0),
(5192, 'MASILA', 2, 2, 2, 0, 0, 0),
(5193, 'NDUONI', 2, 2, 2, 0, 0, 0),
(5194, 'LASSO', 2, 2, 2, 0, 0, 0),
(5195, 'MRUMENI', 2, 2, 2, 0, 0, 0),
(5196, 'MSUFINI', 2, 2, 2, 0, 0, 0),
(5197, 'MUE', 2, 2, 2, 0, 0, 0),
(5198, 'BENJAMINI', 2, 2, 2, 0, 0, 0),
(5199, 'CHEKERENI', 2, 2, 2, 0, 0, 0),
(5200, 'IMANI', 2, 2, 2, 0, 0, 0),
(5201, 'JAMES OLE', 2, 2, 2, 0, 0, 0),
(5202, 'MABOGINI', 2, 2, 2, 0, 0, 0),
(5203, 'MANGI SABAS', 2, 2, 2, 0, 0, 0),
(5204, 'MARIA MARGRETH', 2, 2, 2, 0, 0, 0),
(5205, 'MSEREKIA', 2, 2, 2, 0, 0, 0),
(5206, 'MTAKUJA', 2, 2, 2, 0, 0, 0),
(5207, 'MUUNGANO', 2, 2, 2, 0, 0, 0),
(5208, 'MVULENI', 2, 2, 2, 0, 0, 0),
(5209, 'MWAMKO', 2, 2, 2, 0, 0, 0),
(5210, 'NAZARENE', 2, 2, 2, 0, 0, 0),
(5211, 'ROSE', 2, 2, 2, 0, 0, 0),
(5212, 'SUMAYE', 2, 2, 2, 0, 0, 0),
(5213, 'TIMOTHY', 2, 2, 2, 0, 0, 0),
(5214, 'BETHEL', 2, 2, 2, 0, 0, 0),
(5215, 'HIMO', 2, 2, 2, 0, 0, 0),
(5216, 'KISIMANI', 2, 2, 2, 0, 0, 0),
(5217, 'KORONA', 2, 2, 2, 0, 0, 0),
(5218, 'LOTIMA', 2, 2, 2, 0, 0, 0),
(5219, 'MAKUYUNI', 2, 2, 2, 0, 0, 0),
(5220, 'MIERESINI', 2, 2, 2, 0, 0, 0),
(5221, 'SAGHANA', 2, 2, 2, 0, 0, 0),
(5222, 'SCOLASTICA', 2, 2, 2, 0, 0, 0),
(5223, 'KOKIRIE', 2, 2, 2, 0, 0, 0),
(5224, 'KOMAKUNDI', 2, 2, 2, 0, 0, 0),
(5225, 'KOTELA', 2, 2, 2, 0, 0, 0),
(5226, 'MAANDE', 2, 2, 2, 0, 0, 0),
(5227, 'MASIA MAMBA', 2, 2, 2, 0, 0, 0),
(5228, 'MBONI', 2, 2, 2, 0, 0, 0),
(5229, 'KIKORO', 2, 2, 2, 0, 0, 0),
(5230, 'KIMBOGHO', 2, 2, 2, 0, 0, 0),
(5231, 'LEKURA', 2, 2, 2, 0, 0, 0),
(5232, 'MKOLOWONY', 2, 2, 2, 0, 0, 0),
(5233, 'MRIENY', 2, 2, 2, 0, 0, 0),
(5234, 'MSEROE', 2, 2, 2, 0, 0, 0),
(5235, 'KILAREMO', 2, 2, 2, 0, 0, 0),
(5236, 'KIRARACHA', 2, 2, 2, 0, 0, 0),
(5237, 'KITOWO', 2, 2, 2, 0, 0, 0),
(5238, 'KIUNGUNI', 2, 2, 2, 0, 0, 0),
(5239, 'KOMALYANGOE', 2, 2, 2, 0, 0, 0),
(5240, 'KOMELA', 2, 2, 2, 0, 0, 0),
(5241, 'KYALA', 2, 2, 2, 0, 0, 0),
(5242, 'MAKOMU', 2, 2, 2, 0, 0, 0),
(5243, 'MBAHE', 2, 2, 2, 0, 0, 0),
(5244, 'NAPAKU', 2, 2, 2, 0, 0, 0),
(5245, 'NDUWENI', 2, 2, 2, 0, 0, 0),
(5246, 'NG''ARONI', 2, 2, 2, 0, 0, 0),
(5247, 'ANDREA', 2, 2, 2, 0, 0, 0),
(5248, 'ASHIRA', 2, 2, 2, 0, 0, 0),
(5249, 'KIREFURE', 2, 2, 2, 0, 0, 0),
(5250, 'LYASOMBORO', 2, 2, 2, 0, 0, 0),
(5251, 'MARANGU HILLS', 2, 2, 2, 0, 0, 0),
(5252, 'MARANGU MAZOEZI', 2, 2, 2, 0, 0, 0),
(5253, 'MASIA MARANGU', 2, 2, 2, 0, 0, 0),
(5254, 'MAUO', 2, 2, 2, 0, 0, 0),
(5255, 'MENGENI', 2, 2, 2, 0, 0, 0),
(5256, 'MROKORA', 2, 2, 2, 0, 0, 0),
(5257, 'MSHIRI', 2, 2, 2, 0, 0, 0),
(5258, 'PALANGENI', 2, 2, 2, 0, 0, 0),
(5259, 'RAUYA', 2, 2, 2, 0, 0, 0),
(5260, 'SAMANGA', 2, 2, 2, 0, 0, 0),
(5261, 'SEMBETI', 2, 2, 2, 0, 0, 0),
(5262, 'FOYENI', 2, 2, 2, 0, 0, 0),
(5263, 'FUKENI', 2, 2, 2, 0, 0, 0),
(5264, 'KIU', 2, 2, 2, 0, 0, 0),
(5265, 'KIWALAA', 2, 2, 2, 0, 0, 0),
(5266, 'MBOKOMU', 2, 2, 2, 0, 0, 0),
(5267, 'NEVILLE', 2, 2, 2, 0, 0, 0),
(5268, 'OLIMO', 2, 2, 2, 0, 0, 0),
(5269, 'KIRIMENI', 2, 2, 2, 0, 0, 0),
(5270, 'LOLE', 2, 2, 2, 0, 0, 0),
(5271, 'LYAKIRIMU', 2, 2, 2, 0, 0, 0),
(5272, 'MARERA', 2, 2, 2, 0, 0, 0),
(5273, 'MARIMENI', 2, 2, 2, 0, 0, 0),
(5274, 'MARINGA CHINI', 2, 2, 2, 0, 0, 0),
(5275, 'MARINGA JUU', 2, 2, 2, 0, 0, 0),
(5276, 'MONGAI', 2, 2, 2, 0, 0, 0),
(5277, 'MWIKA INTERGRATE', 2, 2, 2, 0, 0, 0),
(5278, 'NGANYENI', 2, 2, 2, 0, 0, 0),
(5279, 'UPENDO', 2, 2, 2, 0, 0, 0),
(5280, 'UUWO', 2, 2, 2, 0, 0, 0),
(5281, 'HOLLY CHILD HOOD', 2, 2, 2, 0, 0, 0),
(5282, 'KARORO', 2, 2, 2, 0, 0, 0),
(5283, 'KIROSHA', 2, 2, 2, 0, 0, 0),
(5284, 'KIRUWA', 2, 2, 2, 0, 0, 0),
(5285, 'KIRUWENI', 2, 2, 2, 0, 0, 0),
(5286, 'KONDENI', 2, 2, 2, 0, 0, 0),
(5287, 'MAKERERE', 2, 2, 2, 0, 0, 0),
(5288, 'MATALA', 2, 2, 2, 0, 0, 0),
(5289, 'MAWANDA', 2, 2, 2, 0, 0, 0),
(5290, 'MAWANJENI', 2, 2, 2, 0, 0, 0),
(5291, 'MAWENI', 2, 2, 2, 0, 0, 0),
(5292, 'MEERA', 2, 2, 2, 0, 0, 0),
(5293, 'MWIKA', 2, 2, 2, 0, 0, 0),
(5294, 'RIATA', 2, 2, 2, 0, 0, 0),
(5295, 'SHOKONY', 2, 2, 2, 0, 0, 0),
(5296, 'DR. SHEIN', 2, 2, 2, 0, 0, 0),
(5297, 'HIMO POFO', 2, 2, 2, 0, 0, 0),
(5298, 'KILOTOTONI', 2, 2, 2, 0, 0, 0),
(5299, 'NJIA PANDA', 2, 2, 2, 0, 0, 0),
(5300, 'PAUL ALBERT', 2, 2, 2, 0, 0, 0),
(5301, 'RONGOMA', 2, 2, 2, 0, 0, 0),
(5302, 'MAKUPA', 2, 2, 2, 0, 0, 0),
(5303, 'MARINGENI', 2, 2, 2, 0, 0, 0),
(5304, 'SANINGO', 2, 2, 2, 0, 0, 0),
(5305, 'TELLA', 2, 2, 2, 0, 0, 0),
(5306, 'FUMVUHU', 2, 2, 2, 0, 0, 0),
(5307, 'KIDIA', 2, 2, 2, 0, 0, 0),
(5308, 'MAHOMA', 2, 2, 2, 0, 0, 0),
(5309, 'MATEMBONI', 2, 2, 2, 0, 0, 0),
(5310, 'DENIS MORLEY', 2, 2, 2, 0, 0, 0),
(5311, 'FUMBUNI', 2, 2, 2, 0, 0, 0),
(5312, 'MRAWI', 2, 2, 2, 0, 0, 0),
(5313, 'MSARENI', 2, 2, 2, 0, 0, 0),
(5314, 'NGASINI', 2, 2, 2, 0, 0, 0),
(5315, 'NGUMENI', 2, 2, 2, 0, 0, 0),
(5316, 'ONGOMA', 2, 2, 2, 0, 0, 0),
(5317, 'URU', 2, 2, 2, 0, 0, 0),
(5318, 'CHOMBO', 2, 2, 2, 0, 0, 0),
(5319, 'KARIWA', 2, 2, 2, 0, 0, 0),
(5320, 'KIFUMBU', 2, 2, 2, 0, 0, 0),
(5321, 'KIMANGANUNI', 2, 2, 2, 0, 0, 0),
(5322, 'LONGUO', 2, 2, 2, 0, 0, 0),
(5323, 'MAWELA', 2, 2, 2, 0, 0, 0),
(5324, 'MRUPANGA', 2, 2, 2, 0, 0, 0),
(5325, 'OKASENI', 2, 2, 2, 0, 0, 0),
(5326, 'KIRUNDA', 2, 2, 2, 0, 0, 0),
(5327, 'KISHUMUNDU', 2, 2, 2, 0, 0, 0),
(5328, 'KYASENI', 2, 2, 2, 0, 0, 0),
(5329, 'MATERUNI', 2, 2, 2, 0, 0, 0),
(5330, 'MATOLI', 2, 2, 2, 0, 0, 0),
(5331, 'MNINI', 2, 2, 2, 0, 0, 0),
(5332, 'MRUWIA', 2, 2, 2, 0, 0, 0),
(5333, 'MWASI KASKAZINI', 2, 2, 2, 0, 0, 0),
(5334, 'MWASI KUSINI', 2, 2, 2, 0, 0, 0),
(5335, 'WONDO', 2, 2, 2, 0, 0, 0),
(5336, 'NGARUMA', 2, 2, 2, 0, 0, 0),
(5337, 'SHIMBWE CHINI', 2, 2, 2, 0, 0, 0),
(5338, 'SHIMBWE JUU', 2, 2, 2, 0, 0, 0),
(5339, 'SIA SHIMBWE', 2, 2, 2, 0, 0, 0),
(5340, 'AZIMIO', 2, 2, 2, 0, 0, 0),
(5341, 'MANDELA', 2, 2, 2, 0, 0, 0),
(5342, 'KIBO', 2, 2, 2, 0, 0, 0),
(5343, 'MWENGE', 2, 2, 2, 0, 0, 0),
(5344, 'ALHUDA', 2, 2, 2, 0, 0, 0),
(5345, 'KALOLENI', 2, 2, 2, 0, 0, 0),
(5346, 'MAGEREZA', 2, 2, 2, 0, 0, 0),
(5347, 'KIBORLONI', 2, 2, 2, 0, 0, 0),
(5348, 'MNAZI', 2, 2, 2, 0, 0, 0),
(5349, 'EDEN GARDEN', 2, 2, 2, 0, 0, 0),
(5350, 'J.K. NYERERE', 2, 2, 2, 0, 0, 0),
(5351, 'KILIMANJARO', 2, 2, 2, 0, 0, 0),
(5352, 'JAMHURI', 2, 2, 2, 0, 0, 0),
(5353, 'MUUNGANO', 2, 2, 2, 0, 0, 0),
(5354, 'KORONGONI', 2, 2, 2, 0, 0, 0),
(5355, 'MOSHI ACADEMY', 2, 2, 2, 0, 0, 0),
(5356, 'BRIDGE', 2, 2, 2, 0, 0, 0),
(5357, 'INTERNATIONAL SCHOOL MOSHI', 2, 2, 2, 0, 0, 0),
(5358, 'KEA', 2, 2, 2, 0, 0, 0),
(5359, 'SOKOINE', 2, 2, 2, 0, 0, 0),
(5360, 'MAJENGO', 2, 2, 2, 0, 0, 0),
(5361, 'SHAURIMOYO', 2, 2, 2, 0, 0, 0),
(5362, 'ST LOUIS', 2, 2, 2, 0, 0, 0),
(5363, 'MAWENZI', 2, 2, 2, 0, 0, 0),
(5364, 'UHURU', 2, 2, 2, 0, 0, 0),
(5365, 'MOSHI', 2, 2, 2, 0, 0, 0),
(5366, 'MWERENI', 2, 2, 2, 0, 0, 0),
(5367, 'MIEMBENI', 2, 2, 2, 0, 0, 0),
(5368, 'MJI MPYA', 2, 2, 2, 0, 0, 0),
(5369, 'SAMARIA', 2, 2, 2, 0, 0, 0),
(5370, 'LANGONI', 2, 2, 2, 0, 0, 0),
(5371, 'MSANDAKA', 2, 2, 2, 0, 0, 0),
(5372, 'MSANDAKA VIZIWI', 2, 2, 2, 0, 0, 0),
(5373, 'PATRICK', 2, 2, 2, 0, 0, 0),
(5374, 'ST ANNE', 2, 2, 2, 0, 0, 0),
(5375, 'MSARANGA', 2, 2, 2, 0, 0, 0),
(5376, 'CHEMCHEM', 2, 2, 2, 0, 0, 0),
(5377, 'NJORO', 2, 2, 2, 0, 0, 0),
(5378, 'F M FOUNDATION', 2, 2, 2, 0, 0, 0),
(5379, 'JITEGEMEE', 2, 2, 2, 0, 0, 0),
(5380, 'MOUNT KILIMANJARO', 2, 2, 2, 0, 0, 0),
(5381, 'MZALENDO', 2, 2, 2, 0, 0, 0),
(5382, 'PASUA', 2, 2, 2, 0, 0, 0),
(5383, 'RAU', 2, 2, 2, 0, 0, 0),
(5384, 'SHIRIMATUNDA', 2, 2, 2, 0, 0, 0),
(5385, 'KARANGA', 2, 2, 2, 0, 0, 0),
(5386, 'MOSHI AIRPORT', 2, 2, 2, 0, 0, 0),
(5387, 'SOWETO', 2, 2, 2, 0, 0, 0),
(5388, 'VALLEY VIEW', 2, 2, 2, 0, 0, 0),
(5389, 'CHOMVU', 2, 2, 2, 0, 0, 0),
(5390, 'KARAMBACHA', 2, 2, 2, 0, 0, 0),
(5391, 'MAKANDENI', 2, 2, 2, 0, 0, 0),
(5392, 'NDORWE', 2, 2, 2, 0, 0, 0),
(5393, 'USANGI', 2, 2, 2, 0, 0, 0),
(5394, 'BUTU', 2, 2, 2, 0, 0, 0),
(5395, 'JIPE', 2, 2, 2, 0, 0, 0),
(5396, 'KAMBI YA SIMBA', 2, 2, 2, 0, 0, 0),
(5397, 'FUMBUANGOMBE', 2, 2, 2, 0, 0, 0),
(5398, 'KIFULA', 2, 2, 2, 0, 0, 0),
(5399, 'KISANJUNI', 2, 2, 2, 0, 0, 0),
(5400, 'MASUMBENI', 2, 2, 2, 0, 0, 0),
(5401, 'MBORE', 2, 2, 2, 0, 0, 0),
(5402, 'RAA', 2, 2, 2, 0, 0, 0),
(5403, 'RANGAA', 2, 2, 2, 0, 0, 0),
(5404, 'KAMWALA', 2, 2, 2, 0, 0, 0),
(5405, 'KATOLA', 2, 2, 2, 0, 0, 0),
(5406, 'KAVAZUNGU', 2, 2, 2, 0, 0, 0),
(5407, 'KILAWENI', 2, 2, 2, 0, 0, 0),
(5408, 'KIRIKI', 2, 2, 2, 0, 0, 0),
(5409, 'KWAMSEMBEA', 2, 2, 2, 0, 0, 0),
(5410, 'KIGONIGONI', 2, 2, 2, 0, 0, 0),
(5411, 'KWAKIHINDI', 2, 2, 2, 0, 0, 0),
(5412, 'RURU', 2, 2, 2, 0, 0, 0),
(5413, 'KALIMANI', 2, 2, 2, 0, 0, 0),
(5414, 'KIFARU', 2, 2, 2, 0, 0, 0);

-- --------------------------------------------------------

--
-- Table structure for table `ward`
--

CREATE TABLE `ward` (
  `id` int(11) NOT NULL,
  `name` varchar(255) NOT NULL,
  `council_id` int(11) NOT NULL,
  `status` int(11) NOT NULL DEFAULT '1'
) ENGINE=InnoDB DEFAULT CHARSET=latin1 COMMENT='Ward';

--
-- Dumping data for table `ward`
--

INSERT INTO `ward` (`id`, `name`, `council_id`, `status`) VALUES
(1, 'name', 0, 0),
(2, 'Bangata', 3, 0),
(3, 'Bwawani', 3, 0),
(4, 'Ilboru', 3, 0),
(5, 'Ilkiding''a', 3, 0),
(6, 'Kimnyaki', 3, 0),
(7, 'Kiranyi', 3, 0),
(8, 'Kisongo', 3, 0),
(9, 'Kiutu', 3, 0),
(10, 'Laroi', 3, 0),
(11, 'Lemanyata', 3, 0),
(12, 'Mateves', 3, 0),
(13, 'Mlangarini', 3, 0),
(14, 'Moivo', 3, 0),
(15, 'Musa', 3, 0),
(16, 'Mwandet', 3, 0),
(17, 'Nduruma', 3, 0),
(18, 'Oldonyosambu', 3, 0),
(19, 'Oldonyowass', 3, 0),
(20, 'Oljoro', 3, 0),
(21, 'Olkokola', 3, 0),
(22, 'Olmotonyi', 3, 0),
(23, 'Olorien', 3, 0),
(24, 'Olturoto', 3, 0),
(25, 'Olturumet', 3, 0),
(26, 'Sambasha', 3, 0),
(27, 'Sokon II', 3, 0),
(28, 'Tarakwa', 3, 0),
(29, 'Baraa', 3, 0),
(30, 'Daraja Ii', 3, 0),
(31, 'Elerai', 3, 0),
(32, 'Engutoto', 3, 0),
(33, 'Kaloleni', 3, 0),
(34, 'Kati', 3, 0),
(35, 'Kimandolu', 3, 0),
(36, 'Lemara', 3, 0),
(37, 'Levolosi', 3, 0),
(38, 'Moivaro', 3, 0),
(39, 'Moshono', 3, 0),
(40, 'Muriet', 3, 0),
(41, 'Ngarenaro', 3, 0),
(42, 'Olasiti', 3, 0),
(43, 'Olmoti', 3, 0),
(44, 'Oloirien', 3, 0),
(45, 'Osunyai Jr', 3, 0),
(46, 'Sekei', 3, 0),
(47, 'Sinoni', 3, 0),
(48, 'Sokon I', 3, 0),
(49, 'Sombetini', 3, 0),
(50, 'Terrat', 3, 0),
(51, 'Themi', 3, 0),
(52, 'Unga Ltd', 3, 0),
(53, 'Baray', 3, 0),
(54, 'Buger', 3, 0),
(55, 'Daa', 3, 0),
(56, 'Endabash', 3, 0),
(57, 'Endamaghang', 3, 0),
(58, 'Endamarariek', 3, 0),
(59, 'Ganako', 3, 0),
(60, 'Kansay', 3, 0),
(61, 'Karatu', 3, 0),
(62, 'Mang?ola', 3, 0),
(63, 'Mbulumbulu', 3, 0),
(64, 'Oldeani', 3, 0),
(65, 'Qurus', 3, 0),
(66, 'Rhotia', 3, 0),
(67, 'Elang?atadapash', 3, 0),
(68, 'Engarenaibor', 3, 0),
(69, 'Engikaret', 3, 0),
(70, 'Gelai Lumbwa', 3, 0),
(71, 'Gelai Meirugoi', 3, 0),
(72, 'Ilorienito', 3, 0),
(73, 'Kamwanga', 3, 0),
(74, 'Ketumbeine', 3, 0),
(75, 'Kimokouwa', 3, 0),
(76, 'Longido', 3, 0),
(77, 'Matale A', 3, 0),
(78, 'Mundarara', 3, 0),
(79, 'Namanga', 3, 0),
(80, 'Olmolog', 3, 0),
(81, 'Orbomba', 3, 0),
(82, 'Tingatinga', 3, 0),
(83, 'Akheri', 3, 0),
(84, 'Ambureni', 3, 0),
(85, 'Imbaseni', 3, 0),
(86, 'Kikatiti', 3, 0),
(87, 'Kikwe', 3, 0),
(88, 'King''ori', 3, 0),
(89, 'Leguruki', 3, 0),
(90, 'Majengo', 3, 0),
(91, 'Maji ya chai', 3, 0),
(92, 'Makiba', 3, 0),
(93, 'Malula', 3, 0),
(94, 'Maroroni', 3, 0),
(95, 'Maruvango', 3, 0),
(96, 'Mbuguni', 3, 0),
(97, 'Ngabobo', 3, 0),
(98, 'Ngarenanyuki', 3, 0),
(99, 'Nkoanekoli', 3, 0),
(100, 'Nkoanrua', 3, 0),
(101, 'Nkoaranga', 3, 0),
(102, 'Nkoarisambu', 3, 0),
(103, 'Poli', 3, 0),
(104, 'Seela Sing''isi', 3, 0),
(105, 'Shambarai Burka', 3, 0),
(106, 'Songoro', 3, 0),
(107, 'Usariver', 3, 0),
(108, 'Uwiro', 3, 0),
(109, 'Engaruka', 3, 0),
(110, 'Esilalei', 3, 0),
(111, 'Lashaine', 3, 0),
(112, 'Lemooti', 3, 0),
(113, 'Lepurko', 3, 0),
(114, 'Lolkisale', 3, 0),
(115, 'Makuyuni', 3, 0),
(116, 'Meserani', 3, 0),
(117, 'Mfereji', 3, 0),
(118, 'Migungani', 3, 0),
(119, 'Moita', 3, 0),
(120, 'Monduli juu', 3, 0),
(121, 'Monduli Mjini', 3, 0),
(122, 'Mswakini', 3, 0),
(123, 'Mto wa Mbu', 3, 0),
(124, 'Naalarami', 3, 0),
(125, 'Selela', 3, 0),
(126, 'Sepeko', 3, 0),
(127, 'Alailelai', 3, 0),
(128, 'Arash', 3, 0),
(129, 'Digodigo', 3, 0),
(130, 'Enduleni', 3, 0),
(131, 'Enguserosambu', 6, 0),
(132, 'Kakesio', 6, 0),
(133, 'Maalon', 6, 0),
(134, 'Malambo', 6, 0),
(135, 'Nainokanoka', 6, 0),
(136, 'Naiyobi', 6, 0),
(137, 'Ngorongoro', 6, 0),
(138, 'Olbalbal', 6, 0),
(139, 'Oloipiri', 6, 0),
(140, 'Ololosokwan', 6, 0),
(141, 'Olorien/Magaiduru', 6, 0),
(142, 'Orgosorok', 6, 0),
(143, 'Pinyinyi', 6, 0),
(144, 'Sale', 6, 0),
(145, 'Soitsambu', 6, 0),
(146, 'Bonyokwa', 6, 0),
(147, 'Buguruni', 6, 0),
(148, 'Buyuni', 6, 0),
(149, 'Chanika', 6, 0),
(150, 'Gerezani', 6, 0),
(151, 'Gongolamboto', 6, 0),
(152, 'Ilala', 6, 0),
(153, 'Jangwani', 6, 0),
(154, 'Kariakoo', 6, 0),
(155, 'Kimanga', 6, 0),
(156, 'Kinyerezi', 6, 0),
(157, 'Kipawa', 6, 0),
(158, 'Kipunguni', 6, 0),
(159, 'Kisukulu', 6, 0),
(160, 'Kisutu', 6, 0),
(161, 'Kitunda', 6, 0),
(162, 'Kivukoni', 6, 0),
(163, 'Kivule', 6, 0),
(164, 'Kiwalani', 6, 0),
(165, 'Liwiti', 6, 0),
(166, 'Majohe', 6, 0),
(167, 'Mchafukoge', 6, 0),
(168, 'Mchikichini', 6, 0),
(169, 'Msongola', 6, 0),
(170, 'Mzinga', 6, 0),
(171, 'Pugu', 6, 0),
(172, 'Pugu Station', 6, 0),
(173, 'Segerea', 6, 0),
(174, 'Tabata', 6, 0),
(175, 'Ukonga', 6, 0),
(176, 'Upanga Magharibi', 6, 0),
(177, 'Upanga Mashariki', 6, 0),
(178, 'Vingunguti', 6, 0),
(179, 'Zingiziwa', 6, 0),
(180, 'Bunju', 6, 0),
(181, 'Goba', 6, 0),
(182, 'Hananasif', 6, 0),
(183, 'Kawe', 6, 0),
(184, 'Kibamba', 6, 0),
(185, 'Kigogo', 6, 0),
(186, 'Kijitonyama', 6, 0),
(187, 'Kimara', 6, 0),
(188, 'Kinondoni', 6, 0),
(189, 'Kunduchi', 6, 0),
(190, 'Kwembe', 6, 0),
(191, 'Mabibo', 6, 0),
(192, 'Mabwepande', 6, 0),
(193, 'Magomeni', 6, 0),
(194, 'Makongo', 6, 0),
(195, 'Makuburi', 6, 0),
(196, 'Makumbusho', 6, 0),
(197, 'Makurumla', 6, 0),
(198, 'Manzese', 6, 0),
(199, 'Mbezi', 6, 0),
(200, 'Mbezi Juu', 6, 0),
(201, 'Mburahati', 6, 0),
(202, 'Mbweni', 6, 0),
(203, 'Mikocheni', 6, 0),
(204, 'Msasani', 6, 0),
(205, 'Msigani', 6, 0),
(206, 'Mwananyamala', 6, 0),
(207, 'Mzimuni', 6, 0),
(208, 'Ndugumbi', 6, 0),
(209, 'Saranga', 6, 0),
(210, 'Sinza', 6, 0),
(211, 'Tandale', 6, 0),
(212, 'Ubungo', 6, 0),
(213, 'Wazo', 6, 0),
(214, 'Azimio', 6, 0),
(215, 'Buza', 6, 0),
(216, 'Chamazi', 6, 0),
(217, 'Chang''ombe', 6, 0),
(218, 'Charambe', 6, 0),
(219, 'Keko', 6, 0),
(220, 'Kibada', 6, 0),
(221, 'Kibondemaji', 6, 0),
(222, 'Kiburugwa', 6, 0),
(223, 'Kigamboni', 6, 0),
(224, 'Kijichi', 6, 0),
(225, 'Kilakala', 6, 0),
(226, 'Kilungule', 6, 0),
(227, 'Kimbiji', 6, 0),
(228, 'Kisarawe II', 6, 0),
(229, 'Kurasini', 6, 0),
(230, 'Makangarawe', 6, 0),
(231, 'Mbagala', 6, 0),
(232, 'Mbagala Kuu', 6, 0),
(233, 'Mianzini', 6, 0),
(234, 'Miburani', 6, 0),
(235, 'Mjimwema', 6, 0),
(236, 'Mtoni', 6, 0),
(237, 'Pemba Mnazi', 6, 0),
(238, 'Sandali', 6, 0),
(239, 'Somangila', 6, 0),
(240, 'Tandika', 6, 0),
(241, 'Temeke', 6, 0),
(242, 'Toangoma', 6, 0),
(243, 'Tungi', 6, 0),
(244, 'Vijibweni', 6, 0),
(245, 'Yombo vituka', 6, 0),
(246, 'Babayu', 6, 0),
(247, 'Bahi', 6, 0),
(248, 'Chali', 6, 0),
(249, 'Chibelela', 6, 0),
(250, 'Chifutuka', 6, 0),
(251, 'Chikola', 6, 0),
(252, 'Chipanga', 6, 0),
(253, 'Ibihwa', 6, 0),
(254, 'Ibugule', 6, 0),
(255, 'Ilindi', 6, 0),
(256, 'Kigwe', 6, 0),
(257, 'Lamaiti', 6, 0),
(258, 'Makanda', 6, 0),
(259, 'Mpalanga', 6, 0),
(260, 'Mpamantwa', 6, 0),
(261, 'Mpinga', 6, 0),
(262, 'Msisi', 6, 0),
(263, 'Mtitaa', 6, 0),
(264, 'Mundemu', 6, 0),
(265, 'Mwitikira', 6, 0),
(266, 'Nondwa', 6, 0),
(267, 'Zanka', 6, 0),
(268, 'Buigiri', 6, 0),
(269, 'Chamwino', 6, 0),
(270, 'Chiboli', 6, 0),
(271, 'Chilonwa', 6, 0),
(272, 'Chinugulu', 6, 0),
(273, 'Dabalo', 6, 0),
(274, 'Fufu', 6, 0),
(275, 'Handali', 6, 0),
(276, 'Haneti', 6, 0),
(277, 'Huzi', 6, 0),
(278, 'Idifu', 6, 0),
(279, 'Igandu', 6, 0),
(280, 'Ikombolinga', 6, 0),
(281, 'Ikowa', 6, 0),
(282, 'Iringa mvumi', 6, 0),
(283, 'Itiso', 6, 0),
(284, 'Loje', 6, 0),
(285, 'Majeleko', 6, 0),
(286, 'Makang''wa', 6, 0),
(287, 'Manchali', 6, 0),
(288, 'Manda', 6, 0),
(289, 'Manzase', 6, 0),
(290, 'Membe', 6, 0),
(291, 'Mlowa Barabarani', 6, 0),
(292, 'Mlowa bwawani', 6, 0),
(293, 'Mpwayungu', 6, 0),
(294, 'Msamalo', 6, 0),
(295, 'Msanga', 6, 0),
(296, 'Muungano', 6, 0),
(297, 'Mvumi makulu', 6, 0),
(298, 'Mvumi misheni', 6, 0),
(299, 'Nghaheleze', 6, 0),
(300, 'Nghambaku', 6, 0),
(301, 'Nhinhi', 6, 0),
(302, 'Segala', 6, 0),
(303, 'Zajilwa', 6, 0),
(304, 'Chandama', 6, 0),
(305, 'Chemba', 6, 0),
(306, 'Churuku', 6, 0),
(307, 'Dalai', 6, 0),
(308, 'Farkwa', 6, 0),
(309, 'Goima', 6, 0),
(310, 'Gwandi', 6, 0),
(311, 'Jangalo', 6, 0),
(312, 'Kidoka', 6, 0),
(313, 'Kimaha', 6, 0),
(314, 'Kinyamsindo', 6, 0),
(315, 'Kwamtoro', 6, 0),
(316, 'Lahoda', 6, 0),
(317, 'Lalta', 6, 0),
(318, 'Makorongo', 6, 0),
(319, 'Mondo', 6, 0),
(320, 'Mpendo', 6, 0),
(321, 'Mrijo', 6, 0),
(322, 'Msaada', 6, 0),
(323, 'Ovada', 6, 0),
(324, 'Paranga', 6, 0),
(325, 'Sanzawa', 6, 0),
(326, 'Songolo', 6, 0),
(327, 'Soya', 6, 0),
(328, 'Tumbakose', 6, 0),
(329, 'Chahwa', 6, 0),
(330, 'Chigongwe', 6, 0),
(331, 'Chihanga', 6, 0),
(332, 'Dodoma Makulu', 6, 0),
(333, 'Hazina', 6, 0),
(334, 'Hombolo Bwawani', 6, 0),
(335, 'Hombolo makulu', 6, 0),
(336, 'Ihumwa', 6, 0),
(337, 'Ipagala', 6, 0),
(338, 'Ipala', 6, 0),
(339, 'Iyumbu', 6, 0),
(340, 'Kikombo', 6, 0),
(341, 'Kikuyu Kaskazini', 6, 0),
(342, 'Kikuyu Kusini', 6, 0),
(343, 'Kiwanja cha Ndege', 6, 0),
(344, 'Kizota', 6, 0),
(345, 'Makole', 6, 0),
(346, 'Makutupora', 6, 0),
(347, 'Matumbulu', 6, 0),
(348, 'Mbabala', 6, 0),
(349, 'Mbalawala', 6, 0),
(350, 'Miyuji', 6, 0),
(351, 'Mkonze', 6, 0),
(352, 'Mnadani', 6, 0),
(353, 'Mpunguzi', 6, 0),
(354, 'Msalato', 6, 0),
(355, 'Mtumba', 6, 0),
(356, 'Nala', 6, 0),
(357, 'Ng?onng?onha', 6, 0),
(358, 'Nkuhungu', 6, 0),
(359, 'Ntyuka', 6, 0),
(360, 'Nzuguni', 6, 0),
(361, 'Tambukareli', 6, 0),
(362, 'Uhuru', 6, 0),
(363, 'Zuzu', 6, 0),
(364, 'Bereko', 6, 0),
(365, 'Bumbuta', 6, 0),
(366, 'Busi', 6, 0),
(367, 'Changaa', 6, 0),
(368, 'Haubi', 6, 0),
(369, 'Hondomairo', 6, 0),
(370, 'Itaswi', 6, 0),
(371, 'Itololo', 6, 0),
(372, 'Kalamba', 6, 0),
(373, 'Kikilo', 6, 0),
(374, 'Kikore', 6, 0),
(375, 'Kinyasi', 6, 0),
(376, 'Kisese', 6, 0),
(377, 'Kwadelo', 6, 0),
(378, 'Masange', 6, 0),
(379, 'Mnenia', 6, 0),
(380, 'Pahi', 6, 0),
(381, 'Salanka', 6, 0),
(382, 'Soera', 6, 0),
(383, 'Thawi', 6, 0),
(384, 'Bolisa', 6, 0),
(385, 'Chemchem', 6, 0),
(386, 'Kilimani', 6, 0),
(387, 'Kingale', 6, 0),
(388, 'Kolo', 6, 0),
(389, 'Kondoa Mjini', 6, 0),
(390, 'Serya', 6, 0),
(391, 'Suruke', 6, 0),
(392, 'Chamkoroma', 6, 0),
(393, 'Chitego', 6, 0),
(394, 'Chiwe', 6, 0),
(395, 'Hogoro', 6, 0),
(396, 'Iduo', 6, 0),
(397, 'Kibaigwa', 6, 0),
(398, 'Kongwa', 6, 0),
(399, 'Lenjulu', 6, 0),
(400, 'Makawa', 6, 0),
(401, 'Matongoro', 6, 0),
(402, 'Mkoka', 6, 0),
(403, 'Mlali', 6, 0),
(404, 'Mtanana', 6, 0),
(405, 'Nghumbi', 6, 0),
(406, 'Ngomai', 6, 0),
(407, 'Njoge', 6, 0),
(408, 'Pandambili', 6, 0),
(409, 'Sagara', 6, 0),
(410, 'Sejeli', 6, 0),
(411, 'Songambele', 6, 0),
(412, 'Ugogoni', 6, 0),
(413, 'Zoissa', 6, 0),
(414, 'Berege', 6, 0),
(415, 'Chipogoro', 6, 0),
(416, 'Chitemo', 6, 0),
(417, 'Chunyu', 6, 0),
(418, 'Galigali', 6, 0),
(419, 'Godegode', 6, 0),
(420, 'Gulwe', 6, 0),
(421, 'Ipera', 6, 0),
(422, 'Iwondo', 6, 0),
(423, 'Kibakwe', 6, 0),
(424, 'Kimagai', 6, 0),
(425, 'Kingiti', 6, 0),
(426, 'Lufu', 6, 0),
(427, 'Luhundwa', 6, 0),
(428, 'Lumuma', 6, 0),
(429, 'Lupeta', 6, 0),
(430, 'Malolo', 6, 0),
(431, 'Mang''aliza', 6, 0),
(432, 'Massa', 6, 0),
(433, 'Matomondo', 6, 0),
(434, 'Mazae', 6, 0),
(435, 'Mbuga', 6, 0),
(436, 'Mima', 6, 0),
(437, 'Mlembule', 6, 0),
(438, 'Mlunduzi', 6, 0),
(439, 'Mpwapwa Mjini', 6, 0),
(440, 'Mtera', 6, 0),
(441, 'Ng''hambi', 6, 0),
(442, 'Pwaga', 6, 0),
(443, 'Rudi', 6, 0),
(444, 'Ving''hawe', 6, 0),
(445, 'Wangi', 6, 0),
(446, 'Wotta', 6, 0),
(447, 'Bugelenga', 6, 0),
(448, 'Bukombe', 6, 0),
(449, 'Bulangwa', 6, 0),
(450, 'Bulega', 6, 0),
(451, 'Busonzo', 6, 0),
(452, 'Butinzya', 6, 0),
(453, 'Igulwa', 6, 0),
(454, 'Iyogelo', 6, 0),
(455, 'Katente', 6, 0),
(456, 'Katome', 6, 0),
(457, 'Lyambamgongo', 6, 0),
(458, 'Namonge', 6, 0),
(459, 'Ng''anzo', 6, 0),
(460, 'Runzewe Magharibi', 6, 0),
(461, 'Runzewe Mashariki', 6, 0),
(462, 'Ushirombo', 6, 0),
(463, 'Uyovu', 6, 0),
(464, 'Bukome', 6, 0),
(465, 'Buseresere', 6, 0),
(466, 'Butengo rumasa', 6, 0),
(467, 'Buziku', 6, 0),
(468, 'Bwanga', 6, 0),
(469, 'Bwera', 6, 0),
(470, 'Bwina', 6, 0),
(471, 'Bwongera', 6, 0),
(472, 'Chato', 6, 0),
(473, 'Ichwankima', 6, 0),
(474, 'Ilemela', 6, 0),
(475, 'Ilyamchele', 6, 0),
(476, 'Iparamasa', 6, 0),
(477, 'kachwamba', 6, 0),
(478, 'Kasenga', 6, 0),
(479, 'Katende', 6, 0),
(480, 'Kigongo', 6, 0),
(481, 'Makurugusi', 6, 0),
(482, 'Muganza', 6, 0),
(483, 'Nyamirembe', 6, 0),
(484, 'Nyarutembo', 6, 0),
(485, 'Bugalama', 6, 0),
(486, 'Bugulula', 6, 0),
(487, 'Bujula', 6, 0),
(488, 'Bukoli', 6, 0),
(489, 'Bukondo', 6, 0),
(490, 'Busanda', 6, 0),
(491, 'Butobela', 6, 0),
(492, 'Butundwe', 6, 0),
(493, 'Chigunga', 6, 0),
(494, 'Isulwabutundwe', 6, 0),
(495, 'Izumacheli', 6, 0),
(496, 'Kagu', 6, 0),
(497, 'Kakubilo', 6, 0),
(498, 'Kamena', 6, 0),
(499, 'Kamhanga', 6, 0),
(500, 'Kaseme', 6, 0),
(501, 'Katoma', 6, 0),
(502, 'Katoro', 6, 0),
(503, 'Lubanga', 6, 0),
(504, 'Ludete', 6, 0),
(505, 'Lwamgasa', 6, 0),
(506, 'Lwenzera', 6, 0),
(507, 'Magenge', 6, 0),
(508, 'Nkome', 6, 0),
(509, 'Nyachiluluma', 6, 0),
(510, 'Nyakagomba', 6, 0),
(511, 'Nyakamwaga', 6, 0),
(512, 'Nyalwanzaja', 6, 0),
(513, 'Nyamalimbe', 6, 0),
(514, 'Nyamboge', 6, 0),
(515, 'Nyamigota', 6, 0),
(516, 'Nyamwilolelwa', 6, 0),
(517, 'Nyarugusu', 6, 0),
(518, 'Nyaruyeye', 6, 0),
(519, 'Nyawilimilwa', 6, 0),
(520, 'Nzera', 6, 0),
(521, 'Senga', 6, 0),
(522, 'Buhalahala', 6, 0),
(523, 'Bulela', 6, 0),
(524, 'Bung''wangoko', 6, 0),
(525, 'Ihanamilo', 6, 0),
(526, 'Kalangalala', 6, 0),
(527, 'Kanyala', 6, 0),
(528, 'Kasamwa', 6, 0),
(529, 'Mgusu', 6, 0),
(530, 'Mtakuja', 6, 0),
(531, 'Nyanguku', 6, 0),
(532, 'Nyankumbu', 6, 0),
(533, 'Shiloleli', 6, 0),
(534, 'Bukandwe', 6, 0),
(535, 'Bunigonzi', 6, 0),
(536, 'Ikobe', 6, 0),
(537, 'Ikunguigazi', 6, 0),
(538, 'Ilolangulu', 6, 0),
(539, 'Iponya', 6, 0),
(540, 'Isebya', 6, 0),
(541, 'Lugunga', 6, 0),
(542, 'Lulembela', 6, 0),
(543, 'Masumbwe', 6, 0),
(544, 'Mbogwe', 6, 0),
(545, 'Nanda', 6, 0),
(546, 'Ngemo', 6, 0),
(547, 'Nhomolwa', 6, 0),
(548, 'Nyakafulu', 6, 0),
(549, 'Nyasato', 6, 0),
(550, 'Ushirika', 6, 0),
(551, 'Bukwimba', 6, 0),
(552, 'Busolwa', 6, 0),
(553, 'Izunya', 6, 0),
(554, 'Kaboha', 6, 0),
(555, 'Kafita', 6, 0),
(556, 'Kakora', 6, 0),
(557, 'Kharumwa', 6, 0),
(558, 'Mwingiro', 6, 0),
(559, 'Nundu', 6, 0),
(560, 'Nyabulanda', 6, 0),
(561, 'Nyamtukuza', 6, 0),
(562, 'Nyang''hwale', 6, 0),
(563, 'Nyijundu', 6, 0),
(564, 'Nyugwa', 6, 0),
(565, 'Shabaka', 6, 0),
(566, 'Idodi', 6, 0),
(567, 'Ifunda', 6, 0),
(568, 'Ilolompya', 6, 0),
(569, 'Itunundu', 6, 0),
(570, 'Izazi', 6, 0),
(571, 'Kalenga', 6, 0),
(572, 'Kihanga', 6, 0),
(573, 'Kihorogota', 6, 0),
(574, 'Kising''a', 6, 0),
(575, 'Kiwere', 6, 0),
(576, 'Luhota', 6, 0),
(577, 'Lumuli', 6, 0),
(578, 'Lyamgungwe', 6, 0),
(579, 'Maboga', 6, 0),
(580, 'Magulilwa', 6, 0),
(581, 'Mahuninga', 6, 0),
(582, 'Malengamakali', 6, 0),
(583, 'Masaka', 6, 0),
(584, 'Mboliboli', 6, 0),
(585, 'Mgama', 6, 0),
(586, 'Migoli', 6, 0),
(587, 'Mlenge', 6, 0),
(588, 'Mlowa', 6, 0),
(589, 'Mseke', 6, 0),
(590, 'Nyang''oro', 6, 0),
(591, 'Nzihi', 6, 0),
(592, 'Ulanda', 6, 0),
(593, 'Wasa', 6, 0),
(594, 'Gangilonga', 6, 0),
(595, 'Isakalilo', 6, 0),
(596, 'Kihesa', 6, 0),
(597, 'Kitwiru', 6, 0),
(598, 'Kwakilosa', 6, 0),
(599, 'Mkwawa', 6, 0),
(600, 'Mtwivila', 6, 0),
(601, 'Mwangata', 6, 0),
(602, 'Nduli', 6, 0),
(603, 'Ruaha', 6, 0),
(604, 'Bomalang''ombe', 6, 0),
(605, 'Dabaga', 6, 0),
(606, 'Ibumu', 6, 0),
(607, 'Idete', 6, 0),
(608, 'Ihimbo', 6, 0),
(609, 'Ilula', 6, 0),
(610, 'Image', 6, 0),
(611, 'Irole', 6, 0),
(612, 'Kimala', 6, 0),
(613, 'Lugalo', 6, 0),
(614, 'Mahenge', 6, 0),
(615, 'Masisiwe', 6, 0),
(616, 'Mlafu', 6, 0),
(617, 'Mtitu', 6, 0),
(618, 'Ng''ang''ange', 6, 0),
(619, 'Ng''uruhe', 6, 0),
(620, 'Nyalumbu', 6, 0),
(621, 'Ruaha Mbuyuni', 6, 0),
(622, 'Udekwa', 6, 0),
(623, 'Uhambingeto', 6, 0),
(624, 'Ukumbi', 6, 0),
(625, 'Ukwega', 6, 0),
(626, 'Boma', 6, 0),
(627, 'Bumilayinga', 6, 0),
(628, 'Changarawe', 6, 0),
(629, 'Isalavanu', 6, 0),
(630, 'Kinyanambo', 6, 0),
(631, 'Rungemba', 6, 0),
(632, 'Sao Hill', 6, 0),
(633, 'Upendo', 6, 0),
(634, 'Wambi', 6, 0),
(635, 'Idunda', 6, 0),
(636, 'Ifwagi', 6, 0),
(637, 'Igombavanu', 6, 0),
(638, 'Igowole', 6, 0),
(639, 'Ihalimba', 6, 0),
(640, 'Ihanu', 6, 0),
(641, 'Ihowanza', 6, 0),
(642, 'Ikongosi', 6, 0),
(643, 'Ikweha', 6, 0),
(644, 'Itandula', 6, 0),
(645, 'Kasanga', 6, 0),
(646, 'Kibengu', 6, 0),
(647, 'Kiyowela', 6, 0),
(648, 'Luhunga', 6, 0),
(649, 'Maduma', 6, 0),
(650, 'Makungu', 6, 0),
(651, 'Malangali', 6, 0),
(652, 'Mapanda', 6, 0),
(653, 'Mbalamaziwa', 6, 0),
(654, 'Mdabulo', 6, 0),
(655, 'Mninga', 6, 0),
(656, 'Mpanga Tazara', 6, 0),
(657, 'Mtambula', 6, 0),
(658, 'Mtwango', 6, 0),
(659, 'Nyololo', 6, 0),
(660, 'Sadani', 6, 0),
(661, 'Biharamulo Mjini', 6, 0),
(662, 'Bisibo', 6, 0),
(663, 'Kabindi', 6, 0),
(664, 'Kalenge', 6, 0),
(665, 'Kaniha', 6, 0),
(666, 'Katahoka', 6, 0),
(667, 'Lusahunga', 6, 0),
(668, 'Nemba', 6, 0),
(669, 'Nyabusozi', 6, 0),
(670, 'Nyakahura', 6, 0),
(671, 'Nyamahanga', 6, 0),
(672, 'Nyamigogo', 6, 0),
(673, 'Nyantakara', 6, 0),
(674, 'Nyanza', 6, 0),
(675, 'Nyarubungo', 6, 0),
(676, 'Runazi', 6, 0),
(677, 'Ruziba', 6, 0),
(678, 'Behendangabo', 6, 0),
(679, 'Bujugo', 6, 0),
(680, 'Butelankuzi', 6, 0),
(681, 'Ibwera', 6, 0),
(682, 'Izimbya', 6, 0),
(683, 'Kaagya', 6, 0),
(684, 'Kaibanja', 6, 0),
(685, 'Kanyangereko', 5, 0),
(686, 'Karabagaine', 5, 0),
(687, 'Kasharu', 5, 0),
(688, 'Katerero', 5, 0),
(689, 'Kemondo', 5, 0),
(690, 'Kibirizi', 5, 0),
(691, 'Kikomelo', 5, 0),
(692, 'Kishanje', 5, 0),
(693, 'Kishogo', 5, 0),
(694, 'Kyaitoke', 5, 0),
(695, 'Kyamulaile', 5, 0),
(696, 'Maruku', 5, 0),
(697, 'Mikoni', 5, 0),
(698, 'Mugajwale', 5, 0),
(699, 'Nyakato', 5, 0),
(700, 'Nyakibimbili', 5, 0),
(701, 'Rubafu', 5, 0),
(702, 'Rubale', 5, 0),
(703, 'Ruhunga', 5, 0),
(704, 'Rukoma', 5, 0),
(705, 'Bakoba', 5, 0),
(706, 'Bilele', 5, 0),
(707, 'Buhembe', 5, 0),
(708, 'Hamugembe', 5, 0),
(709, 'Ijuganyondo', 5, 0),
(710, 'Kagondo', 5, 0),
(711, 'Kahororo', 5, 0),
(712, 'Kashai', 5, 0),
(713, 'Kibeta', 5, 0),
(714, 'Kitendaguro', 5, 0),
(715, 'Miembeni', 5, 0),
(716, 'Nshambya', 5, 0),
(717, 'Nyanga', 5, 0),
(718, 'Rwamishenye', 5, 0),
(719, 'Bugene', 5, 0),
(720, 'Bweranyange', 5, 0),
(721, 'Chonyonyo', 5, 0),
(722, 'Igurwa', 5, 0),
(723, 'Ihanda', 5, 0),
(724, 'Ihembe', 5, 0),
(725, 'Kamagambo', 5, 0),
(726, 'Kanoni', 5, 0),
(727, 'Kayanga', 5, 0),
(728, 'Kibondo', 5, 0),
(729, 'Kiruruma', 5, 0),
(730, 'Kituntu', 5, 0),
(731, 'Ndama', 5, 0),
(732, 'Nyabiyonza', 5, 0),
(733, 'Nyaishozi', 5, 0),
(734, 'Nyakabanga', 5, 0),
(735, 'Nyakahanga', 5, 0),
(736, 'Nyakakika', 5, 0),
(737, 'Nyakasimbi', 5, 0),
(738, 'Rugera', 5, 0),
(739, 'Rugu', 5, 0),
(740, 'Bugomora', 5, 0),
(741, 'Businde', 5, 0),
(742, 'Isingiro', 5, 0),
(743, 'Kaisho', 5, 0),
(744, 'Kamuli', 5, 0),
(745, 'Kibare', 5, 0),
(746, 'Kibingo', 5, 0),
(747, 'Kikukuru', 5, 0),
(748, 'Kimuli', 5, 0),
(749, 'Kyerwa', 5, 0),
(750, 'Mabira', 5, 0),
(751, 'Murongo', 5, 0),
(752, 'Nkwenda', 5, 0),
(753, 'Nyakatuntu', 5, 0),
(754, 'Rukuraijo', 5, 0),
(755, 'Rutunguru', 5, 0),
(756, 'Rwabwere', 5, 0),
(757, 'Bugandika', 5, 0),
(758, 'Bugorora', 5, 0),
(759, 'Buyango', 5, 0),
(760, 'Bwanjai', 5, 0),
(761, 'Gera', 5, 0),
(762, 'Ishozi', 5, 0),
(763, 'Ishunju', 5, 0),
(764, 'Kakunyu', 5, 0),
(765, 'Kanyigo', 5, 0),
(766, 'Kashenye', 5, 0),
(767, 'Kassambya', 5, 0),
(768, 'Kilimilile', 5, 0),
(769, 'Kitobo', 5, 0),
(770, 'Kyaka', 5, 0),
(771, 'Mabale', 5, 0),
(772, 'Minziro', 5, 0),
(773, 'Mushasha', 5, 0),
(774, 'Mutukula', 5, 0),
(775, 'Nsunga', 5, 0),
(776, 'Ruzinga', 5, 0),
(777, 'Biirabo', 5, 0),
(778, 'Bisheke', 5, 0),
(779, 'Buganguzi', 5, 0),
(780, 'Buhangaza', 5, 0),
(781, 'Bulyakashaju', 5, 0),
(782, 'Bumbire', 5, 0),
(783, 'Bureza', 5, 0),
(784, 'Burungura', 5, 0),
(785, 'Goziba', 5, 0),
(786, 'Gwanseli', 5, 0),
(787, 'Ibuga', 5, 0),
(788, 'Ijumbi', 5, 0),
(789, 'Ikondo', 5, 0),
(790, 'Ikuza', 5, 0),
(791, 'Izigo', 5, 0),
(792, 'Kabirizi', 5, 0),
(793, 'Kagoma', 5, 0),
(794, 'Kamachumu', 5, 0),
(795, 'Karambi', 5, 0),
(796, 'Kasharunga', 5, 0),
(797, 'Kashasha', 5, 0),
(798, 'Katoke', 5, 0),
(799, 'Kibanga', 5, 0),
(800, 'Kikuku', 5, 0),
(801, 'Kimwani', 5, 0),
(802, 'Kishanda', 5, 0),
(803, 'Kyebitembe', 5, 0),
(804, 'Mafumbo', 5, 0),
(805, 'Magata/Karutanga', 5, 0),
(806, 'Mayondwe', 5, 0),
(807, 'Mazinga', 5, 0),
(808, 'Mubunda', 5, 0),
(809, 'Muhutwe', 5, 0),
(810, 'Muleba', 5, 0),
(811, 'Mushabago', 5, 0),
(812, 'Ngenge', 5, 0),
(813, 'Nshamba', 5, 0),
(814, 'Nyakabango', 5, 0),
(815, 'Nyakatanga', 5, 0),
(816, 'Ruhanga', 5, 0),
(817, 'Rulanda', 5, 0),
(818, 'Rutoro', 5, 0),
(819, 'Bugarama', 5, 0),
(820, 'Bukiriro', 5, 0),
(821, 'Kabanga', 5, 0),
(822, 'Kanazi', 5, 0),
(823, 'Kasulo', 5, 0),
(824, 'Keza', 5, 0),
(825, 'Kibimba', 5, 0),
(826, 'Kibogora', 5, 0),
(827, 'Kirushya', 5, 0),
(828, 'Mabawe', 5, 0),
(829, 'Mbuba', 5, 0),
(830, 'Mugoma', 5, 0),
(831, 'Murukurazo', 5, 0),
(832, 'Murusagamba', 5, 0),
(833, 'Ngara Mjini', 5, 0),
(834, 'Ntobeye', 5, 0),
(835, 'Nyakisasa', 5, 0),
(836, 'Nyamagoma', 5, 0),
(837, 'Nyamiaga', 5, 0),
(838, 'Rulenge', 5, 0),
(839, 'Rusumo', 5, 0),
(840, 'Ilela', 5, 0),
(841, 'Ilunde', 5, 0),
(842, 'Inyonga', 5, 0),
(843, 'Kamsisi', 5, 0),
(844, 'Nsenkwa', 5, 0),
(845, 'Utende', 5, 0),
(846, 'Bulamata', 5, 0),
(847, 'Ikola', 5, 0),
(848, 'Ilangu', 5, 0),
(849, 'Ipwaga', 5, 0),
(850, 'Isengule', 5, 0),
(851, 'Kabungu', 5, 0),
(852, 'Kapalamsenga', 5, 0),
(853, 'Karema', 5, 0),
(854, 'Kasekese', 5, 0),
(855, 'Katuma', 5, 0),
(856, 'Mishamo', 5, 0),
(857, 'Mnyagala', 5, 0),
(858, 'Mpandandogo', 5, 0),
(859, 'Mwese', 5, 0),
(860, 'Sibwesa', 5, 0),
(861, 'Tongwe', 5, 0),
(862, 'Ilembo', 5, 0),
(863, 'Kakese', 5, 0),
(864, 'Kashaulili', 5, 0),
(865, 'Kasokola', 5, 0),
(866, 'Kawajense', 5, 0),
(867, 'Kazima', 5, 0),
(868, 'Magamba', 5, 0),
(869, 'Makanyagio', 5, 0),
(870, 'Misunkumilo', 5, 0),
(871, 'Mpanda Hotel', 5, 0),
(872, 'Mwamkulu', 5, 0),
(873, 'Nsemulwa', 5, 0),
(874, 'Shanwe', 5, 0),
(875, 'Uwanja wa ndege', 5, 0),
(876, 'Chamalendi', 5, 0),
(877, 'Ikuba', 5, 0),
(878, 'Kasansa', 5, 0),
(879, 'Kibaoni', 5, 0),
(880, 'Majimoto', 5, 0),
(881, 'Mamba', 5, 0),
(882, 'Mbede', 5, 0),
(883, 'Mwamapuli', 5, 0),
(884, 'Usevya', 5, 0),
(885, 'IBINDI', 5, 0),
(886, 'ITENKA', 5, 0),
(887, 'KANOGE', 5, 0),
(888, 'KAPALALA', 5, 0),
(889, 'KATUMBA', 5, 0),
(890, 'LITAPUNGA', 5, 0),
(891, 'MACHIMBONI', 5, 0),
(892, 'MTAPENDA', 5, 0),
(893, 'NSIMBO', 5, 0),
(894, 'SITALIKE', 5, 0),
(895, 'UGALLA', 5, 0),
(896, 'URWILA', 5, 0),
(897, 'Biharu', 5, 0),
(898, 'Buhigwe', 5, 0),
(899, 'Bukuba', 5, 0),
(900, 'Janda', 5, 0),
(901, 'Kajana', 5, 0),
(902, 'Kibande', 5, 0),
(903, 'Kibwigwa', 5, 0),
(904, 'Kilelema', 5, 0),
(905, 'Kinazi', 5, 0),
(906, 'Mkatanga', 5, 0),
(907, 'Mubanga', 5, 0),
(908, 'Mugera', 5, 0),
(909, 'Muhinda', 5, 0),
(910, 'Munanila', 5, 0),
(911, 'Munyegera', 5, 0),
(912, 'Munzeze', 5, 0),
(913, 'Muyama', 5, 0),
(914, 'Mwayaya', 5, 0),
(915, 'Nyamugali', 5, 0),
(916, 'Rusaba', 5, 0),
(917, 'Gwanumpu', 5, 0),
(918, 'Gwarama', 5, 0),
(919, 'Kakonko', 5, 0),
(920, 'Kanyonza', 5, 0),
(921, 'Kasanda', 5, 0),
(922, 'Kasuga', 5, 0),
(923, 'Katanga', 5, 0),
(924, 'Kiziguzigu', 5, 0),
(925, 'Mugunzu', 5, 0),
(926, 'Muhange', 5, 0),
(927, 'Nyabibuye', 5, 0),
(928, 'Rugenge', 5, 0),
(929, 'Asante Nyerere', 5, 0),
(930, 'Bugaga', 5, 0),
(931, 'Buhoro', 5, 0),
(932, 'Heru Ushingo', 5, 0),
(933, 'Kager Nkanda', 5, 0),
(934, 'Kalela', 5, 0),
(935, 'Kigembe', 5, 0),
(936, 'Kitagata', 5, 0),
(937, 'Kitanga', 5, 0),
(938, 'Kurugongo', 5, 0),
(939, 'Kwaga', 5, 0),
(940, 'Makere', 5, 0),
(941, 'Muzye', 5, 0),
(942, 'Nyachenda', 5, 0),
(943, 'Nyakitonto', 5, 0),
(944, 'Nyamidaho', 5, 0),
(945, 'Nyamnyusi', 5, 0),
(946, 'Rungwe Mpya', 5, 0),
(947, 'Rusesa', 5, 0),
(948, 'Shunguliba', 5, 0),
(949, 'Titye', 5, 0),
(950, 'Heru Juu', 5, 0),
(951, 'Kigondo', 5, 0),
(952, 'Kimobwa', 5, 0),
(953, 'Kumnyika', 5, 0),
(954, 'Kumsenga', 5, 0),
(955, 'Msambara', 5, 0),
(956, 'Muhunga', 5, 0),
(957, 'Murubona', 5, 0),
(958, 'Murufiti', 5, 0),
(959, 'Murusi', 5, 0),
(960, 'Nyansha', 5, 0),
(961, 'Nyumbigwa', 5, 0),
(962, 'Ruhita', 5, 0),
(963, 'BITARE', 5, 0),
(964, 'Biturana', 5, 0),
(965, 'Bunyambo', 5, 0),
(966, 'Busagara', 5, 0),
(967, 'Busunzu', 5, 0),
(968, 'Itaba', 5, 0),
(969, 'Kagezi', 5, 0),
(970, 'Kibondo Mjini', 5, 0),
(971, 'Kitahana', 5, 0),
(972, 'Kizazi', 5, 0),
(973, 'Kumwambu', 5, 0),
(974, 'Mabamba', 5, 0),
(975, 'Misezero', 5, 0),
(976, 'Mukabuye', 5, 0),
(977, 'Murungu', 5, 0),
(978, 'Nyaruyoba', 5, 0),
(979, 'Rugongwe', 5, 0),
(980, 'Rusohoko', 5, 0),
(981, 'Bitale', 5, 0),
(982, 'Kagongo', 5, 0),
(983, 'Kagunga', 5, 0),
(984, 'Kalinzi', 5, 0),
(985, 'Kidahwe', 5, 0),
(986, 'Mahembe', 5, 0),
(987, 'Matendo', 5, 0),
(988, 'Mkigo', 5, 0),
(989, 'Mkongoro', 5, 0),
(990, 'Mungonya', 5, 0),
(991, 'Mwamgongo', 5, 0),
(992, 'Mwandiga', 5, 0),
(993, 'Nkungwe', 5, 0),
(994, 'Nyarubanda', 5, 0),
(995, 'Simbo', 5, 0),
(996, 'Ziwani', 5, 0),
(997, 'Bangwe', 5, 0),
(998, 'Buhanda', 5, 0),
(999, 'Buzebazeba', 5, 0),
(1000, 'Gungu', 5, 0),
(1001, 'Kagera', 5, 0),
(1002, 'Kasimbu', 5, 0),
(1003, 'Katubuka', 5, 0),
(1004, 'Kigoma', 5, 0),
(1005, 'Kipampa', 5, 0),
(1006, 'Kitongoni', 5, 0),
(1007, 'Machinjioni', 5, 0),
(1008, 'Mwanga Kaskazini', 5, 0),
(1009, 'Mwanga Kusini', 5, 0),
(1010, 'Rubuga', 5, 0),
(1011, 'Rusimbi', 5, 0),
(1012, 'Basanza', 5, 0),
(1013, 'Buhingu', 5, 0),
(1014, 'Herembe', 5, 0),
(1015, 'Igalula', 5, 0),
(1016, 'Ilagala', 5, 0),
(1017, 'Itebula', 5, 0),
(1018, 'Kalya', 5, 0),
(1019, 'Kandaga', 5, 0),
(1020, 'Kazuramimba', 5, 0),
(1021, 'Mganza', 5, 0),
(1022, 'Mtegowanoti', 5, 0),
(1023, 'Mwakizega', 5, 0),
(1024, 'Nguruka', 5, 0),
(1025, 'Sigunga', 5, 0),
(1026, 'Sunuka', 5, 0),
(1027, 'Uvinza', 5, 0),
(1028, 'Hai Mjini', 5, 0),
(1029, 'KIA', 5, 0),
(1030, 'Machame Kaskazini', 5, 0),
(1031, 'Machame Kusini', 5, 0),
(1032, 'Machame Magharibi', 5, 0),
(1033, 'Machame Mashariki', 5, 0),
(1034, 'Machame Narumu', 5, 0),
(1035, 'Machame Uroki', 5, 0),
(1036, 'Masama Kati', 5, 0),
(1037, 'Masama Kusini', 5, 0),
(1038, 'Masama Magharibi', 5, 0),
(1039, 'Masama Mashariki ''A''', 5, 0),
(1040, 'Masama Mashariki ''B''', 5, 0),
(1041, 'Masama Rundugai', 5, 0),
(1042, 'Weruweru', 5, 0),
(1043, 'Arusha Chini', 5, 0),
(1044, 'Kahe Magharibi', 5, 0),
(1045, 'Kahe Mashariki', 5, 0),
(1046, 'Kibosho Kati', 5, 0),
(1047, 'Kibosho Kirima', 5, 0),
(1048, 'Kibosho Magharibi', 5, 0),
(1049, 'Kibosho Mashariki', 5, 0),
(1050, 'Kibosho Okaoni', 5, 0),
(1051, 'Kilema Kaskazini', 5, 0),
(1052, 'Kilema Kati', 5, 0),
(1053, 'Kilema Kusini', 5, 0),
(1054, 'Kimochi', 5, 0),
(1055, 'Kindi', 5, 0),
(1056, 'Kirua Vunjo Kusini', 5, 0),
(1057, 'Kirua Vunjo Magharibi', 5, 0),
(1058, 'Kirua Vunjo Mashariki', 5, 0),
(1059, 'Mabogini', 5, 0),
(1060, 'Mamba Kaskazini', 5, 0),
(1061, 'Mamba Kusini', 5, 0),
(1062, 'Marangu Magharibi', 5, 0),
(1063, 'Marangu Mashariki', 5, 0),
(1064, 'Mbokomu', 5, 0),
(1065, 'Mwika Kaskazini', 5, 0),
(1066, 'Mwika Kusini', 5, 0),
(1067, 'Njia Panda', 5, 0),
(1068, 'Old Moshi Magharibi', 5, 0),
(1069, 'Old Moshi Mashariki', 5, 0),
(1070, 'Uru Kaskazini', 5, 0),
(1071, 'Uru Kusini', 5, 0),
(1072, 'Uru Mashariki', 5, 0),
(1073, 'Uru Shimbwe', 5, 0),
(1074, 'Bomambuzi', 5, 0),
(1075, 'Bondeni', 5, 0),
(1076, 'Karanga', 5, 0),
(1077, 'Kiborloni', 5, 0),
(1078, 'Kilimanjaro', 5, 0),
(1079, 'Kiusa', 5, 0),
(1080, 'Korongoni', 5, 0),
(1081, 'Longuo', 5, 0),
(1082, 'Mawenzi', 5, 0),
(1083, 'Mfumuni', 5, 0),
(1084, 'Mji Mpya', 5, 0),
(1085, 'Msaranga', 5, 0),
(1086, 'Ng?ambo', 5, 0),
(1087, 'Njoro', 5, 0),
(1088, 'Pasua', 5, 0),
(1089, 'Rau', 5, 0),
(1090, 'Shirimatunda', 5, 0),
(1091, 'Soweto', 5, 0),
(1092, 'Chomvu', 5, 0),
(1093, 'Jipe', 5, 0),
(1094, 'Kifula', 5, 0),
(1095, 'Kighare', 5, 0),
(1096, 'Kigonigoni', 5, 0),
(1097, 'Kileo', 5, 0),
(1098, 'Kilomeni', 5, 0),
(1099, 'Kirongwe', 5, 0),
(1100, 'Kirya', 5, 0),
(1101, 'Kivisini', 5, 0),
(1102, 'Kwakoa', 5, 0),
(1103, 'Lang?ata', 5, 0),
(1104, 'Lembeni', 5, 0),
(1105, 'Mgagao', 5, 0),
(1106, 'Msangeni', 5, 0),
(1107, 'Mwanga', 5, 0),
(1108, 'Mwaniko', 5, 0),
(1109, 'Ngujini', 5, 0),
(1110, 'Shighatini', 5, 0),
(1111, 'Toloha', 5, 0),
(1112, 'Aleni', 5, 0),
(1113, 'Holili', 5, 0),
(1114, 'Katangara/Mrere', 5, 0),
(1115, 'Kelamfua/Mokala', 5, 0),
(1116, 'Kirongo Samanga', 5, 0),
(1117, 'Kirwa Keni', 5, 0),
(1118, 'Kisale Msaranga', 5, 0),
(1119, 'Kitirima', 5, 0),
(1120, 'Mahida', 5, 0),
(1121, 'Makiidi', 5, 0),
(1122, 'Mamsera', 5, 0),
(1123, 'Marangu Kitowo', 5, 0),
(1124, 'Mengeni', 5, 0),
(1125, 'Mengwe', 5, 0),
(1126, 'Motamburu Kitendeni', 5, 0),
(1127, 'Mrao Keryo', 5, 0),
(1128, 'Nanjara', 5, 0),
(1129, 'Ngoyoni', 5, 0),
(1130, 'Olele', 5, 0),
(1131, 'Shimbi', 5, 0),
(1132, 'Tarakea Motamburu', 5, 0),
(1133, 'Ubetu/Kahe', 5, 0),
(1134, 'Ushiri/Ikuini', 5, 0),
(1135, 'Bangalala', 5, 0),
(1136, 'Bendera', 5, 0),
(1137, 'Bombo', 5, 0),
(1138, 'Bwambo', 5, 0),
(1139, 'Chome', 5, 0),
(1140, 'Hedaru', 5, 0),
(1141, 'Kalemawe', 5, 0),
(1142, 'Kihurio', 5, 0),
(1143, 'Kirangare', 5, 0),
(1144, 'Kisima', 5, 0),
(1145, 'Kisiwani', 5, 0),
(1146, 'Lugulu', 5, 0),
(1147, 'Mabilioni', 5, 0),
(1148, 'Makanya', 5, 0),
(1149, 'Maore', 5, 0),
(1150, 'Mhezi', 5, 0),
(1151, 'Mpinji', 5, 0),
(1152, 'Mshewa', 5, 0),
(1153, 'Msindo', 5, 0),
(1154, 'Mtii', 5, 0),
(1155, 'Mwembe', 5, 0),
(1156, 'Myamba', 5, 0),
(1157, 'Ndungu', 5, 0),
(1158, 'Ruvu', 5, 0),
(1159, 'Same', 5, 0),
(1160, 'Stesheni', 5, 0),
(1161, 'Suji', 5, 0),
(1162, 'Tae', 5, 0),
(1163, 'Vudee', 5, 0),
(1164, 'Vuje', 5, 0),
(1165, 'Vumari', 5, 0),
(1166, 'Vunta', 5, 0),
(1167, 'Biriri', 5, 0),
(1168, 'Donyomurwak', 5, 0),
(1169, 'Gararagua', 5, 0),
(1170, 'Ivaeny', 5, 0),
(1171, 'Karansi', 5, 0),
(1172, 'Kashashi', 5, 0),
(1173, 'Kirua', 5, 0),
(1174, 'Livishi', 5, 0),
(1175, 'Makiwaru', 5, 0),
(1176, 'Miti Mirefu', 5, 0),
(1177, 'Nasai', 5, 0),
(1178, 'Ndumeti', 5, 0),
(1179, 'Ngarenairobi', 5, 0),
(1180, 'Olkolili', 5, 0),
(1181, 'Ormelili', 5, 0),
(1182, 'Sanya Juu', 5, 0),
(1183, 'Chumo', 5, 0),
(1184, 'Kandawale', 5, 0),
(1185, 'Kibata', 5, 0),
(1186, 'Kikole', 5, 0),
(1187, 'Kinjumbi', 5, 0),
(1188, 'Kipatimu', 5, 0),
(1189, 'Kiranjeranje', 5, 0),
(1190, 'Kivinje', 5, 0),
(1191, 'Lihimalyao', 5, 0),
(1192, 'Likawage', 5, 0),
(1193, 'Mandawa', 5, 0),
(1194, 'Masoko', 5, 0),
(1195, 'Miguruwe', 5, 0),
(1196, 'Mingumbi', 5, 0),
(1197, 'Miteja', 5, 0),
(1198, 'Mitole', 5, 0),
(1199, 'Namayuni', 5, 0),
(1200, 'Nanjirinji', 5, 0),
(1201, 'Njinjo', 5, 0),
(1202, 'Pande', 5, 0),
(1203, 'Somanga', 5, 0),
(1204, 'Songosongo', 5, 0),
(1205, 'Tingi', 5, 0),
(1206, 'Chiponda', 5, 0),
(1207, 'Kilangala', 5, 0),
(1208, 'Kilolambwani', 5, 0),
(1209, 'Kitomanga', 5, 0),
(1210, 'Kiwalala', 5, 0),
(1211, 'Kiwawa', 5, 0),
(1212, 'Longa', 5, 0),
(1213, 'Mandwanga', 5, 0),
(1214, 'Matimba', 5, 0),
(1215, 'Mchinga', 5, 0),
(1216, 'Milola', 5, 0),
(1217, 'Mipingo', 5, 0),
(1218, 'Mnara', 5, 0),
(1219, 'Mnolela', 5, 0),
(1220, 'Mtama', 5, 0),
(1221, 'Mtua', 5, 0),
(1222, 'Mtumbya', 5, 0),
(1223, 'Mvuleni', 5, 0),
(1224, 'Nachunyu', 5, 0),
(1225, 'Nahukahuka', 5, 0),
(1226, 'Namangale', 5, 0),
(1227, 'Namupa', 5, 0),
(1228, 'Nangaru', 5, 0),
(1229, 'Navanga', 5, 0),
(1230, 'Nyangamara', 5, 0),
(1231, 'Nyangao', 5, 0),
(1232, 'Nyengedi', 5, 0),
(1233, 'Rutamba', 5, 0),
(1234, 'Sudi', 5, 0),
(1235, 'Chikonji', 5, 0),
(1236, 'Jamhuri', 5, 0),
(1237, 'Kitumbikwela', 5, 0),
(1238, 'Matopeni', 5, 0),
(1239, 'Mbanja', 5, 0),
(1240, 'Mikumbi', 5, 0),
(1241, 'Mingoyo', 5, 0),
(1242, 'Mnazimmoja', 5, 0),
(1243, 'Msinjahili', 2, 0),
(1244, 'Mtanda', 2, 0),
(1245, 'Nachingwea', 2, 0),
(1246, 'Ng''apa', 2, 0),
(1247, 'Rahaleo', 2, 0),
(1248, 'Rasbura', 2, 0),
(1249, 'Tandangongoro', 2, 0),
(1250, 'Wailes', 2, 0),
(1251, 'Barikiwa', 2, 0),
(1252, 'Kiangara', 2, 0),
(1253, 'Kibutuka', 2, 0),
(1254, 'Kichonda', 2, 0),
(1255, 'Kimambi', 2, 0),
(1256, 'Likongowele', 2, 0),
(1257, 'Lilombe', 2, 0),
(1258, 'Liwale ''B''', 2, 0),
(1259, 'Liwale Mjini', 2, 0),
(1260, 'Makata', 2, 0),
(1261, 'Mangirikiti', 2, 0),
(1262, 'Mbaya', 2, 0),
(1263, 'Mihumo', 2, 0),
(1264, 'Mirui', 2, 0),
(1265, 'Mkutano', 2, 0),
(1266, 'Mlembwe', 2, 0),
(1267, 'Mpigamiti', 2, 0),
(1268, 'Nangando', 2, 0),
(1269, 'Nangano', 2, 0),
(1270, 'Ngongowele', 2, 0),
(1271, 'Chiola', 2, 0),
(1272, 'Kiegei', 2, 0),
(1273, 'Kilimanihewa', 2, 0),
(1274, 'Kilimarondo', 2, 0),
(1275, 'Kipara Mnero', 2, 0),
(1276, 'Kipara Mtua', 2, 0),
(1277, 'Lionja', 2, 0),
(1278, 'Marambo', 2, 0),
(1279, 'Matekwe', 2, 0),
(1280, 'Mbondo', 2, 0),
(1281, 'Mchonda', 2, 0),
(1282, 'Mitumbati', 2, 0),
(1283, 'Mkotokuyana', 2, 0),
(1284, 'Mnero Miembeni', 2, 0),
(1285, 'Mnero Ngongo', 2, 0),
(1286, 'Mpiruka', 2, 0),
(1287, 'Nachingwea Mjini', 2, 0),
(1288, 'Naipanga', 2, 0),
(1289, 'Naipingo', 2, 0),
(1290, 'Namapwia', 2, 0),
(1291, 'Namatula', 2, 0),
(1292, 'Nambambo', 2, 0),
(1293, 'Namikango', 2, 0),
(1294, 'Nang''ondo', 2, 0),
(1295, 'Nangowe', 2, 0),
(1296, 'Nditi', 2, 0),
(1297, 'Ndomoni', 2, 0),
(1298, 'Ngunichile', 2, 0),
(1299, 'Ruponda', 2, 0),
(1300, 'Ugawaji', 2, 0),
(1301, 'Chibula', 2, 0),
(1302, 'Chienjele', 2, 0),
(1303, 'Chinongwe', 2, 0),
(1304, 'Likunja', 2, 0),
(1305, 'Luchelegwa', 2, 0),
(1306, 'Makanjiro', 2, 0),
(1307, 'Mandarawe', 2, 0),
(1308, 'Matambarale', 2, 0),
(1309, 'Mbekenyera', 2, 0),
(1310, 'Mbwemkuru (Machang''anja)', 2, 0),
(1311, 'Mnacho', 2, 0),
(1312, 'Nambilanje', 2, 0),
(1313, 'Namichiga', 2, 0),
(1314, 'Nandagala', 2, 0),
(1315, 'Nanganga', 2, 0),
(1316, 'Narungombe', 2, 0),
(1317, 'Nkowe', 2, 0),
(1318, 'Ruangwa', 2, 0),
(1319, 'Arri', 2, 0),
(1320, 'Ayalagaya', 2, 0),
(1321, 'Ayasanda', 2, 0),
(1322, 'Bashnet', 2, 0),
(1323, 'Boay', 2, 0),
(1324, 'Dabil', 2, 0),
(1325, 'Dareda', 2, 0),
(1326, 'Duru', 2, 0),
(1327, 'Endakiso', 2, 0),
(1328, 'Gallapo', 2, 0),
(1329, 'Gidas', 2, 0),
(1330, 'Kiru', 2, 0),
(1331, 'Kisangaji', 2, 0),
(1332, 'Madunga', 2, 0),
(1333, 'Magara', 2, 0),
(1334, 'Magugu', 2, 0),
(1335, 'Mamire', 2, 0),
(1336, 'Mwada', 2, 0),
(1337, 'Nar', 2, 0),
(1338, 'Nkaiti', 2, 0),
(1339, 'Qameyu', 2, 0),
(1340, 'Qash', 2, 0),
(1341, 'Riroda', 2, 0),
(1342, 'Secheda', 2, 0),
(1343, 'Ufana', 2, 0),
(1344, 'Babati', 2, 0),
(1345, 'Bagara', 2, 0),
(1346, 'Bonga', 2, 0),
(1347, 'Maisaka', 2, 0),
(1348, 'Mutuka', 2, 0),
(1349, 'Nangara', 2, 0),
(1350, 'Sigino', 2, 0),
(1351, 'Singe', 2, 0),
(1352, 'Balangdalalu', 2, 0),
(1353, 'Bassodesh', 2, 0),
(1354, 'Bassotu', 2, 0),
(1355, 'Darwar', 2, 0),
(1356, 'Dirma', 2, 0),
(1357, 'Dumbeta', 2, 0),
(1358, 'Endagaw', 2, 0),
(1359, 'Endasak', 2, 0),
(1360, 'Endasiwold', 2, 0),
(1361, 'Ganana', 2, 0),
(1362, 'Garawja', 2, 0),
(1363, 'Gehandu', 2, 0),
(1364, 'Gendabi', 2, 0),
(1365, 'Getanuwas', 2, 0),
(1366, 'Gidahababieg', 2, 0),
(1367, 'Gisambalang', 2, 0),
(1368, 'Gitting', 2, 0),
(1369, 'Hidet', 2, 0),
(1370, 'Hirbadaw', 2, 0),
(1371, 'Ishponga', 2, 0),
(1372, 'Jorodom', 2, 0),
(1373, 'Katesh', 2, 0),
(1374, 'Laghanga', 2, 0),
(1375, 'Lalaji', 2, 0),
(1376, 'Masakta', 2, 0),
(1377, 'Masqaroda', 2, 0),
(1378, 'Measkron', 2, 0),
(1379, 'Mogitu', 2, 0),
(1380, 'Mulbadaw', 2, 0),
(1381, 'Nangwa', 2, 0),
(1382, 'Simbay', 2, 0),
(1383, 'Sirop', 2, 0),
(1384, 'Wareta', 2, 0),
(1385, 'Bwagamoyo', 2, 0),
(1386, 'Chapakazi', 2, 0),
(1387, 'Dongo', 2, 0),
(1388, 'Dosidosi', 2, 0),
(1389, 'Engusero', 2, 0),
(1390, 'Kibaya', 2, 0),
(1391, 'Kijungu', 2, 0),
(1392, 'Lengatei', 2, 0),
(1393, 'Loolera', 2, 0),
(1394, 'Magungu', 2, 0),
(1395, 'Makame', 2, 0),
(1396, 'Matui', 2, 0),
(1397, 'Namelock', 2, 0),
(1398, 'Ndedo', 2, 0),
(1399, 'Ndirigish', 2, 0),
(1400, 'Olboloti', 2, 0),
(1401, 'Partimbo', 2, 0),
(1402, 'Sunya', 2, 0),
(1403, 'Bashay', 2, 0),
(1404, 'Dinamu', 2, 0),
(1405, 'Dongobesh', 2, 0),
(1406, 'Endamilay', 2, 0),
(1407, 'Eshkesh', 2, 0),
(1408, 'Geterer', 2, 0),
(1409, 'Gidhimu', 2, 0),
(1410, 'Haydarer', 2, 0),
(1411, 'Haydom', 2, 0),
(1412, 'Labay', 2, 0),
(1413, 'Maghang', 2, 0),
(1414, 'Maretadu', 2, 0),
(1415, 'Masieda', 2, 0),
(1416, 'Tumati', 2, 0),
(1417, 'Yaeda Ampa', 2, 0),
(1418, 'Yaeda Chini', 2, 0),
(1419, 'Ayamaami', 2, 0),
(1420, 'Ayamohe', 2, 0),
(1421, 'Bargish', 2, 0),
(1422, 'Daudi', 2, 0),
(1423, 'Endagikot', 2, 0),
(1424, 'Gunyoda', 2, 0),
(1425, 'Imboru', 2, 0),
(1426, 'Kainam', 2, 0),
(1427, 'Marang', 2, 0),
(1428, 'Muray', 2, 0),
(1429, 'Nahasey', 2, 0),
(1430, 'Nambis', 2, 0),
(1431, 'Sanu Baray', 2, 0),
(1432, 'Silaloda', 2, 0),
(1433, 'Tlawi', 2, 0),
(1434, 'Emboreet', 2, 0),
(1435, 'Endiamutu', 2, 0),
(1436, 'Endonyongijape', 2, 0),
(1437, 'Kitwai', 2, 0),
(1438, 'Komolo', 2, 0),
(1439, 'Langai', 2, 0),
(1440, 'Loiborsiret', 2, 0),
(1441, 'Loiborsoit', 2, 0),
(1442, 'Mirerani', 2, 0),
(1443, 'Msitu wa Tembo', 2, 0),
(1444, 'Naberera', 2, 0),
(1445, 'Naisinyai', 2, 0),
(1446, 'Ngorika', 2, 0),
(1447, 'Oljoro No.5', 2, 0),
(1448, 'Orkesumet', 2, 0),
(1449, 'Ruvu Remit', 2, 0),
(1450, 'Shambarai', 2, 0),
(1451, 'Butimba', 2, 0),
(1452, 'Chitengule', 2, 0),
(1453, 'Hunyari', 2, 0),
(1454, 'Igundu', 2, 0),
(1455, 'Iramba', 2, 0),
(1456, 'Kasuguti', 2, 0),
(1457, 'Ketare', 2, 0),
(1458, 'Kibara', 2, 0),
(1459, 'Kisorya', 2, 0),
(1460, 'Mihingo', 2, 0),
(1461, 'Mugeta', 2, 0),
(1462, 'Namhula', 2, 0),
(1463, 'Nampindi', 2, 0),
(1464, 'Nansimo', 2, 0),
(1465, 'Neruma', 2, 0),
(1466, 'Nyamang''uta', 2, 0),
(1467, 'Nyamuswa', 2, 0),
(1468, 'Salama', 2, 0),
(1469, 'Balili', 2, 0),
(1470, 'Bunda Mjini', 2, 0),
(1471, 'Bunda Stoo', 2, 0),
(1472, 'Guta', 2, 0),
(1473, 'Kabasa', 2, 0),
(1474, 'Kunzugu', 2, 0),
(1475, 'Mcharo', 2, 0),
(1476, 'Nyasura', 2, 0),
(1477, 'Sazira', 2, 0),
(1478, 'Wariku', 2, 0),
(1479, 'Bisumwa', 9, 0),
(1480, 'Buhemba', 9, 0),
(1481, 'Bukabwa', 9, 0),
(1482, 'Buruma', 9, 0),
(1483, 'Busegwe', 9, 0),
(1484, 'Buswahili', 9, 0),
(1485, 'Butiama', 9, 0),
(1486, 'Butuguri', 9, 0),
(1487, 'Bwiregi', 9, 0),
(1488, 'Kamugegi', 9, 0),
(1489, 'Kukirango', 9, 0),
(1490, 'Kyanyari', 9, 0),
(1491, 'Masaba', 9, 0),
(1492, 'Mirwa', 9, 0),
(1493, 'Muriaza', 9, 0),
(1494, 'Nyamimange', 9, 0),
(1495, 'Nyankanga', 9, 0),
(1496, 'Sirorisimba', 9, 0),
(1497, 'Bugoji', 9, 0),
(1498, 'Bugwema', 9, 0),
(1499, 'Bukima', 9, 0),
(1500, 'Bukumi', 9, 0),
(1501, 'Bulinga', 9, 0),
(1502, 'Busambara', 9, 0),
(1503, 'Bwasi', 9, 0),
(1504, 'Etaro', 9, 0),
(1505, 'Ifulifu', 9, 0),
(1506, 'Kiriba', 9, 0),
(1507, 'Makojo', 9, 0),
(1508, 'Mugango', 9, 0),
(1509, 'Murangi', 9, 0),
(1510, 'Musanja', 9, 0),
(1511, 'Nyakatende', 9, 0),
(1512, 'Nyambono', 9, 0),
(1513, 'Nyamrandirira', 9, 0),
(1514, 'Nyegina', 9, 0),
(1515, 'Rusoli', 9, 0),
(1516, 'Suguti', 9, 0),
(1517, 'Tegeruka', 9, 0),
(1518, 'Buhare', 9, 0),
(1519, 'Bweri', 9, 0),
(1520, 'Iringo', 9, 0),
(1521, 'Kamunyonge', 9, 0),
(1522, 'Kigera', 9, 0),
(1523, 'Kitaji', 9, 0),
(1524, 'Kwangwa', 9, 0),
(1525, 'Makoko', 9, 0),
(1526, 'Mkendo', 9, 0),
(1527, 'Mshikamano', 9, 0),
(1528, 'Mwigobero', 9, 0),
(1529, 'Mwisenge', 9, 0),
(1530, 'Nyamatare', 9, 0),
(1531, 'Nyasho', 9, 0),
(1532, 'Rwamlimi', 9, 0),
(1533, 'Baraki', 9, 0),
(1534, 'Bukura', 9, 0),
(1535, 'Bukwe', 9, 0),
(1536, 'Goribe', 9, 0),
(1537, 'Ikoma', 9, 0),
(1538, 'Kigunga', 9, 0),
(1539, 'Kinyenche', 9, 0),
(1540, 'Kirogo', 9, 0),
(1541, 'Kisumwa', 9, 0),
(1542, 'Kitembe', 9, 0),
(1543, 'Komuge', 9, 0),
(1544, 'Koryo', 9, 0),
(1545, 'Kyangasaga', 9, 0),
(1546, 'Kyang''ombe', 9, 0),
(1547, 'Mirare', 9, 0),
(1548, 'Mkoma', 9, 0),
(1549, 'Nyaburongo', 9, 0),
(1550, 'Nyahongo', 9, 0),
(1551, 'Nyamagaro', 9, 0),
(1552, 'Nyamtinga', 9, 0),
(1553, 'Nyamunga', 9, 0),
(1554, 'Nyathorogo', 9, 0),
(1555, 'Rabour', 9, 0),
(1556, 'Raranya', 9, 0),
(1557, 'Roche', 9, 0),
(1558, 'Tai', 9, 0),
(1559, 'Busawe', 9, 0),
(1560, 'Geitasamo', 9, 0),
(1561, 'Issenye', 9, 0),
(1562, 'Kebanchebanche', 9, 0),
(1563, 'Kenyamonta', 9, 0),
(1564, 'Kisaka', 9, 0),
(1565, 'Kisangura', 9, 0),
(1566, 'Kyambahi', 9, 0),
(1567, 'Machochwe', 9, 0),
(1568, 'Magange', 9, 0),
(1569, 'Manchira', 9, 0),
(1570, 'Matare', 9, 0),
(1571, 'Mbalibali', 9, 0),
(1572, 'Morotonga', 9, 0),
(1573, 'Mosongo', 9, 0),
(1574, 'Mugumu', 9, 0),
(1575, 'Nagusi', 9, 0),
(1576, 'Natta', 9, 0),
(1577, 'Nyambureti', 9, 0),
(1578, 'Nyamoko', 9, 0),
(1579, 'Nyansurura', 9, 0),
(1580, 'Rigicha', 9, 0),
(1581, 'Ring?wani', 9, 0),
(1582, 'Rung?abure', 9, 0),
(1583, 'Sedeco', 9, 0),
(1584, 'Stendi kuu', 9, 0),
(1585, 'Binagi', 9, 0),
(1586, 'Bumera', 9, 0),
(1587, 'Ganyange', 9, 0),
(1588, 'Gorong''a', 9, 0),
(1589, 'Gwitiryo', 9, 0),
(1590, 'Itiryo', 9, 0),
(1591, 'Kemambo', 9, 0),
(1592, 'Kibasuka', 9, 0),
(1593, 'Kiore', 9, 0),
(1594, 'Komaswa', 9, 0),
(1595, 'Kwihancha', 9, 0),
(1596, 'Manga', 9, 0),
(1597, 'Matongo', 9, 0),
(1598, 'Mbogi', 9, 0),
(1599, 'Muriba', 9, 0),
(1600, 'Mwema', 9, 0),
(1601, 'Nyakonga', 9, 0),
(1602, 'Nyamwaga', 9, 0),
(1603, 'Nyanungu', 9, 0),
(1604, 'Nyarero', 9, 0),
(1605, 'Nyarukoba', 9, 0),
(1606, 'Nyasincha', 9, 0),
(1607, 'Pemba', 9, 0),
(1608, 'Regicheri', 9, 0),
(1609, 'Sirari', 9, 0),
(1610, 'Susuni', 9, 0),
(1611, 'Bomani', 9, 0),
(1612, 'Kenyamanyori', 9, 0),
(1613, 'Nkende', 9, 0),
(1614, 'Nyamisangura', 9, 0),
(1615, 'Nyandoto', 9, 0),
(1616, 'Sabasaba', 9, 0),
(1617, 'Turwa', 9, 0),
(1618, 'Isange', 9, 0),
(1619, 'Itete', 9, 0),
(1620, 'Kabula', 9, 0),
(1621, 'Kambasegela', 9, 0),
(1622, 'Kandete', 9, 0),
(1623, 'Kisegese', 9, 0),
(1624, 'Lufilyo', 9, 0),
(1625, 'Lupata', 9, 0),
(1626, 'Luteba', 9, 0),
(1627, 'Lwangwa', 9, 0),
(1628, 'Mpata', 9, 0),
(1629, 'Mpombo', 9, 0),
(1630, 'Ntaba', 9, 0),
(1631, 'Chalangwa', 9, 0),
(1632, 'Chokaa', 9, 0),
(1633, 'Galula', 9, 0),
(1634, 'Gua', 9, 0),
(1635, 'Ifumbo', 9, 0),
(1636, 'Ifwenkenya', 9, 0),
(1637, 'Itewe', 9, 0),
(1638, 'Kambikatoto', 9, 0),
(1639, 'Kanga', 9, 0),
(1640, 'Lualaje', 9, 0),
(1641, 'Lupa', 9, 0),
(1642, 'Mafyeko', 9, 0),
(1643, 'Makongolosi', 9, 0),
(1644, 'Matundasi', 9, 0),
(1645, 'Matwiga', 9, 0),
(1646, 'Mbangala', 9, 0),
(1647, 'Mbugani', 9, 0),
(1648, 'Mbuyuni', 9, 0),
(1649, 'Mkola', 9, 0),
(1650, 'Mkwajuni', 9, 0),
(1651, 'Mtanila', 9, 0),
(1652, 'Mwambani', 9, 0),
(1653, 'Namkukwe', 9, 0),
(1654, 'Ngwala', 9, 0),
(1655, 'Sangambi', 9, 0),
(1656, 'Saza', 9, 0),
(1657, 'Totowe', 9, 0),
(1658, 'Bujonde', 9, 0),
(1659, 'Busale', 9, 0),
(1660, 'Ibanda', 9, 0),
(1661, 'Ikama', 9, 0),
(1662, 'Ikimba', 9, 0),
(1663, 'Ikolo', 9, 0),
(1664, 'Ipande', 9, 0),
(1665, 'Ipinda', 9, 0),
(1666, 'Ipyana', 9, 0),
(1667, 'Itope', 9, 0),
(1668, 'Itunge', 9, 0),
(1669, 'Kajunjumele', 9, 0),
(1670, 'Katumbasongwe', 9, 0),
(1671, 'Kyela', 9, 0),
(1672, 'Lusungo', 9, 0),
(1673, 'Mababu', 9, 0),
(1674, 'Makwale', 9, 0),
(1675, 'Matema', 9, 0),
(1676, 'Mwanganyanga', 9, 0),
(1677, 'Mwaya', 9, 0),
(1678, 'Ndandalo', 9, 0),
(1679, 'Ndobo', 9, 0),
(1680, 'Ngana', 9, 0),
(1681, 'Ngonga', 9, 0),
(1682, 'Njisi', 9, 0),
(1683, 'Nkokwa', 9, 0),
(1684, 'Nkuyu', 9, 0),
(1685, 'Talatala', 9, 0),
(1686, 'Chimala', 9, 0),
(1687, 'Igava', 9, 0),
(1688, 'Igurusi', 9, 0),
(1689, 'Ihahi', 9, 0),
(1690, 'Imalilo Songwe', 9, 0),
(1691, 'Ipwani', 9, 0),
(1692, 'Itamboleo', 9, 0),
(1693, 'Kongolo', 9, 0),
(1694, 'Lugelele', 9, 0),
(1695, 'Luhanga', 9, 0),
(1696, 'Madibira', 9, 0),
(1697, 'Mahongole', 9, 0),
(1698, 'Mapogoro', 9, 0),
(1699, 'Mawindi', 9, 0),
(1700, 'Miyombweni', 9, 0),
(1701, 'Mwatenga', 9, 0),
(1702, 'Ruiwa', 9, 0),
(1703, 'Rujewa', 9, 0),
(1704, 'Ubaruku', 9, 0),
(1705, 'Utengule Usangu', 9, 0),
(1706, 'Bonde La Songwe', 9, 0),
(1707, 'Igale', 9, 0),
(1708, 'Igoma', 9, 0),
(1709, 'Ihango', 9, 0),
(1710, 'Ijombe', 9, 0),
(1711, 'Ikukwa', 9, 0),
(1712, 'Ilungu', 9, 0),
(1713, 'Inyala', 9, 0),
(1714, 'Isuto', 9, 0),
(1715, 'Itawa', 9, 0),
(1716, 'Iwiji', 9, 0),
(1717, 'Iwindi', 9, 0),
(1718, 'Iyunga Mapinduzi', 9, 0),
(1719, 'Izyra', 9, 0),
(1720, 'Lwanjilo', 9, 0),
(1721, 'Maendeleo', 9, 0),
(1722, 'Mjele', 9, 0),
(1723, 'Mshewe', 9, 0),
(1724, 'Nsalala', 9, 0),
(1725, 'Santilya', 9, 0),
(1726, 'Shizuvi', 9, 0),
(1727, 'Swaya', 9, 0),
(1728, 'Tembela', 9, 0),
(1729, 'Ulenje', 9, 0),
(1730, 'Utengule/Usongwe', 9, 0),
(1731, 'Iduda', 9, 0),
(1732, 'Iganzo', 9, 0),
(1733, 'Igawilo', 9, 0),
(1734, 'Ilemi', 9, 0),
(1735, 'Ilomba', 9, 0),
(1736, 'Isanga', 9, 0),
(1737, 'Isyesye', 9, 0),
(1738, 'Itende', 9, 0),
(1739, 'Itezi', 9, 0),
(1740, 'Iwambi', 9, 0),
(1741, 'Iyela', 9, 0),
(1742, 'Iyunga', 9, 0),
(1743, 'Iziwa', 9, 0),
(1744, 'Mabatini', 9, 0),
(1745, 'Mbalizi Road', 9, 0),
(1746, 'Mwakibete', 9, 0),
(1747, 'Mwansanga', 9, 0),
(1748, 'Mwansenkwa', 9, 0),
(1749, 'Nonde', 9, 0),
(1750, 'Nsalaga', 9, 0),
(1751, 'Nzovwe', 9, 0),
(1752, 'Ruanda', 9, 0),
(1753, 'Sinde', 9, 0),
(1754, 'Sisimba', 9, 0),
(1755, 'Uyole', 9, 0),
(1756, 'Bagamoyo', 9, 0),
(1757, 'Bujela', 9, 0),
(1758, 'Bulyaga', 9, 0),
(1759, 'Ibigi', 9, 0),
(1760, 'Ikuti', 9, 0),
(1761, 'Ilima', 9, 0),
(1762, 'Iponjola', 9, 0),
(1763, 'Isongole', 9, 0),
(1764, 'Itagata', 9, 0),
(1765, 'Kawetele', 9, 0),
(1766, 'Kinyala', 9, 0),
(1767, 'Kisiba', 9, 0),
(1768, 'Kisondela', 9, 0),
(1769, 'Kiwira', 9, 0),
(1770, 'Kyimo', 9, 0),
(1771, 'Lufingo', 9, 0),
(1772, 'Lupepo', 9, 0),
(1773, 'Makandana', 9, 0),
(1774, 'Malindo', 9, 0),
(1775, 'Masebe', 9, 0),
(1776, 'Masukulu', 9, 0),
(1777, 'Matwebe', 9, 0),
(1778, 'Mpuguso', 9, 0),
(1779, 'Ndanto', 9, 0),
(1780, 'Nkunga', 9, 0),
(1781, 'Suma', 9, 0),
(1782, 'Chagongwe', 9, 0),
(1783, 'Chakwale', 9, 0),
(1784, 'Chanjale', 9, 0),
(1785, 'Chigela', 9, 0),
(1786, 'Gairo', 9, 0),
(1787, 'Idibo', 9, 0),
(1788, 'Italagwe', 9, 0),
(1789, 'Iyogwe', 9, 0),
(1790, 'Kibedya', 9, 0),
(1791, 'Leshata', 9, 0),
(1792, 'Madege', 9, 0),
(1793, 'Magoweko', 9, 0),
(1794, 'Mandege', 9, 0),
(1795, 'Mkalama', 9, 0),
(1796, 'Msingisi', 9, 0),
(1797, 'Nongwe', 9, 0),
(1798, 'Rubeho', 9, 0),
(1799, 'Ukwamani', 9, 0),
(1800, 'Ifakara', 9, 0),
(1801, 'Katindiuka', 9, 0),
(1802, 'Lipangalala', 9, 0),
(1803, 'Lumemo', 9, 0),
(1804, 'Mbasa', 9, 0),
(1805, 'Michenga', 9, 0),
(1806, 'Mlabani', 9, 0),
(1807, 'Viwanjasitini', 9, 0),
(1808, 'Ching''anda', 9, 0),
(1809, 'Chisano', 9, 0),
(1810, 'Chita', 9, 0),
(1811, 'Igima', 9, 0),
(1812, 'Kalengakelo', 9, 0),
(1813, 'Kamwene', 9, 0),
(1814, 'Kiberege', 9, 0),
(1815, 'Kidatu', 9, 0),
(1816, 'Kisawasawa', 9, 0),
(1817, 'Mang''ula', 9, 0),
(1818, 'Mang''ula "B"', 9, 0),
(1819, 'Masagati', 9, 0),
(1820, 'Mbingu', 9, 0),
(1821, 'Mchombe', 9, 0),
(1822, 'Mkula', 9, 0),
(1823, 'Mlimba', 9, 0),
(1824, 'Mngeta', 9, 0),
(1825, 'Mofu', 9, 0),
(1826, 'Msolwa Station', 9, 0),
(1827, 'Namwawala', 9, 0),
(1828, 'Sanje', 9, 0),
(1829, 'Signal', 9, 0),
(1830, 'Uchindile', 9, 0),
(1831, 'Utengule', 9, 0),
(1832, 'Berega', 9, 0),
(1833, 'Chanzuru', 9, 0),
(1834, 'Dumila', 9, 0),
(1835, 'Kasiki', 9, 0),
(1836, 'Kidete', 9, 0),
(1837, 'Kidodi', 9, 0),
(1838, 'Kilangali', 9, 0),
(1839, 'Kimamba A', 9, 0),
(1840, 'Kimamba B', 9, 0),
(1841, 'Kisanga', 9, 0),
(1842, 'Kitete', 9, 0),
(1843, 'Lumbiji', 9, 0),
(1844, 'Mabula', 9, 0),
(1845, 'Mabwerebwere', 9, 0),
(1846, 'Madoto', 9, 0),
(1847, 'Magole', 9, 0),
(1848, 'Magubike', 9, 0),
(1849, 'Maguha', 9, 0),
(1850, 'Mamboya', 9, 0),
(1851, 'Masanze', 9, 0),
(1852, 'Mbigiri', 9, 0),
(1853, 'Mbumi', 9, 0),
(1854, 'Mhenda', 9, 0),
(1855, 'Mikumi', 9, 0),
(1856, 'Mkwatani', 9, 0),
(1857, 'Msowero', 9, 0),
(1858, 'Mtumbatu', 9, 0),
(1859, 'Mvumi', 9, 0),
(1860, 'Parakuyo', 9, 0),
(1861, 'Rudewa', 9, 0),
(1862, 'Ruhembe', 9, 0),
(1863, 'Tindiga', 9, 0),
(1864, 'Ulaya', 9, 0),
(1865, 'Uleling''ombe', 9, 0),
(1866, 'Vidunda', 9, 0),
(1867, 'Zombo', 9, 0),
(1868, 'Biro', 9, 0),
(1869, 'Igawa', 9, 0),
(1870, 'Kilosampepo', 9, 0),
(1871, 'Malinyi', 9, 0),
(1872, 'Mtimbira', 9, 0),
(1873, 'Ngoheranga', 9, 0),
(1874, 'Njiwa', 9, 0),
(1875, 'Sofi', 9, 0),
(1876, 'Usangule', 9, 0),
(1877, 'Bungu', 9, 0),
(1878, 'Bwakira Chini', 9, 0),
(1879, 'Bwakira Juu', 9, 0),
(1880, 'Gwata', 9, 0),
(1881, 'Kibogwa', 9, 0),
(1882, 'Kibuko', 9, 0),
(1883, 'Kibungo', 9, 0),
(1884, 'Kidugalo', 9, 0),
(1885, 'Kinole', 9, 0),
(1886, 'Kiroka', 9, 0),
(1887, 'Kisaki', 9, 0),
(1888, 'Kisemu', 9, 0),
(1889, 'Kolero', 9, 0),
(1890, 'Konde', 9, 0),
(1891, 'Lundi', 9, 0),
(1892, 'Matuli', 9, 0),
(1893, 'Mikese', 9, 0),
(1894, 'Mkambarani', 9, 0),
(1895, 'Mkulazi', 9, 0),
(1896, 'Mkuyuni', 9, 0),
(1897, 'Mngazi', 9, 0),
(1898, 'Mtombozi', 9, 0),
(1899, 'Mvuha', 9, 0),
(1900, 'Ngerengere', 9, 0),
(1901, 'Selembala', 9, 0),
(1902, 'Singisa', 9, 0),
(1903, 'Tawa', 9, 0),
(1904, 'Tegetero', 9, 0),
(1905, 'Tomondo', 9, 0),
(1906, 'Tununguo', 9, 0),
(1907, 'Bigwa', 9, 0),
(1908, 'Kauzeni', 9, 0),
(1909, 'Kichangani', 9, 0),
(1910, 'Kihonda', 9, 0),
(1911, 'Kihonda Maghorofani', 9, 0),
(1912, 'Kingo', 9, 0),
(1913, 'Kingolwira', 9, 0),
(1914, 'Luhungo', 9, 0),
(1915, 'Lukobe', 9, 0),
(1916, 'Mafiga', 9, 0),
(1917, 'Mafisa', 9, 0),
(1918, 'Magadu', 9, 0),
(1919, 'Mazimbu', 9, 0),
(1920, 'Mindu', 9, 0),
(1921, 'Mji Mkuu', 9, 0),
(1922, 'Mkundi', 9, 0),
(1923, 'Mlimani', 9, 0),
(1924, 'Mwembesongo', 9, 0),
(1925, 'Saba Saba', 9, 0),
(1926, 'Sultan Area', 9, 0),
(1927, 'Uwanja wa Taifa', 9, 0),
(1928, 'Bunduki', 9, 0),
(1929, 'Dakawa', 9, 0),
(1930, 'Diongoya', 9, 0),
(1931, 'Doma', 9, 0),
(1932, 'Hembeti', 9, 0),
(1933, 'Kibati', 9, 0),
(1934, 'Kikeo', 9, 0),
(1935, 'Kinda', 9, 0),
(1936, 'Langali', 9, 0),
(1937, 'Luale', 9, 0),
(1938, 'Maskati', 9, 0),
(1939, 'Melela', 9, 0),
(1940, 'Mgeta', 9, 0),
(1941, 'Mhonda', 9, 0),
(1942, 'Mtibwa', 9, 0),
(1943, 'Mvomero', 9, 0),
(1944, 'Mzumbe', 9, 0),
(1945, 'Nyandira', 9, 0),
(1946, 'Sungaji', 9, 0),
(1947, 'Tchenzema', 9, 0),
(1948, 'Chirombola', 9, 0),
(1949, 'Euga', 9, 0),
(1950, 'Ilonga', 9, 0),
(1951, 'Iragua', 9, 0),
(1952, 'Isongo', 9, 0),
(1953, 'Lukande', 9, 0),
(1954, 'Lupiro', 9, 0),
(1955, 'Minepa', 9, 0),
(1956, 'Msogezi', 9, 0),
(1957, 'Nawenge', 9, 0),
(1958, 'Sali', 9, 0),
(1959, 'Vigoi', 9, 0),
(1960, 'Chigugu', 9, 0),
(1961, 'Chikoropora', 9, 0),
(1962, 'Chikukwe', 9, 0),
(1963, 'Chikundi', 9, 0),
(1964, 'Chikunja', 9, 0),
(1965, 'Chiungutwa', 9, 0),
(1966, 'Chiwale', 9, 0),
(1967, 'Chiwata', 9, 0),
(1968, 'Lipumburu', 9, 0),
(1969, 'Lukuledi', 9, 0),
(1970, 'Lulindi', 9, 0),
(1971, 'Lupaso', 9, 0),
(1972, 'Makong?onda', 9, 0),
(1973, 'Mchauru', 9, 0),
(1974, 'Mitesa', 9, 0),
(1975, 'Mjelejele', 9, 0),
(1976, 'Mkululu', 9, 0),
(1977, 'Mlingula', 9, 0),
(1978, 'Mnavira', 9, 0),
(1979, 'Mpanyani', 9, 0),
(1980, 'Mpeta', 9, 0),
(1981, 'Mpindimbi', 9, 0),
(1982, 'Msikisi', 9, 0),
(1983, 'Mwena', 9, 0),
(1984, 'Namajani', 9, 0),
(1985, 'Namalenga', 9, 0),
(1986, 'Namatutwe', 9, 0),
(1987, 'Nangoo', 9, 0),
(1988, 'Nanjota', 9, 0),
(1989, 'Ndanda', 9, 0),
(1990, 'Sindano', 9, 0),
(1991, 'Chanikanguo', 9, 0),
(1992, 'Jida', 9, 0),
(1993, 'Marika', 9, 0),
(1994, 'Matawale', 9, 0),
(1995, 'Migongo', 9, 0),
(1996, 'Mkomaindo', 9, 0),
(1997, 'Mkuti', 9, 0),
(1998, 'Mtandi', 9, 0),
(1999, 'Mumbaka', 9, 0),
(2000, 'Mwenge Mtapika', 9, 0),
(2001, 'Napupa', 9, 0),
(2002, 'Nyasa', 9, 0),
(2003, 'Sululu', 9, 0),
(2004, 'Dihimba', 9, 0),
(2005, 'Kitere', 9, 0),
(2006, 'Libobe', 9, 0),
(2007, 'Lipwidi', 9, 0),
(2008, 'Madimba', 9, 0),
(2009, 'Mahurunga', 9, 0),
(2010, 'Mangopachanne', 9, 0),
(2011, 'Mayanga', 9, 0),
(2012, 'Mbawala', 9, 0),
(2013, 'Mkunwa', 9, 0),
(2014, 'Moma', 9, 0),
(2015, 'Mpapura', 9, 0),
(2016, 'Msanga Mkuu', 9, 0),
(2017, 'Msimbati', 9, 0),
(2018, 'Nalingu', 9, 0),
(2019, 'Nanguruwe', 9, 0),
(2020, 'Naumbu', 9, 0),
(2021, 'Ndumbwe', 9, 0),
(2022, 'Tangazo', 9, 0),
(2023, 'Chikongola', 9, 0),
(2024, 'Chuno', 9, 0),
(2025, 'Kisungule', 9, 0),
(2026, 'Likombe', 9, 0),
(2027, 'Magengeni', 9, 0),
(2028, 'Mitengo', 9, 0),
(2029, 'Mtawanya', 9, 0),
(2030, 'Mtonya', 9, 0),
(2031, 'Naliandele', 9, 0),
(2032, 'Reli', 9, 0),
(2033, 'Shangani', 9, 0),
(2034, 'Ufukoni', 9, 0),
(2035, 'Vigaeni', 9, 0),
(2036, 'Chawi', 9, 0),
(2037, 'Dinyecha', 9, 0),
(2038, 'Hinju', 9, 0),
(2039, 'Kianga', 9, 0),
(2040, 'Kiromba', 9, 0),
(2041, 'Kitaya', 9, 0),
(2042, 'Mbembaleo', 9, 0),
(2043, 'Milangominne', 9, 0),
(2044, 'Mnima', 9, 0),
(2045, 'Mnongodi', 9, 0),
(2046, 'Mtimbwilimbwi', 9, 0),
(2047, 'Mtiniko', 9, 0),
(2048, 'Namtumbuka', 9, 0),
(2049, 'Nanyamba', 9, 0),
(2050, 'Nitekela', 9, 0),
(2051, 'Njengwa', 9, 0),
(2052, 'Nyundo', 9, 0),
(2053, 'Chipuputa', 9, 0),
(2054, 'Kamundi', 9, 0),
(2055, 'Likokona', 9, 0),
(2056, 'Lumesule', 9, 0),
(2057, 'Mangaka', 9, 0),
(2058, 'Maratani', 9, 0),
(2059, 'Masuguru', 9, 0),
(2060, 'Michiga', 9, 0),
(2061, 'Mikangaula', 9, 0),
(2062, 'Mkonona', 9, 0),
(2063, 'Mnanje', 9, 0),
(2064, 'Nakopi', 9, 0),
(2065, 'Nandete', 9, 0),
(2066, 'Nangomba', 9, 0),
(2067, 'Nanyumbu', 9, 0),
(2068, 'Sengenya', 9, 0),
(2069, 'Chihangu', 9, 0),
(2070, 'Chilangala', 9, 0),
(2071, 'Chitekete', 9, 0),
(2072, 'Chiwonga', 9, 0),
(2073, 'Kitangari', 9, 0),
(2074, 'Makukwe', 9, 0),
(2075, 'Malatu', 9, 0),
(2076, 'Maputi', 9, 0),
(2077, 'Mchemo', 9, 0),
(2078, 'Mdimba Mpelepele', 9, 0),
(2079, 'Mkoma II', 9, 0),
(2080, 'Mkwedu', 9, 0),
(2081, 'Mnyambe', 9, 0),
(2082, 'Mnyeu', 9, 0),
(2083, 'Mpwapwa', 9, 0),
(2084, 'Mtopwa', 9, 0),
(2085, 'Mtunguru', 9, 0),
(2086, 'Nakahako', 9, 0),
(2087, 'Nambali', 9, 0),
(2088, 'Nandwahi', 9, 0),
(2089, 'Julia', 9, 0),
(2090, 'Luchingu', 9, 0),
(2091, 'Mahumbika', 9, 0),
(2092, 'Makonga', 9, 0),
(2093, 'Makote', 9, 0),
(2094, 'Mcholi I', 9, 0),
(2095, 'Mcholi II', 9, 0),
(2096, 'Mkulung''ulu', 9, 0),
(2097, 'Mkunya', 9, 0),
(2098, 'Mnekachi', 9, 0),
(2099, 'Mtumachi', 9, 0),
(2100, 'Namiyonga', 9, 0),
(2101, 'Nangwala', 9, 0),
(2102, 'Tulindane', 9, 0),
(2103, 'Chaume', 9, 0),
(2104, 'Chingungwe', 9, 0),
(2105, 'Dinduma', 9, 0),
(2106, 'Kitama', 9, 0),
(2107, 'Kwanyama', 9, 0),
(2108, 'Litehu', 9, 0),
(2109, 'Luagala', 9, 0),
(2110, 'Lukokoda', 9, 0),
(2111, 'Lyenje', 9, 0),
(2112, 'Mahuta', 9, 0),
(2113, 'Malopokelo', 9, 0),
(2114, 'Maundo', 9, 0),
(2115, 'Mchichira', 9, 0),
(2116, 'Mdimba Mnyoma', 9, 0),
(2117, 'Michenjele', 9, 0),
(2118, 'Mihambwe', 9, 0),
(2119, 'Milongodi', 9, 0),
(2120, 'Miuta', 9, 0),
(2121, 'Mkonjowano', 9, 0),
(2122, 'Mkoreha', 9, 0),
(2123, 'Mkwiti', 9, 0),
(2124, 'Mndumbwe', 9, 0),
(2125, 'Mnyawa', 9, 0),
(2126, 'Nambahu', 9, 0),
(2127, 'Namikupa', 9, 0),
(2128, 'Nanhyanga', 9, 0),
(2129, 'Naputa', 9, 0),
(2130, 'Ngunja', 9, 0),
(2131, 'Tandahimba', 9, 0),
(2132, 'Bugoro', 9, 0),
(2133, 'Bukokwa', 9, 0),
(2134, 'Bulyaheke', 9, 0),
(2135, 'Bupandwa', 9, 0),
(2136, 'Iligamba', 9, 0),
(2137, 'Irenza', 9, 0),
(2138, 'Kafunzo', 9, 0),
(2139, 'Kalebezo', 9, 0),
(2140, 'Kasisa', 9, 0),
(2141, 'Katwe', 9, 0),
(2142, 'kazunzu', 9, 0),
(2143, 'Lugata', 9, 0),
(2144, 'Maisome', 9, 0),
(2145, 'Nyakaliro', 9, 0),
(2146, 'Nyakasasa', 9, 0),
(2147, 'Nyakasungwa', 9, 0),
(2148, 'Nyanzenda', 9, 0),
(2149, 'Nyehunge', 9, 0),
(2150, 'Uharanyonga', 9, 0),
(2151, 'Bugogwa', 9, 0),
(2152, 'Buswelu', 9, 0),
(2153, 'Buzuruga', 9, 0),
(2154, 'Ibungilo', 9, 0),
(2155, 'Kahama', 9, 0),
(2156, 'Kawekamo', 9, 0),
(2157, 'Kayenze', 9, 0),
(2158, 'Kirumba', 9, 0),
(2159, 'Kiseke', 9, 0),
(2160, 'Kitangiri', 9, 0);
INSERT INTO `ward` (`id`, `name`, `council_id`, `status`) VALUES
(2161, 'MECCO', 9, 0),
(2162, 'Nyamanoro', 9, 0),
(2163, 'Nyamhongolo', 9, 0),
(2164, 'Nyasaka', 9, 0),
(2165, 'Pasiansi', 9, 0),
(2166, 'Sangabuye', 9, 0),
(2167, 'Shibula', 9, 0),
(2168, 'Bugando', 9, 0),
(2169, 'Bungulwa', 9, 0),
(2170, 'Bupamwa', 9, 0),
(2171, 'Fukalo', 9, 0),
(2172, 'Hungumalwa', 9, 0),
(2173, 'Igongwa', 9, 0),
(2174, 'Iseni', 9, 0),
(2175, 'Kikubiji', 9, 0),
(2176, 'Lyoma', 9, 0),
(2177, 'Maligisu', 9, 0),
(2178, 'Malya', 9, 0),
(2179, 'Mantare', 9, 0),
(2180, 'Mhande', 9, 0),
(2181, 'Mwabomba', 9, 0),
(2182, 'Mwagi', 9, 0),
(2183, 'Mwakilyambiti', 9, 0),
(2184, 'Mwamala', 9, 0),
(2185, 'Mwandu', 9, 0),
(2186, 'Mwang''halanga', 9, 0),
(2187, 'Mwankulwe', 9, 0),
(2188, 'Ng''hundi', 9, 0),
(2189, 'Ngudu', 9, 0),
(2190, 'Ngulla', 9, 0),
(2191, 'Nkalalo', 9, 0),
(2192, 'Nyambiti', 9, 0),
(2193, 'Nyamilama', 9, 0),
(2194, 'Shilembo', 9, 0),
(2195, 'Sumve', 9, 0),
(2196, 'Walla', 9, 0),
(2197, 'Buhumbi', 9, 0),
(2198, 'Bujashi', 9, 0),
(2199, 'Bujora', 9, 0),
(2200, 'Chabula', 9, 0),
(2201, 'Isandula', 9, 0),
(2202, 'Itumbili', 9, 0),
(2203, 'Jinjimili', 9, 0),
(2204, 'Kabila', 9, 0),
(2205, 'Kahangara', 9, 0),
(2206, 'Kandawe', 9, 0),
(2207, 'Kisesa', 9, 0),
(2208, 'Kitongo sima', 9, 0),
(2209, 'Lubugu', 9, 0),
(2210, 'Lutale', 9, 0),
(2211, 'Magu mjini', 9, 0),
(2212, 'Mwamabanza', 9, 0),
(2213, 'Mwamanga', 9, 0),
(2214, 'Ng''haya', 9, 0),
(2215, 'Nkungulu', 9, 0),
(2216, 'Nyanguge', 9, 0),
(2217, 'Nyigogo', 9, 0),
(2218, 'Shishani', 9, 0),
(2219, 'Sukuma', 9, 0),
(2220, 'Buhingo', 9, 0),
(2221, 'Bulemeji', 9, 0),
(2222, 'Busongo', 9, 0),
(2223, 'Fella', 9, 0),
(2224, 'Gulumungu', 9, 0),
(2225, 'Idetemya', 9, 0),
(2226, 'Igokelo', 9, 0),
(2227, 'Ilujamate', 9, 0),
(2228, 'Isengengeja', 9, 0),
(2229, 'Isesa', 9, 0),
(2230, 'Kanyelele', 9, 0),
(2231, 'Kasololo', 9, 0),
(2232, 'Kijima', 9, 0),
(2233, 'Koromije', 9, 0),
(2234, 'Lubili', 9, 0),
(2235, 'Mabuki', 9, 0),
(2236, 'Mamaye', 9, 0),
(2237, 'Mbarika', 9, 0),
(2238, 'Misasi', 9, 0),
(2239, 'Misungwi', 9, 0),
(2240, 'Nhundulu', 9, 0),
(2241, 'Shilalo', 9, 0),
(2242, 'Sumbugu', 9, 0),
(2243, 'Ukiriguru', 9, 0),
(2244, 'Usagara', 9, 0),
(2245, 'Buhongwa', 9, 0),
(2246, 'Igogo', 9, 0),
(2247, 'Isamilo', 9, 0),
(2248, 'Kishili', 9, 0),
(2249, 'Mahina', 9, 0),
(2250, 'Mhandu', 9, 0),
(2251, 'Mirongo', 9, 0),
(2252, 'Mkolani', 9, 0),
(2253, 'Nyamagana', 9, 0),
(2254, 'Nyegezi', 9, 0),
(2255, 'Pamba', 9, 0),
(2256, 'Bitoto', 9, 0),
(2257, 'Busisi', 9, 0),
(2258, 'Buyagu', 9, 0),
(2259, 'Buzilasoga', 9, 0),
(2260, 'Chifunfu', 9, 0),
(2261, 'Ibisabageni', 9, 0),
(2262, 'Ibondo', 9, 0),
(2263, 'Igulumuki', 9, 0),
(2264, 'Kahumulo', 9, 0),
(2265, 'Kasenyi', 9, 0),
(2266, 'Kasungamile', 9, 0),
(2267, 'Katunguru', 9, 0),
(2268, 'Kishinda', 9, 0),
(2269, 'Mission', 9, 0),
(2270, 'Mwabaluhi', 9, 0),
(2271, 'Ngoma', 9, 0),
(2272, 'Nyamatongo', 9, 0),
(2273, 'Nyamazugo', 9, 0),
(2274, 'Nyamizeze', 9, 0),
(2275, 'Nyampande', 9, 0),
(2276, 'Nyampulukano', 9, 0),
(2277, 'Nyatukara', 9, 0),
(2278, 'Sima', 9, 0),
(2279, 'Tabaruka', 9, 0),
(2280, 'Bukanda', 9, 0),
(2281, 'Bukiko', 9, 0),
(2282, 'Bukindo', 9, 0),
(2283, 'Bukongo', 9, 0),
(2284, 'Bukungu', 9, 0),
(2285, 'Bwiro', 9, 0),
(2286, 'Bwisya', 9, 0),
(2287, 'Igalla', 9, 0),
(2288, 'Ilangala', 9, 0),
(2289, 'Irugwa', 9, 0),
(2290, 'Kagunguli', 9, 0),
(2291, 'Kakerege', 9, 0),
(2292, 'Kakukuru', 9, 0),
(2293, 'Mukituntu', 9, 0),
(2294, 'Muriti', 9, 0),
(2295, 'Murutunguru', 9, 0),
(2296, 'Nakatunguru', 9, 0),
(2297, 'Namagondo', 9, 0),
(2298, 'Namilembe', 9, 0),
(2299, 'Nansio', 9, 0),
(2300, 'Nkilizya', 9, 0),
(2301, 'Nyamanga', 9, 0),
(2302, 'Ibumi', 9, 0),
(2303, 'Kilondo', 9, 0),
(2304, 'Lifuma', 9, 0),
(2305, 'Luana', 9, 0),
(2306, 'Ludende', 9, 0),
(2307, 'Ludewa', 9, 0),
(2308, 'Lugarawa', 9, 0),
(2309, 'Luilo', 9, 0),
(2310, 'Lumbila', 9, 0),
(2311, 'Lupanga', 9, 0),
(2312, 'Lupingu', 9, 0),
(2313, 'Madilu', 9, 0),
(2314, 'Madope', 9, 0),
(2315, 'Makonde', 9, 0),
(2316, 'Masasi', 9, 0),
(2317, 'Mavanga', 9, 0),
(2318, 'Mawengi', 9, 0),
(2319, 'Milo', 9, 0),
(2320, 'Mkongobaki', 9, 0),
(2321, 'Mlangali', 9, 0),
(2322, 'Mundindi', 9, 0),
(2323, 'Nkomang''ombe', 9, 0),
(2324, 'Ruhuhu', 9, 0),
(2325, 'Kitandililo', 9, 0),
(2326, 'Kitisi', 9, 0),
(2327, 'Kivavi', 9, 0),
(2328, 'Lyamkena', 9, 0),
(2329, 'Maguvani', 9, 0),
(2330, 'Makambako', 9, 0),
(2331, 'Mwembetogwa', 9, 0),
(2332, 'Bulongwa', 9, 0),
(2333, 'Ikuwo', 9, 0),
(2334, 'Iniho', 9, 0),
(2335, 'Ipelele', 9, 0),
(2336, 'Ipepo', 9, 0),
(2337, 'Isapulano', 9, 0),
(2338, 'Itundu', 9, 0),
(2339, 'Iwawa', 9, 0),
(2340, 'Kapagalo', 9, 0),
(2341, 'Kigala', 9, 0),
(2342, 'Kigulu', 9, 0),
(2343, 'Kinyika', 9, 0),
(2344, 'Kitulo', 9, 0),
(2345, 'Lupalilo', 9, 0),
(2346, 'Lupila', 9, 0),
(2347, 'Luwumbu', 9, 0),
(2348, 'Mang''oto', 9, 0),
(2349, 'Matamba', 9, 0),
(2350, 'Mbalatse', 9, 0),
(2351, 'Mfumbi', 9, 0),
(2352, 'Mlondwe', 9, 0),
(2353, 'Tandala', 9, 0),
(2354, 'Ukwama', 9, 0),
(2355, 'Idamba', 9, 0),
(2356, 'Igongolo', 9, 0),
(2357, 'Ikuna', 9, 0),
(2358, 'Kichiwa', 9, 0),
(2359, 'Kidegembye', 9, 0),
(2360, 'Lupembe', 9, 0),
(2361, 'Matembwe', 9, 0),
(2362, 'Mfriga', 9, 0),
(2363, 'Ninga', 9, 0),
(2364, 'Ihanga', 9, 0),
(2365, 'Iwungilo', 9, 0),
(2366, 'Kifanya', 9, 0),
(2367, 'Lugenge', 9, 0),
(2368, 'Luponde', 9, 0),
(2369, 'Makowo', 9, 0),
(2370, 'Matola', 9, 0),
(2371, 'Njombe Mjini', 9, 0),
(2372, 'Ramadhani', 9, 0),
(2373, 'Utalingoro', 9, 0),
(2374, 'Uwemba', 9, 0),
(2375, 'Yakobi', 9, 0),
(2376, 'Igosi', 9, 0),
(2377, 'Igwachanya', 9, 0),
(2378, 'Ilembula', 9, 0),
(2379, 'Imalinyi', 9, 0),
(2380, 'Itulahumba', 9, 0),
(2381, 'Kidugala', 9, 0),
(2382, 'Kijombe', 9, 0),
(2383, 'Kipengele', 9, 0),
(2384, 'Luduga', 9, 0),
(2385, 'Makoga', 9, 0),
(2386, 'Mdandu', 9, 0),
(2387, 'Saja', 9, 0),
(2388, 'Uhambule', 9, 0),
(2389, 'Ulembwe', 9, 0),
(2390, 'Usuka', 9, 0),
(2391, 'Wangama', 9, 0),
(2392, 'Wanging''ombe', 9, 0),
(2393, 'Dunda', 9, 0),
(2394, 'Fukayosi', 9, 0),
(2395, 'Kerege', 9, 0),
(2396, 'Kiromo', 9, 0),
(2397, 'Makurunge', 9, 0),
(2398, 'Mapinga', 9, 0),
(2399, 'Nia Njema', 9, 0),
(2400, 'Yombo', 9, 0),
(2401, 'Zinga', 9, 0),
(2402, 'Bwilingu', 9, 0),
(2403, 'Kibindu', 9, 0),
(2404, 'Kimange', 9, 0),
(2405, 'Kiwangwa', 9, 0),
(2406, 'Lugoba', 9, 0),
(2407, 'Mandera', 9, 0),
(2408, 'Mbwewe', 9, 0),
(2409, 'Miono', 9, 0),
(2410, 'Mkange', 9, 0),
(2411, 'Msata', 9, 0),
(2412, 'Msoga', 9, 0),
(2413, 'Pera', 9, 0),
(2414, 'Talawanda', 9, 0),
(2415, 'Ubenazomozi', 9, 0),
(2416, 'Vigwaza', 9, 0),
(2417, 'Bokomnemela', 9, 0),
(2418, 'Dutumi', 9, 0),
(2419, 'Janga', 9, 0),
(2420, 'Kawawa', 9, 0),
(2421, 'Kikongo', 9, 0),
(2422, 'Kilangalanga', 9, 0),
(2423, 'Kwala', 9, 0),
(2424, 'Magindu', 9, 0),
(2425, 'Mlandizi', 9, 0),
(2426, 'Mtambani', 9, 0),
(2427, 'Mtongani', 9, 0),
(2428, 'Soga', 9, 0),
(2429, 'Kibaha', 9, 0),
(2430, 'Kongowe', 9, 0),
(2431, 'Mailimoja', 9, 0),
(2432, 'Mbwawa', 9, 0),
(2433, 'Misugusugu', 9, 0),
(2434, 'Mkuza', 9, 0),
(2435, 'Msangani', 9, 0),
(2436, 'Pangani', 9, 0),
(2437, 'Picha ya ndege', 9, 0),
(2438, 'Tumbi', 9, 0),
(2439, 'Visiga', 9, 0),
(2440, 'Boga', 9, 0),
(2441, 'Chole', 9, 0),
(2442, 'Kazimzumbwi', 9, 0),
(2443, 'Kibuta', 9, 0),
(2444, 'Kiluvya', 9, 0),
(2445, 'Kisarawe', 9, 0),
(2446, 'Kurui', 9, 0),
(2447, 'Mafizi', 9, 0),
(2448, 'Maneromango', 9, 0),
(2449, 'Marui', 9, 0),
(2450, 'Marumbo', 9, 0),
(2451, 'Masaki', 9, 0),
(2452, 'Msimbu', 9, 0),
(2453, 'Mzenga', 9, 0),
(2454, 'Vihingo', 9, 0),
(2455, 'Vikumburu', 9, 0),
(2456, 'Baleni', 9, 0),
(2457, 'Jibondo', 9, 0),
(2458, 'Kiegeani', 9, 0),
(2459, 'Kilindoni', 9, 0),
(2460, 'Ndagoni', 9, 0),
(2461, 'Beta', 9, 0),
(2462, 'Bupu', 9, 0),
(2463, 'Dondo', 9, 0),
(2464, 'Kimanzichana', 9, 0),
(2465, 'Kiparang''anda', 9, 0),
(2466, 'Kisiju', 9, 0),
(2467, 'Kitomondo', 9, 0),
(2468, 'Lukanga', 9, 0),
(2469, 'Magawa', 9, 0),
(2470, 'Mipeko', 9, 0),
(2471, 'Mkamba', 9, 0),
(2472, 'Mkuranga', 9, 0),
(2473, 'Msonga', 9, 0),
(2474, 'Mwandege', 9, 0),
(2475, 'Mwarusembe', 9, 0),
(2476, 'Njianne', 9, 0),
(2477, 'Nyamato', 9, 0),
(2478, 'Panzuo', 9, 0),
(2479, 'Shungubweni', 9, 0),
(2480, 'Tambani', 9, 0),
(2481, 'Tengelea', 9, 0),
(2482, 'Vianzi', 9, 0),
(2483, 'Vikindu', 9, 0),
(2484, 'Chumbi', 9, 0),
(2485, 'Dimani', 9, 0),
(2486, 'Ikwiriri', 9, 0),
(2487, 'Kibiti', 9, 0),
(2488, 'Kiongoroni', 9, 0),
(2489, 'Kipugira', 9, 0),
(2490, 'Mahege', 9, 0),
(2491, 'Maparoni', 9, 0),
(2492, 'Mbuchi', 9, 0),
(2493, 'Mbwara', 9, 0),
(2494, 'Mchukwi', 9, 0),
(2495, 'Mgomba', 9, 0),
(2496, 'Mjawa', 9, 0),
(2497, 'Mkongo', 9, 0),
(2498, 'Mlanzi', 9, 0),
(2499, 'Mohoro', 9, 0),
(2500, 'Msala', 9, 0),
(2501, 'Mtunda', 9, 0),
(2502, 'Mwambao', 9, 0),
(2503, 'Mwaseni', 9, 0),
(2504, 'Ngarambe', 9, 0),
(2505, 'Ngorongo', 9, 0),
(2506, 'Ruaruke', 9, 0),
(2507, 'Salale', 9, 0),
(2508, 'Umwe', 9, 0),
(2509, 'Utete', 9, 0),
(2510, 'Kanyezi', 9, 0),
(2511, 'Katazi', 9, 0),
(2512, 'Katete', 9, 0),
(2513, 'Kilesha', 9, 0),
(2514, 'Kisumba', 9, 0),
(2515, 'Legeza Mwendo', 9, 0),
(2516, 'Mambwekenya', 9, 0),
(2517, 'Matai', 9, 0),
(2518, 'Mkali', 9, 0),
(2519, 'Mkowe', 9, 0),
(2520, 'Mnamba', 9, 0),
(2521, 'Msanzi', 9, 0),
(2522, 'Mwazye', 9, 0),
(2523, 'Mwimbi', 9, 0),
(2524, 'Sopa', 9, 0),
(2525, 'Ulumi', 9, 0),
(2526, 'Chala', 9, 0),
(2527, 'Isale', 9, 0),
(2528, 'Isale Asilia', 9, 0),
(2529, 'Isunta', 9, 0),
(2530, 'Kabwe', 9, 0),
(2531, 'Kala', 9, 0),
(2532, 'Kate', 9, 0),
(2533, 'Kipande', 9, 0),
(2534, 'Kipili', 9, 0),
(2535, 'Kipundu', 9, 0),
(2536, 'Kirando', 9, 0),
(2537, 'Kizumbi', 9, 0),
(2538, 'Korongwe', 9, 0),
(2539, 'Mashete', 9, 0),
(2540, 'Mkinga', 9, 0),
(2541, 'Mkwamba', 9, 0),
(2542, 'Mtenga', 9, 0),
(2543, 'Myula', 9, 0),
(2544, 'Namanyere', 9, 0),
(2545, 'Ninde', 9, 0),
(2546, 'Nkandasi', 9, 0),
(2547, 'Nkomolo', 9, 0),
(2548, 'Ntatumbila', 9, 0),
(2549, 'Paramawe', 9, 0),
(2550, 'Sintali', 9, 0),
(2551, 'Wampembe', 9, 0),
(2552, 'Ikozi', 9, 0),
(2553, 'Ilemba', 9, 0),
(2554, 'Kaengesa', 9, 0),
(2555, 'Kalambanzite', 9, 0),
(2556, 'Kalumbaleza', 9, 0),
(2557, 'Kanda', 9, 0),
(2558, 'Kaoze', 9, 0),
(2559, 'Kapenta', 9, 0),
(2560, 'Kasanzama', 9, 0),
(2561, 'Kilangawana', 9, 0),
(2562, 'Kipeta', 9, 0),
(2563, 'Laela', 9, 0),
(2564, 'Lusaka', 9, 0),
(2565, 'Lyangalile', 9, 0),
(2566, 'Mfinga', 9, 0),
(2567, 'Miangalua', 9, 0),
(2568, 'Milepa', 9, 0),
(2569, 'Mnokola', 9, 0),
(2570, 'Mpui', 9, 0),
(2571, 'Msanda Muungano', 9, 0),
(2572, 'Mtowisa', 9, 0),
(2573, 'Muze', 9, 0),
(2574, 'Mwadui', 9, 0),
(2575, 'Nankanga', 9, 0),
(2576, 'Sandulula', 9, 0),
(2577, 'Zimba', 9, 0),
(2578, 'Chanji', 9, 0),
(2579, 'Izia', 9, 0),
(2580, 'Kasense', 9, 0),
(2581, 'Katandala', 9, 0),
(2582, 'Kizwite', 9, 0),
(2583, 'Lwiche', 9, 0),
(2584, 'Mafulala', 9, 0),
(2585, 'Matanga', 9, 0),
(2586, 'Mazwi', 9, 0),
(2587, 'Milanzi', 9, 0),
(2588, 'Mollo', 9, 0),
(2589, 'Momoka', 9, 0),
(2590, 'Msua', 9, 0),
(2591, 'Ntendo', 9, 0),
(2592, 'Pito', 9, 0),
(2593, 'Sumbawanga', 9, 0),
(2594, 'Gumbiro', 9, 0),
(2595, 'Lituta', 9, 0),
(2596, 'Mahanje', 9, 0),
(2597, 'Mateteleka', 9, 0),
(2598, 'Matumbi', 9, 0),
(2599, 'Mkongotema', 9, 0),
(2600, 'Mtyangimbole', 9, 0),
(2601, 'Wino', 9, 0),
(2602, 'Amani Makolo', 9, 0),
(2603, 'Kambarage', 9, 0),
(2604, 'Kihangi Mahuka', 9, 0),
(2605, 'Kingosera', 9, 0),
(2606, 'Kipapa', 9, 0),
(2607, 'Kipololo', 9, 0),
(2608, 'Kitumbalomo', 9, 0),
(2609, 'Kitura', 9, 0),
(2610, 'Langiro', 9, 0),
(2611, 'Linda', 9, 0),
(2612, 'Litembo', 9, 0),
(2613, 'Litumbandyosi', 9, 0),
(2614, 'Lukarasi', 10, 0),
(2615, 'Maguu', 10, 0),
(2616, 'Mapera', 10, 0),
(2617, 'Matiri', 10, 0),
(2618, 'Mbuji', 10, 0),
(2619, 'Mhongozi', 10, 0),
(2620, 'Mikalanga', 10, 0),
(2621, 'Mkako', 10, 0),
(2622, 'Mkumbi', 10, 0),
(2623, 'Mpapa', 10, 0),
(2624, 'Namswea', 10, 0),
(2625, 'Ngima', 10, 0),
(2626, 'Nyoni', 10, 0),
(2627, 'Ukata', 10, 0),
(2628, 'Wukiro', 10, 0),
(2629, 'Betrehemu', 10, 0),
(2630, 'Kagugu', 10, 0),
(2631, 'Kihungu', 10, 0),
(2632, 'Kikolo', 10, 0),
(2633, 'Kitanda', 10, 0),
(2634, 'Luhuwiko', 10, 0),
(2635, 'Lusonga', 10, 0),
(2636, 'Luwaita', 10, 0),
(2637, 'Masumuni', 10, 0),
(2638, 'Matarawe', 10, 0),
(2639, 'Mateka', 10, 0),
(2640, 'Mbambi', 10, 0),
(2641, 'Mbangamao', 10, 0),
(2642, 'Mbinga mjini', 10, 0),
(2643, 'Mbinga Mjini B', 10, 0),
(2644, 'Mpepai', 10, 0),
(2645, 'Myangayanga', 10, 0),
(2646, 'Utiri', 10, 0),
(2647, 'Hanga', 10, 0),
(2648, 'Ligera', 10, 0),
(2649, 'Likuyuseka', 10, 0),
(2650, 'Limamu', 10, 0),
(2651, 'Lisimonji', 10, 0),
(2652, 'Litola', 10, 0),
(2653, 'Luchili', 10, 0),
(2654, 'Luegu', 10, 0),
(2655, 'Lusewa', 10, 0),
(2656, 'Magazini', 10, 0),
(2657, 'Mchomolo', 10, 0),
(2658, 'Mgombasi', 10, 0),
(2659, 'Mkongo gulioni', 10, 0),
(2660, 'Mputa', 10, 0),
(2661, 'Msisima', 10, 0),
(2662, 'Namabengo', 10, 0),
(2663, 'Namtumbo', 10, 0),
(2664, 'Rwinga', 10, 0),
(2665, 'Chiwanda', 10, 0),
(2666, 'Kihagara', 10, 0),
(2667, 'Kilosa', 10, 0),
(2668, 'Kingerikiti', 10, 0),
(2669, 'Linga', 10, 0),
(2670, 'Liparamba', 10, 0),
(2671, 'Lipingo', 10, 0),
(2672, 'Lituhi', 10, 0),
(2673, 'Liuli', 10, 0),
(2674, 'Liwundi', 10, 0),
(2675, 'Luhangarasi', 10, 0),
(2676, 'Lumeme', 10, 0),
(2677, 'Mbaha', 10, 0),
(2678, 'Mbamba bay', 10, 0),
(2679, 'Mipotopoto', 10, 0),
(2680, 'Mpepo', 10, 0),
(2681, 'Mtipwili', 10, 0),
(2682, 'Ngumbo', 10, 0),
(2683, 'Upolo', 10, 0),
(2684, 'Kilagano', 10, 0),
(2685, 'Kizuka', 10, 0),
(2686, 'Liganga', 10, 0),
(2687, 'Lilahi', 10, 0),
(2688, 'Litapwasi', 10, 0),
(2689, 'Litisha', 10, 0),
(2690, 'Magagula', 10, 0),
(2691, 'MAKWAYA', 10, 0),
(2692, 'Maposeni', 10, 0),
(2693, 'Matimila', 10, 0),
(2694, 'Mbinga Mhalule', 10, 0),
(2695, 'Mpandangindo', 10, 0),
(2696, 'Mpitimbi', 10, 0),
(2697, 'NAKAWALE', 10, 0),
(2698, 'Ndongosi', 10, 0),
(2699, 'PARANGU', 10, 0),
(2700, 'Peramiho', 10, 0),
(2701, 'Bombambili', 10, 0),
(2702, 'Lilambo', 10, 0),
(2703, 'Lizaboni', 10, 0),
(2704, 'Mashangano', 10, 0),
(2705, 'Matogoro', 10, 0),
(2706, 'Mfaranyaki', 10, 0),
(2707, 'Misufini', 10, 0),
(2708, 'Mjini', 10, 0),
(2709, 'Mletele', 10, 0),
(2710, 'Msamala', 10, 0),
(2711, 'Mwengemshindo', 10, 0),
(2712, 'Ndilimalitembo', 10, 0),
(2713, 'Ruhuwiko', 10, 0),
(2714, 'Ruvuma', 10, 0),
(2715, 'Seedfarm', 10, 0),
(2716, 'Subira', 10, 0),
(2717, 'Tanga', 10, 0),
(2718, 'Chiwana', 10, 0),
(2719, 'Jakika', 10, 0),
(2720, 'Kalulu', 10, 0),
(2721, 'Kidodoma', 10, 0),
(2722, 'Ligoma', 10, 0),
(2723, 'Ligunga', 10, 0),
(2724, 'Lukumbule', 10, 0),
(2725, 'Majimaji', 10, 0),
(2726, 'Marumba', 10, 0),
(2727, 'Masonya', 10, 0),
(2728, 'Matemanga', 10, 0),
(2729, 'Mbati', 10, 0),
(2730, 'Mbesa', 10, 0),
(2731, 'Mchangani', 10, 0),
(2732, 'Mchesi', 10, 0),
(2733, 'Mchoteka', 10, 0),
(2734, 'Mchuluka', 10, 0),
(2735, 'Misechela', 10, 0),
(2736, 'Mlingoti Magharibi', 10, 0),
(2737, 'Mlingoti Mashariki', 10, 0),
(2738, 'Mtina', 10, 0),
(2739, 'Muhuwesi', 10, 0),
(2740, 'Nakapanya', 10, 0),
(2741, 'Nakayaya', 10, 0),
(2742, 'Nalasi Magharibi', 10, 0),
(2743, 'Nalasi Mashariki', 10, 0),
(2744, 'Namakambale', 10, 0),
(2745, 'Namasakata', 10, 0),
(2746, 'Namiungo', 10, 0),
(2747, 'Nampungu', 10, 0),
(2748, 'Namwinyu', 10, 0),
(2749, 'Nandembo', 10, 0),
(2750, 'Nanjoka', 10, 0),
(2751, 'Ngapa', 10, 0),
(2752, 'Sisi Kwa Sisi', 10, 0),
(2753, 'Tinginya', 10, 0),
(2754, 'Tuwemacho', 10, 0),
(2755, 'Busoka', 10, 0),
(2756, 'Isagehe', 10, 0),
(2757, 'Iyenze', 10, 0),
(2758, 'Kagongwa', 10, 0),
(2759, 'Kahama Mjini', 10, 0),
(2760, 'Kilago', 10, 0),
(2761, 'Kinaga', 10, 0),
(2762, 'Malunga', 10, 0),
(2763, 'Mhongolo', 10, 0),
(2764, 'Mhungula', 10, 0),
(2765, 'Mwandakulima', 10, 0),
(2766, 'Ngogwa', 10, 0),
(2767, 'Nyahanga', 10, 0),
(2768, 'Nyandekwa', 10, 0),
(2769, 'Nyasubi', 10, 0),
(2770, 'Nyihogo', 10, 0),
(2771, 'Wendele', 10, 0),
(2772, 'Zongomera', 10, 0),
(2773, 'Bubiki', 10, 0),
(2774, 'Bunambiyu', 10, 0),
(2775, 'Busangwa', 10, 0),
(2776, 'Idukilo', 10, 0),
(2777, 'Itilima', 10, 0),
(2778, 'Kiloleli', 10, 0),
(2779, 'Kishapu', 10, 0),
(2780, 'Lagana', 10, 0),
(2781, 'Maganzo', 10, 0),
(2782, 'Masanga', 10, 0),
(2783, 'Mwadui Lohumbo', 10, 0),
(2784, 'Mwakipoya', 10, 0),
(2785, 'Mwamalasa', 10, 0),
(2786, 'Mwamashele', 10, 0),
(2787, 'Mwataga', 10, 0),
(2788, 'Mwaweja', 10, 0),
(2789, 'Ngofila', 10, 0),
(2790, 'Seke Bugoro', 10, 0),
(2791, 'Shagihilu', 10, 0),
(2792, 'Somagedi', 10, 0),
(2793, 'Songwa', 10, 0),
(2794, 'Talaga', 10, 0),
(2795, 'Uchunga', 10, 0),
(2796, 'Ukenyenge', 10, 0),
(2797, 'Bulige', 10, 0),
(2798, 'Bulyan''hulu', 10, 0),
(2799, 'Busangi', 10, 0),
(2800, 'Chela', 10, 0),
(2801, 'Ikinda', 10, 0),
(2802, 'Isaka', 10, 0),
(2803, 'Jana', 10, 0),
(2804, 'Kashishi', 10, 0),
(2805, 'Lunguya', 10, 0),
(2806, 'Mega', 10, 0),
(2807, 'Mwakata', 10, 0),
(2808, 'Mwalugulu', 10, 0),
(2809, 'Mwanase', 10, 0),
(2810, 'Ngaya', 10, 0),
(2811, 'Ntobo', 10, 0),
(2812, 'Segese', 10, 0),
(2813, 'Shilela', 10, 0),
(2814, 'Bukene', 10, 0),
(2815, 'Didia', 10, 0),
(2816, 'Imesela', 10, 0),
(2817, 'Iselamagazi', 10, 0),
(2818, 'Itwangi', 10, 0),
(2819, 'llola', 10, 0),
(2820, 'Lyabukande', 10, 0),
(2821, 'Lyabusalu', 10, 0),
(2822, 'Lyamidati', 10, 0),
(2823, 'Masengwa', 10, 0),
(2824, 'Mwakitolyo', 10, 0),
(2825, 'Mwalukwa', 10, 0),
(2826, 'Mwantini', 10, 0),
(2827, 'Mwenge', 10, 0),
(2828, 'Nyamalogo', 10, 0),
(2829, 'Nyida', 10, 0),
(2830, 'Pandagichiza', 10, 0),
(2831, 'Puni', 10, 0),
(2832, 'Salawe', 10, 0),
(2833, 'Samuye', 10, 0),
(2834, 'Solwa', 10, 0),
(2835, 'Tinde', 10, 0),
(2836, 'Usanda', 10, 0),
(2837, 'Usule', 10, 0),
(2838, 'Chamaguha', 10, 0),
(2839, 'Chibe', 10, 0),
(2840, 'Ibadakuli', 10, 0),
(2841, 'Ibinzamata', 10, 0),
(2842, 'Kitangili', 10, 0),
(2843, 'Kolandoto', 10, 0),
(2844, 'Lubaga', 10, 0),
(2845, 'Masekelo', 10, 0),
(2846, 'Mwamalili', 10, 0),
(2847, 'Mwawaza', 10, 0),
(2848, 'Ndala', 10, 0),
(2849, 'Ndembezi', 10, 0),
(2850, 'Ngokolo', 10, 0),
(2851, 'Old Shinyanga', 10, 0),
(2852, 'Bukomela', 10, 0),
(2853, 'Bulungwa', 10, 0),
(2854, 'Chambo', 10, 0),
(2855, 'Chona', 10, 0),
(2856, 'Idahina', 10, 0),
(2857, 'Igunda', 10, 0),
(2858, 'Igwamanoni', 10, 0),
(2859, 'Kinamapula', 10, 0),
(2860, 'Kisuke', 10, 0),
(2861, 'Mapamba', 10, 0),
(2862, 'Mpunze', 10, 0),
(2863, 'Nyamilangano', 10, 0),
(2864, 'Nyankende', 10, 0),
(2865, 'Sabasabini', 10, 0),
(2866, 'Ubagwe', 10, 0),
(2867, 'Ukune', 10, 0),
(2868, 'Ulewe', 10, 0),
(2869, 'Ulowa', 10, 0),
(2870, 'Ushetu', 10, 0),
(2871, 'Uyogo', 10, 0),
(2872, 'Benemhi', 10, 0),
(2873, 'Dutwa', 10, 0),
(2874, 'Gambosi', 10, 0),
(2875, 'Gibishi', 10, 0),
(2876, 'Gilya', 10, 0),
(2877, 'Ihusi', 10, 0),
(2878, 'Ikungulyabashashi', 10, 0),
(2879, 'Itubukilo', 10, 0),
(2880, 'Kasoli', 10, 0),
(2881, 'Kilalo', 10, 0),
(2882, 'Masewa', 10, 0),
(2883, 'Mwadobana', 10, 0),
(2884, 'Mwasubuya', 10, 0),
(2885, 'Mwaubingi', 10, 0),
(2886, 'Mwaumatondo', 10, 0),
(2887, 'Ngulyati', 10, 0),
(2888, 'Nkindwabiye', 10, 0),
(2889, 'Nkololo', 10, 0),
(2890, 'Sakwe', 10, 0),
(2891, 'Sapiwi', 10, 0),
(2892, 'Bariadi', 10, 0),
(2893, 'Bunamhala', 10, 0),
(2894, 'Guduwi', 10, 0),
(2895, 'Mhango', 10, 0),
(2896, 'Nyakabindi', 10, 0),
(2897, 'Nyangokolwa', 10, 0),
(2898, 'Somanda', 10, 0),
(2899, 'Badugu', 10, 0),
(2900, 'Igalukilo', 10, 0),
(2901, 'Imalamate', 10, 0),
(2902, 'Kabita', 10, 0),
(2903, 'Kalemela', 10, 0),
(2904, 'Lamadi', 10, 0),
(2905, 'Lutubiga', 10, 0),
(2906, 'Malili', 10, 0),
(2907, 'Mwamanyili', 10, 0),
(2908, 'Ngasamo', 10, 0),
(2909, 'Nyaluhande', 10, 0),
(2910, 'Nyashimo', 10, 0),
(2911, 'Shigala', 10, 0),
(2912, 'Budalabujiga', 10, 0),
(2913, 'Chinamili', 10, 0),
(2914, 'Ikindilo', 10, 0),
(2915, 'Kinang''weli', 10, 0),
(2916, 'Lagangabilili', 10, 0),
(2917, 'Luguru', 10, 0),
(2918, 'Mbita', 10, 0),
(2919, 'Mhunze', 10, 0),
(2920, 'Migato', 10, 0),
(2921, 'Mwalushu', 10, 0),
(2922, 'Mwamapalala', 10, 0),
(2923, 'Mwamtani', 10, 0),
(2924, 'Mwaswale', 10, 0),
(2925, 'Ndolelezi', 10, 0),
(2926, 'Nhobora', 10, 0),
(2927, 'Nkoma', 10, 0),
(2928, 'Nyamalapa', 10, 0),
(2929, 'Sagata', 10, 0),
(2930, 'Sawida', 10, 0),
(2931, 'Zagayu', 10, 0),
(2932, 'Badi', 10, 0),
(2933, 'Binza', 10, 0),
(2934, 'Buchambi', 10, 0),
(2935, 'Budekwa', 10, 0),
(2936, 'Busilili', 10, 0),
(2937, 'Dakama', 10, 0),
(2938, 'Ipililo', 10, 0),
(2939, 'Jija', 10, 0),
(2940, 'Kadoto', 10, 0),
(2941, 'Kulimi', 10, 0),
(2942, 'Lalago', 10, 0),
(2943, 'Malampaka', 10, 0),
(2944, 'Masela', 10, 0),
(2945, 'Mataba', 10, 0),
(2946, 'Mbaragane', 10, 0),
(2947, 'Mpindo', 10, 0),
(2948, 'Mwabaratulu', 10, 0),
(2949, 'Mwabayanda', 10, 0),
(2950, 'Mwamanenge', 10, 0),
(2951, 'Mwamashimba', 10, 0),
(2952, 'Mwang''honoli', 10, 0),
(2953, 'Nguliguli', 10, 0),
(2954, 'Ng''wigwa', 10, 0),
(2955, 'Nyabubinza', 10, 0),
(2956, 'Nyalikungu', 10, 0),
(2957, 'Sangamwalugesha', 10, 0),
(2958, 'Senani', 10, 0),
(2959, 'Seng''wa', 10, 0),
(2960, 'Shanwa', 10, 0),
(2961, 'Shishiyu', 10, 0),
(2962, 'Sola', 10, 0),
(2963, 'Zanzui', 10, 0),
(2964, 'Bukundi', 10, 0),
(2965, 'Imalaseko', 10, 0),
(2966, 'Isengwa', 10, 0),
(2967, 'Itinje', 10, 0),
(2968, 'Kabondo', 10, 0),
(2969, 'Kimali', 10, 0),
(2970, 'Lingeka', 10, 0),
(2971, 'Lubiga', 10, 0),
(2972, 'Mbugayabanghya', 10, 0),
(2973, 'Mbushi', 10, 0),
(2974, 'Mwabuma', 10, 0),
(2975, 'Mwabusalu', 10, 0),
(2976, 'Mwabuzo', 10, 0),
(2977, 'Mwakisandu', 10, 0),
(2978, 'Mwamalole', 10, 0),
(2979, 'Mwamanimba', 10, 0),
(2980, 'Mwamanongu', 10, 0),
(2981, 'Mwamishali', 10, 0),
(2982, 'Mwandoya', 10, 0),
(2983, 'Mwangudo', 10, 0),
(2984, 'Mwanhuzi', 10, 0),
(2985, 'Mwanjolo', 10, 0),
(2986, 'Mwanyahina', 10, 0),
(2987, 'Mwasengela', 10, 0),
(2988, 'Ng''hoboko', 10, 0),
(2989, 'Sakasaka', 10, 0),
(2990, 'Tindabuligi', 10, 0),
(2991, 'Dung?unyi', 10, 0),
(2992, 'Ighombwe', 10, 0),
(2993, 'Iglansoni', 10, 0),
(2994, 'Ihanja', 10, 0),
(2995, 'Ikungi', 10, 0),
(2996, 'Irisya', 10, 0),
(2997, 'Isseke', 10, 0),
(2998, 'Issuna', 10, 0),
(2999, 'Kikio', 10, 0),
(3000, 'Lighwa', 10, 0),
(3001, 'Makilawa', 10, 0),
(3002, 'Makiungu', 10, 0),
(3003, 'Mang?onyi', 10, 0),
(3004, 'Mgungira', 10, 0),
(3005, 'Minyughe', 10, 0),
(3006, 'Misughaa', 10, 0),
(3007, 'Mkiwa', 10, 0),
(3008, 'Mtunduru', 10, 0),
(3009, 'Muhintiri', 10, 0),
(3010, 'Mungaa', 10, 0),
(3011, 'Mwaru', 10, 0),
(3012, 'Ntuntu', 10, 0),
(3013, 'Puma', 10, 0),
(3014, 'Sepuka', 10, 0),
(3015, 'Siuyu', 10, 0),
(3016, 'Unyahati', 10, 0),
(3017, 'Kaselya', 10, 0),
(3018, 'Kidaru', 10, 0),
(3019, 'Kinampanda', 10, 0),
(3020, 'Kiomboi', 10, 0),
(3021, 'Kisiriri', 10, 0),
(3022, 'Kyengege', 10, 0),
(3023, 'Mbelekese', 10, 0),
(3024, 'Mgongo', 10, 0),
(3025, 'Mtekente', 10, 0),
(3026, 'Mtoa', 10, 0),
(3027, 'Mukulu', 10, 0),
(3028, 'Ndago', 10, 0),
(3029, 'Ndulungu', 10, 0),
(3030, 'Ntwike', 10, 0),
(3031, 'Old-Kiomboi', 10, 0),
(3032, 'Shelui', 10, 0),
(3033, 'Tulya', 10, 0),
(3034, 'Ulemo', 10, 0),
(3035, 'Urughu', 10, 0),
(3036, 'Aghondi', 10, 0),
(3037, 'Idodyandole', 10, 0),
(3038, 'Itigi Majengo', 10, 0),
(3039, 'Itigi Mjini', 10, 0),
(3040, 'Kalangali', 10, 0),
(3041, 'Kitaraka', 10, 0),
(3042, 'Mgandu', 10, 0),
(3043, 'Mitundu', 10, 0),
(3044, 'Mwamagembe', 10, 0),
(3045, 'Rungwa', 10, 0),
(3046, 'Sanjaranda', 10, 0),
(3047, 'Chikuyu', 10, 0),
(3048, 'Heka', 10, 0),
(3049, 'Kintinku', 10, 0),
(3050, 'Majiri', 10, 0),
(3051, 'Makuru', 10, 0),
(3052, 'Manyoni', 10, 0),
(3053, 'Maweni', 10, 0),
(3054, 'Mkwese', 10, 0),
(3055, 'Muhalala', 10, 0),
(3056, 'Nkonko', 10, 0),
(3057, 'Sanza', 10, 0),
(3058, 'Saranda', 10, 0),
(3059, 'Sasajila', 10, 0),
(3060, 'Sasilo', 10, 0),
(3061, 'Solya', 10, 0),
(3062, 'Gumanga', 10, 0),
(3063, 'Ibaga', 10, 0),
(3064, 'Iguguno', 10, 0),
(3065, 'Ilunda', 10, 0),
(3066, 'Kikhonda', 10, 0),
(3067, 'Kinampundu', 10, 0),
(3068, 'Kinyangiri', 10, 0),
(3069, 'Miganga', 10, 0),
(3070, 'Mpambala', 10, 0),
(3071, 'Msingi', 10, 0),
(3072, 'Mwangeza', 10, 0),
(3073, 'Nduguti', 10, 0),
(3074, 'Nkalakala', 10, 0),
(3075, 'Nkinto', 10, 0),
(3076, 'Tumuli', 10, 0),
(3077, 'Ikhanoda', 10, 0),
(3078, 'Ilongero', 10, 0),
(3079, 'Itaja', 10, 0),
(3080, 'Kijota', 10, 0),
(3081, 'Kinyagigi', 10, 0),
(3082, 'Kinyeto', 10, 0),
(3083, 'Maghojoa', 10, 0),
(3084, 'Makuro', 10, 0),
(3085, 'Merya', 10, 0),
(3086, 'Mgori', 10, 0),
(3087, 'Mrama', 10, 0),
(3088, 'Msange', 10, 0),
(3089, 'Mtinko', 10, 0),
(3090, 'Mudida', 10, 0),
(3091, 'Mughamo', 10, 0),
(3092, 'Mughunga', 10, 0),
(3093, 'Mwasauya', 10, 0),
(3094, 'Ngimu', 10, 0),
(3095, 'Ntonge', 10, 0),
(3096, 'Ughandi', 10, 0),
(3097, 'Ipembe', 10, 0),
(3098, 'Kindai', 10, 0),
(3099, 'Mandewa', 10, 0),
(3100, 'Minga', 10, 0),
(3101, 'Misuna', 10, 0),
(3102, 'Mitunduruni', 10, 0),
(3103, 'Mtamaa', 10, 0),
(3104, 'Mtipa', 10, 0),
(3105, 'Mughanga', 10, 0),
(3106, 'Mungumaji', 10, 0),
(3107, 'Mwankoko', 10, 0),
(3108, 'Uhamaka', 10, 0),
(3109, 'Unyambwa', 10, 0),
(3110, 'Unyamikumbi', 10, 0),
(3111, 'Unyianga', 10, 0),
(3112, 'Utemini', 10, 0),
(3113, 'Bupigu', 10, 0),
(3114, 'Chitete', 10, 0),
(3115, 'Ibaba', 10, 0),
(3116, 'Ikinga', 10, 0),
(3117, 'Itale', 10, 0),
(3118, 'Itumba', 10, 0),
(3119, 'Kafule', 10, 0),
(3120, 'Kalembo', 10, 0),
(3121, 'Lubanda', 10, 0),
(3122, 'Luswisi', 10, 0),
(3123, 'Mbebe', 10, 0),
(3124, 'Mlale', 10, 0),
(3125, 'Ndola', 10, 0),
(3126, 'Ngulilo', 10, 0),
(3127, 'Ngulugulu', 10, 0),
(3128, 'Sange', 10, 0),
(3129, 'Bara', 10, 0),
(3130, 'Halungu', 10, 0),
(3131, 'Hasamba', 10, 0),
(3132, 'Hasanga', 10, 0),
(3133, 'Hezya', 10, 0),
(3134, 'Ichenjezya', 10, 0),
(3135, 'Idiwili', 10, 0),
(3136, 'Igamba', 10, 0),
(3137, 'Ilolo', 10, 0),
(3138, 'Ipunga', 10, 0),
(3139, 'Isansa', 10, 0),
(3140, 'Itaka', 10, 0),
(3141, 'Itumpi', 10, 0),
(3142, 'Iyula', 10, 0),
(3143, 'Kilimampimbi', 10, 0),
(3144, 'Mlowo', 10, 0),
(3145, 'Msia', 10, 0),
(3146, 'Myovizi', 10, 0),
(3147, 'Nambinzo', 10, 0),
(3148, 'Nanyala', 10, 0),
(3149, 'Nyimbili', 10, 0),
(3150, 'Shiwinga', 10, 0),
(3151, 'Vwawa', 10, 0),
(3152, 'Chilulumo', 10, 0),
(3153, 'Ikana', 10, 0),
(3154, 'Ivuna', 10, 0),
(3155, 'Kamsamba', 10, 0),
(3156, 'Kapele', 10, 0),
(3157, 'Mkomba', 10, 0),
(3158, 'Mkulwe', 10, 0),
(3159, 'Msangano', 10, 0),
(3160, 'Myunga', 10, 0),
(3161, 'Ndalambo', 10, 0),
(3162, 'Nkangamo', 10, 0),
(3163, 'Nzoka', 10, 0),
(3164, 'Chapwa', 10, 0),
(3165, 'Chipaka', 10, 0),
(3166, 'Chiwezi', 10, 0),
(3167, 'Maporomoko', 10, 0),
(3168, 'Mpande', 10, 0),
(3169, 'Mpemba', 10, 0),
(3170, 'Mwakakati', 10, 0),
(3171, 'Sogea', 10, 0),
(3172, 'Tunduma', 10, 0),
(3173, 'Uwanjani', 10, 0),
(3174, 'Bukoko', 10, 0),
(3175, 'Chabutwa', 10, 0),
(3176, 'Chomachankola', 10, 0),
(3177, 'Iborogelo', 10, 0),
(3178, 'Igoweko', 10, 0),
(3179, 'Igunga', 10, 0),
(3180, 'Igurubi', 10, 0),
(3181, 'Isakamaliwa', 10, 0),
(3182, 'Itunduru', 10, 0),
(3183, 'Kining''inila', 10, 0),
(3184, 'Kinungu', 10, 0),
(3185, 'Lugubu', 10, 0),
(3186, 'Mbutu', 10, 0),
(3187, 'Mwamakoma', 10, 0),
(3188, 'Mwamashiga', 10, 0),
(3189, 'Mwashikumbili', 10, 0),
(3190, 'Mwisi', 10, 0),
(3191, 'Nanga', 10, 0),
(3192, 'Ngulu', 10, 0),
(3193, 'Nguvumoja', 10, 0),
(3194, 'Nkinga', 10, 0),
(3195, 'Sungwizi', 10, 0),
(3196, 'Tambalale', 10, 0),
(3197, 'Ugaka', 10, 0),
(3198, 'Uswaya', 10, 0),
(3199, 'Ziba', 10, 0),
(3200, 'Ichemba', 10, 0),
(3201, 'Igagala', 10, 0),
(3202, 'Igombemkulu', 10, 0),
(3203, 'Igwisi', 10, 0),
(3204, 'Ilege', 10, 0),
(3205, 'Kaliua', 10, 0),
(3206, 'Kamsekwa', 10, 0),
(3207, 'Kanindo', 10, 0),
(3208, 'Kazaroho', 10, 0),
(3209, 'Kona nne', 10, 0),
(3210, 'Makingi', 10, 0),
(3211, 'Milambo', 10, 0),
(3212, 'Mwongozo', 10, 0),
(3213, 'Nhwande*', 10, 0),
(3214, 'Sasu', 10, 0),
(3215, 'Seleli', 10, 0),
(3216, 'Silambo', 10, 0),
(3217, 'Ufukutwa', 10, 0),
(3218, 'Ugunga', 10, 0),
(3219, 'Ukumbi Siganga', 10, 0),
(3220, 'Usenye', 10, 0),
(3221, 'Ushokola', 10, 0),
(3222, 'Usimba', 10, 0),
(3223, 'Usinge', 10, 0),
(3224, 'Uyowa', 10, 0),
(3225, 'Zugimlole', 10, 0),
(3226, 'Budushi', 10, 0),
(3227, 'Igusule', 10, 0),
(3228, 'Ikindwa', 10, 0),
(3229, 'Isagenhe', 10, 0),
(3230, 'Isanzu', 10, 0),
(3231, 'Itobo', 10, 0),
(3232, 'Kamanhalanga', 10, 0),
(3233, 'Karitu', 10, 0),
(3234, 'Kasela', 10, 0),
(3235, 'Lusu', 10, 0),
(3236, 'Magengati', 10, 0),
(3237, 'Mambali', 10, 0),
(3238, 'Mbagwa', 10, 0),
(3239, 'Milambo Itobo', 10, 0),
(3240, 'Mizibaziba', 10, 0),
(3241, 'Mogwa', 10, 0),
(3242, 'Muhugi', 10, 0),
(3243, 'Mwakashanhala', 10, 0),
(3244, 'Mwangoye', 10, 0),
(3245, 'Mwantundu', 10, 0),
(3246, 'Mwasala', 10, 0),
(3247, 'Nata', 10, 0),
(3248, 'Nkiniziwa', 10, 0),
(3249, 'Puge', 10, 0),
(3250, 'Semembela', 10, 0),
(3251, 'Shigamba', 10, 0),
(3252, 'Sigili', 10, 0),
(3253, 'Tongi', 10, 0),
(3254, 'Uduka', 10, 0),
(3255, 'Ugembe', 10, 0),
(3256, 'Utwigu', 10, 0),
(3257, 'Wela', 10, 0),
(3258, 'Ijanija', 10, 0),
(3259, 'Itilo', 10, 0),
(3260, 'Miguwa', 10, 0),
(3261, 'Mwanzoli', 10, 0),
(3262, 'Nzega Mjini Magharibi', 10, 0),
(3263, 'Nzega Mjini Mashariki', 10, 0),
(3264, 'Nzega Ndogo', 10, 0),
(3265, 'Uchama', 10, 0),
(3266, 'Igigwa', 10, 0),
(3267, 'Ipole', 10, 0),
(3268, 'Kiloli', 10, 0),
(3269, 'Kilumbi', 10, 0),
(3270, 'Kipanga', 10, 0),
(3271, 'Misheni', 10, 0),
(3272, 'Mkolye', 10, 0),
(3273, 'Mole', 10, 0),
(3274, 'Mpombwe', 10, 0),
(3275, 'Ngoywa', 10, 0),
(3276, 'Nyahua', 10, 0),
(3277, 'Pangale', 10, 0),
(3278, 'Sikonge', 10, 0),
(3279, 'Tutuo', 10, 0),
(3280, 'Usunga', 10, 0),
(3281, 'Cheyo', 10, 0),
(3282, 'Gongoni', 10, 0),
(3283, 'Ifucha', 10, 0),
(3284, 'Ikomwa', 10, 0),
(3285, 'Ipuli', 10, 0),
(3286, 'Isevya', 10, 0),
(3287, 'Itetemia', 10, 0),
(3288, 'Itonjanda', 10, 0),
(3289, 'Kakola', 10, 0),
(3290, 'Kalunde', 10, 0),
(3291, 'Kanyenye', 10, 0),
(3292, 'Kidongochekundu', 10, 0),
(3293, 'Kiloleni', 10, 0),
(3294, 'Mapambano', 10, 0),
(3295, 'Misha', 10, 0),
(3296, 'Mpela', 10, 0),
(3297, 'Mtenedeni', 10, 0),
(3298, 'Mwinyi', 10, 0),
(3299, 'Ndevelwa', 10, 0),
(3300, 'Ng''ambo', 10, 0),
(3301, 'Ntalikwa', 10, 0),
(3302, 'Tambuka-Reli', 10, 0),
(3303, 'Uyui', 10, 0),
(3304, 'Bukumbi', 10, 0),
(3305, 'Goweko', 10, 0),
(3306, 'Ibelamilundi', 10, 0),
(3307, 'Ibiri', 10, 0),
(3308, 'Igulungu', 10, 0),
(3309, 'Ikongolo', 10, 0),
(3310, 'Isikizya', 10, 0),
(3311, 'Isila', 10, 0),
(3312, 'Kalola', 10, 0),
(3313, 'Kigwa', 10, 0),
(3314, 'Kizengi', 10, 0),
(3315, 'Loya', 10, 0),
(3316, 'Lutende', 10, 0),
(3317, 'Mabama', 10, 0),
(3318, 'Magiri', 10, 0),
(3319, 'Makazi', 10, 0),
(3320, 'Miswaki', 10, 0),
(3321, 'Miyenze', 10, 0),
(3322, 'Mmale', 10, 0),
(3323, 'Ndono', 10, 0),
(3324, 'Nsololo', 10, 0),
(3325, 'Nzubuka', 10, 0),
(3326, 'Shitage', 10, 0),
(3327, 'Tura', 10, 0),
(3328, 'Ufuluma', 10, 0),
(3329, 'Upuge', 10, 0),
(3330, 'Usagari', 10, 0),
(3331, 'Imalamakoye', 10, 0),
(3332, 'Kapilula', 10, 0),
(3333, 'Kasisi', 10, 0),
(3334, 'Kiyungi', 10, 0),
(3335, 'Nsenda', 10, 0),
(3336, 'Ukondamoyo', 10, 0),
(3337, 'Urambo', 10, 0),
(3338, 'Usisya', 10, 0),
(3339, 'Ussoke', 10, 0),
(3340, 'Uyumbu', 10, 0),
(3341, 'Vumilia', 10, 0),
(3342, 'Baga', 10, 0),
(3343, 'Bumbuli', 10, 0),
(3344, 'Dule "B"', 10, 0),
(3345, 'Funta', 10, 0),
(3346, 'Kwemkomole', 10, 0),
(3347, 'Mahezangulu', 10, 0),
(3348, 'Mayo', 10, 0),
(3349, 'Mbuzii', 10, 0),
(3350, 'Mgwashi', 10, 0),
(3351, 'Milingano', 10, 0),
(3352, 'Mponde', 10, 0),
(3353, 'Nkongoi', 10, 0),
(3354, 'Soni', 10, 0),
(3355, 'Tamota', 10, 0),
(3356, 'Usambara', 10, 0),
(3357, 'Vuga', 10, 0),
(3358, 'Kabuku', 10, 0),
(3359, 'Kabuku ndani', 10, 0),
(3360, 'Kang''ata', 10, 0),
(3361, 'Kitumbi', 10, 0),
(3362, 'Kiva', 10, 0),
(3363, 'Komkonga', 10, 0),
(3364, 'Kwachaga', 10, 0),
(3365, 'Kwaluguru', 10, 0),
(3366, 'Kwamatuku', 10, 0),
(3367, 'kwamgwe', 10, 0),
(3368, 'Kwamsisi', 10, 0),
(3369, 'Kwankonje', 10, 0),
(3370, 'Kwasunga', 10, 0),
(3371, 'Kwedizinga', 10, 0),
(3372, 'Mazingara', 10, 0),
(3373, 'Mgambo', 10, 0),
(3374, 'Misima', 10, 0),
(3375, 'Mkata', 10, 0),
(3376, 'Ndolwa', 10, 0),
(3377, 'Segera', 10, 0),
(3378, 'Sindeni', 10, 0),
(3379, 'Kideleko', 10, 0),
(3380, 'Konje', 10, 0),
(3381, 'Kwamagome', 10, 0),
(3382, 'Kwediyamba', 10, 0),
(3383, 'Kwenjugo', 10, 0),
(3384, 'Mabanda', 10, 0),
(3385, 'Malezi', 10, 0),
(3386, 'Mdoe', 10, 0),
(3387, 'Msasa', 10, 0),
(3388, 'Vibaoni', 10, 0),
(3389, 'Bokwa', 10, 0),
(3390, 'Jaila', 10, 0),
(3391, 'Kibirashi', 10, 0),
(3392, 'Kikunde', 10, 0),
(3393, 'Kilindi', 10, 0),
(3394, 'Kilwa', 10, 0),
(3395, 'Kimbe', 10, 0),
(3396, 'Kisangasa', 10, 0),
(3397, 'Kwediboma', 10, 0),
(3398, 'Kwekivu', 10, 0),
(3399, 'Lwande', 10, 0),
(3400, 'Mabalanga', 10, 0),
(3401, 'Masagalu', 10, 0),
(3402, 'Mkindi', 10, 0),
(3403, 'Msanja', 10, 0),
(3404, 'Mvungwe', 10, 0),
(3405, 'Negero', 10, 0),
(3406, 'Pagwi', 10, 0),
(3407, 'Saunyi', 10, 0),
(3408, 'Songe', 10, 0),
(3409, 'Tunguli', 10, 0),
(3410, 'Chekelei', 10, 0),
(3411, 'Dindira', 10, 0),
(3412, 'Kerenge', 10, 0),
(3413, 'Kizara', 10, 0),
(3414, 'Kwagunda', 10, 0),
(3415, 'Kwashemshi', 10, 0),
(3416, 'Lutindi', 10, 0),
(3417, 'Magamba kwalukonge', 10, 0),
(3418, 'Magoma', 10, 0),
(3419, 'Mashewa', 10, 0),
(3420, 'Mazinde', 10, 0),
(3421, 'Mkalamo', 10, 0),
(3422, 'Mkomazi', 10, 0),
(3423, 'Mnyuzi', 10, 0),
(3424, 'Mombo', 10, 0),
(3425, 'Mpale', 10, 0),
(3426, 'Mswaha', 10, 0),
(3427, 'Vugiri', 10, 0),
(3428, 'Kilole', 10, 0),
(3429, 'Kwamndolwa', 10, 0),
(3430, 'Magunga', 10, 0),
(3431, 'Manundu', 10, 0),
(3432, 'Mgombezi', 10, 0),
(3433, 'Mtonga', 10, 0),
(3434, 'Old Korogwe', 10, 0),
(3435, 'Dule'' M''', 10, 0),
(3436, 'Gare', 10, 0),
(3437, 'Hemtoye', 10, 0),
(3438, 'Kwai', 10, 0),
(3439, 'Kwekanga', 10, 0),
(3440, 'Kwemashai', 10, 0),
(3441, 'Kwemshasha', 10, 0),
(3442, 'Lukozi', 10, 0),
(3443, 'Lunguza', 10, 0),
(3444, 'Lushoto', 10, 0),
(3445, 'Malibwi', 10, 0),
(3446, 'Malindi', 10, 0),
(3447, 'Manolo', 10, 0),
(3448, 'Mbaramo', 10, 0),
(3449, 'Mbaru', 10, 0),
(3450, 'Mbwei', 10, 0),
(3451, 'Migambo', 10, 0),
(3452, 'Mlalo', 10, 0),
(3453, 'Mlola', 10, 0),
(3454, 'Mnazi', 10, 0),
(3455, 'Mng''aro', 10, 0),
(3456, 'Mtae', 10, 0),
(3457, 'Mwangoi', 10, 0),
(3458, 'Ngulwi', 10, 0),
(3459, 'Ngwelo', 10, 0),
(3460, 'Rangwi', 10, 0),
(3461, 'Shagayu', 10, 0),
(3462, 'Shume', 10, 0),
(3463, 'Sunga', 10, 0),
(3464, 'Ubiri', 10, 0),
(3465, 'Bosha', 10, 0),
(3466, 'Bwiti', 10, 0),
(3467, 'Daluni', 10, 0),
(3468, 'Doda', 10, 0),
(3469, 'Duga', 10, 0),
(3470, 'Gombero', 10, 0),
(3471, 'Kigongoi Magharibi', 10, 0),
(3472, 'Kigongoi Mashariki', 10, 0),
(3473, 'Kwale', 10, 0),
(3474, 'Manza', 10, 0),
(3475, 'Mapatano', 10, 0),
(3476, 'Maramba', 10, 0),
(3477, 'Mayomboni', 10, 0),
(3478, 'Mhinduro', 10, 0),
(3479, 'Mnyenzani', 10, 0),
(3480, 'Moa', 10, 0),
(3481, 'Mtimbwani', 10, 0),
(3482, 'Mwakijembe', 10, 0),
(3483, 'Parungu Kasera', 10, 0),
(3484, 'Sigaya', 10, 0),
(3485, 'Amani', 10, 0),
(3486, 'Bwembwera', 10, 0),
(3487, 'Kicheba', 10, 0),
(3488, 'Kigombe', 10, 0),
(3489, 'Kilulu', 10, 0),
(3490, 'Kwabada', 10, 0),
(3491, 'Kwafungo', 10, 0),
(3492, 'Kwemingoji', 10, 0),
(3493, 'Kwezitu', 10, 0),
(3494, 'Lusanga', 10, 0),
(3495, 'Magila', 10, 0),
(3496, 'Magoroto', 10, 0),
(3497, 'Mbomole', 10, 0),
(3498, 'Mhamba', 10, 0),
(3499, 'Misalai', 10, 0),
(3500, 'Misozwe', 10, 0),
(3501, 'Mkuzi', 10, 0),
(3502, 'Mlingano', 10, 0),
(3503, 'Mpapayu', 10, 0),
(3504, 'Mtindiro', 10, 0),
(3505, 'Ngomeni', 10, 0),
(3506, 'Nkumba', 10, 0),
(3507, 'Pande Darajani', 10, 0),
(3508, 'Potwe', 10, 0),
(3509, 'Songa', 10, 0),
(3510, 'Tingeni', 10, 0),
(3511, 'Zirai', 10, 0),
(3512, 'Bushiri', 10, 0),
(3513, 'Bweni', 10, 0),
(3514, 'Kimang?a', 10, 0),
(3515, 'Kipumbwi', 10, 0),
(3516, 'Madanga', 10, 0),
(3517, 'Mikinguni', 10, 0),
(3518, 'Mkwaja', 10, 0),
(3519, 'Mwera', 10, 0),
(3520, 'Pangani Magharibi', 10, 0),
(3521, 'Pangani Mashariki', 10, 0),
(3522, 'Tungamaa', 10, 0),
(3523, 'Ubangaa', 10, 0),
(3524, 'Central', 10, 0),
(3525, 'Chongoleani', 10, 0),
(3526, 'Chumbageni', 10, 0),
(3527, 'Kiomoni', 10, 0),
(3528, 'Kirare', 10, 0),
(3529, 'Mabawa', 10, 0),
(3530, 'Mabokweni', 10, 0),
(3531, 'Magaoni', 10, 0),
(3532, 'Makorora', 10, 0),
(3533, 'Marungu', 10, 0),
(3534, 'Masiwani', 10, 0),
(3535, 'Mnyanjani', 10, 0),
(3536, 'Msambweni', 10, 0),
(3537, 'Mwanzage', 10, 0),
(3538, 'Mzingani', 10, 0),
(3539, 'Mzizima', 10, 0),
(3540, 'Ngamiani Kaskazini', 10, 0),
(3541, 'Ngamiani Kusini', 10, 0),
(3542, 'Nguvu mali', 10, 0),
(3543, 'Pongwe', 10, 0),
(3544, 'Tangasisi', 10, 0),
(3545, 'Tongoni', 10, 0);

-- --------------------------------------------------------

--
-- Table structure for table `zone`
--

CREATE TABLE `zone` (
  `id` int(11) NOT NULL,
  `name` varchar(255) NOT NULL,
  `description` text NOT NULL,
  `status` int(11) NOT NULL DEFAULT '1'
) ENGINE=InnoDB DEFAULT CHARSET=latin1 COMMENT='Zone';

--
-- Dumping data for table `zone`
--

INSERT INTO `zone` (`id`, `name`, `description`, `status`) VALUES
(1, 'North', 'Kaskazini', 1),
(2, 'East\r\n', 'East\r\n', 1),
(3, 'West\r\n', 'West\r\n', 1),
(4, 'South\r\n', 'South\r\n\r\n', 1),
(5, 'Upland\r\n', 'Upland\r\n\r\n', 1);

--
-- Indexes for dumped tables
--

--
-- Indexes for table `council`
--
ALTER TABLE `council`
  ADD PRIMARY KEY (`id`);

--
-- Indexes for table `level`
--
ALTER TABLE `level`
  ADD PRIMARY KEY (`id`);

--
-- Indexes for table `ownership`
--
ALTER TABLE `ownership`
  ADD PRIMARY KEY (`id`);

--
-- Indexes for table `region`
--
ALTER TABLE `region`
  ADD PRIMARY KEY (`id`);

--
-- Indexes for table `school`
--
ALTER TABLE `school`
  ADD PRIMARY KEY (`id`);

--
-- Indexes for table `ward`
--
ALTER TABLE `ward`
  ADD PRIMARY KEY (`id`);

--
-- Indexes for table `zone`
--
ALTER TABLE `zone`
  ADD PRIMARY KEY (`id`);

--
-- AUTO_INCREMENT for dumped tables
--

--
-- AUTO_INCREMENT for table `council`
--
ALTER TABLE `council`
  MODIFY `id` int(11) NOT NULL AUTO_INCREMENT, AUTO_INCREMENT=182;
--
-- AUTO_INCREMENT for table `level`
--
ALTER TABLE `level`
  MODIFY `id` int(11) NOT NULL AUTO_INCREMENT, AUTO_INCREMENT=3;
--
-- AUTO_INCREMENT for table `ownership`
--
ALTER TABLE `ownership`
  MODIFY `id` int(11) NOT NULL AUTO_INCREMENT, AUTO_INCREMENT=3;
--
-- AUTO_INCREMENT for table `region`
--
ALTER TABLE `region`
  MODIFY `id` int(11) NOT NULL AUTO_INCREMENT, AUTO_INCREMENT=27;
--
-- AUTO_INCREMENT for table `school`
--
ALTER TABLE `school`
  MODIFY `id` int(11) NOT NULL AUTO_INCREMENT, AUTO_INCREMENT=5415;
--
-- AUTO_INCREMENT for table `ward`
--
ALTER TABLE `ward`
  MODIFY `id` int(11) NOT NULL AUTO_INCREMENT, AUTO_INCREMENT=3546;
--
-- AUTO_INCREMENT for table `zone`
--
ALTER TABLE `zone`
  MODIFY `id` int(11) NOT NULL AUTO_INCREMENT, AUTO_INCREMENT=6;
/*!40101 SET CHARACTER_SET_CLIENT=@OLD_CHARACTER_SET_CLIENT */;
/*!40101 SET CHARACTER_SET_RESULTS=@OLD_CHARACTER_SET_RESULTS */;
/*!40101 SET COLLATION_CONNECTION=@OLD_COLLATION_CONNECTION */;
